cell_id,mouse_id,n_roi,original_record_count,height,width,overlap_pixels_preserved,n_branch_territories,mat_sha256,npz_sha256
20210805A07_1,M01,197,202,540,512,6,3,21e515578d8da0b4be756e54e45736f806e4eb40d1eff41367bc0c7dd596edb7,67531632267821aef487fabda60235c3df13b39dd2dacf2a9c4dd2968943afb3
20211022A04_1,M01,293,296,530,512,15,4,85b80203fc313e31b455c2b6990e752f683c866c031c35819746d94c3513979d,e4c73be3a5172f63daaf40ad9267769674e207bb5dd1a8b2d864a9f06d854db8
20211029A07_1,M02,296,297,530,512,24,3,a1ef3e3be30fa8dcb0a767a8399e42d0ebbc5a05164287e6dfb6ecdf7da89459,d1104ed8d8c73489be7b730f24d88c3e5c70a6b15d14c66993b156190fafcbbe
20211030A04_1,M02,116,121,540,512,0,3,3eab2b0d8909264a501a932ef664c11b0d5d02c7147a42bab4d0f338bd296032,ee0ffbb104b00b652da04ac55a985b488d45474442f2a82e3295536f842e8613
20211102A04_1,M03,252,254,540,512,46,3,45566a3ea54d870065c939930f717c47d3ff9350eb1c7a95a26d12246f3766e5,dd1924b9eab383d17c46affa5322f56d23b1bb1b0c9c053e8613b15ee69ae4cf
20211102A06_1,M03,235,242,540,512,124,4,ed20a03b77f4fee1ece95e8571a97812c017fca11bb43e55e3bb866d011513ad,ad2f80087e825b103d05f1817f552e34d1a04f60e1af539de20d3ff3c90510e5
20211102A11_1,M03,226,226,540,512,0,3,1961a8dd0553409404b64557d442c1aa1add29201481539b2b2f1e10453e5391,2f2b6c22f2c6fb566ffab261808e36037f6becd85683f1cd32cbf670874f7156
20211102A12_1,M03,292,292,540,512,0,3,6ac07469c2926d973b36ab28892bb6d496f4c5099a9da4c8734cde30b36a47a7,8d0f1930996561b2d63e9e224f5d04c9b29d4fe6aed0046208052e3f074f1bd4
20211106A01_1,M04,199,204,540,512,4,5,6c386ecedd12d9b6ce03dcbe2223c716ca5c0e13d6f06b19491a8fb0430c9f60,f3beb8cd589c3664ec22b5dbc796dbaee9d1084e6e139fc1802b4bdd360dac3d
20211106A07_1,M04,368,370,540,512,36,3,fdd49054cc948d0f64947da327726931936c7e54ded82bcb18d73647a7d3469d,45f0ab8413abeb502635b7504923d7fb8afab41ceb3e40f680d3f46cb482c65c
20211106A09_1,M04,239,255,540,512,207,4,b80f3644b5d4ddce1a247903135d00ed50a1079c4fbba455848f59f736422baa,0e9ff40ca6ba67447016eabfa79a158b1e33b75d78767ec8f276f09fb5b9e64e
20211109A07_1,M05,192,196,540,512,0,3,7ea961c4eb5acd80bbf68886d6de54d27bba79dee5cb5695db84a8cdbc736649,71aba69958f0e975deb1e088e16dd11afde7eb5783033dd6e4210e33dde731ae
20220412A06_1,M05,331,336,540,512,207,5,48510e45a280f439e282aa797b5c39819d91b35804f5ecc462c7f04698a48740,2151aaa4d087dd11f2a0eebd90bd6d0e6658047050245705b500bbc9b767bd21
