cell_id,branch_file,source_sha256,mask_type
20210805A07_1,1.mat,829e76bb8ff6d1f55a2a192fdebb7f2384552b2e84af749d039cffecc52f67f3,manualMask of assigned primary-branch territory; not an exclusion mask for soma/process/endfoot
20210805A07_1,2.mat,97e51387f15cb7aa4504882a4b7e58101f9ffaad53272cd4919deb792a123da0,manualMask of assigned primary-branch territory; not an exclusion mask for soma/process/endfoot
20210805A07_1,3.mat,2e131f43716357e8805bfaff90d5cf9f2414a0509006e4951b1d7dee8c922152,manualMask of assigned primary-branch territory; not an exclusion mask for soma/process/endfoot
20211022A04_1,1.mat,d29ee98f0a09b2d90d560e112eca19f0680b0a452a40bd735a0e7b4c06135993,manualMask of assigned primary-branch territory; not an exclusion mask for soma/process/endfoot
20211022A04_1,2.mat,05d631936468f3ff1c30003de23cff462b588c888525b07adc9fa10e344f3c66,manualMask of assigned primary-branch territory; not an exclusion mask for soma/process/endfoot
20211022A04_1,3.mat,af25bb8bd2bd93f12ee50e87649315de5b745095406001f7480722b02f030a8a,manualMask of assigned primary-branch territory; not an exclusion mask for soma/process/endfoot
20211022A04_1,4.mat,918021ecc8a15f404e3fad2330469ffb8b533682b5747b25384d968841d54c8c,manualMask of assigned primary-branch territory; not an exclusion mask for soma/process/endfoot
20211029A07_1,1.mat,e01f9b9688e70f319e7aca44f5a5ddfe29ad2dc47dad0b62801473e0af74bf51,manualMask of assigned primary-branch territory; not an exclusion mask for soma/process/endfoot
20211029A07_1,2.mat,a21f9c5c9ced516c8e9b2a1000475b65d335bf2b8191dc2f6c57b0880284e814,manualMask of assigned primary-branch territory; not an exclusion mask for soma/process/endfoot
20211029A07_1,3.mat,0fde2b72084f591c701c9666d04e9a4b89e55a7490381165e47d3b01eec6d093,manualMask of assigned primary-branch territory; not an exclusion mask for soma/process/endfoot
20211030A04_1,1.mat,c32b103607d8eda2551a6c573bbf6be79e37ce06703a150f1b54b3d7b540c22f,manualMask of assigned primary-branch territory; not an exclusion mask for soma/process/endfoot
20211030A04_1,2.mat,4cc7dff3d238a386a5a45dfeb65386d2dc792eb9c40c1da089c9284ef71cfcc6,manualMask of assigned primary-branch territory; not an exclusion mask for soma/process/endfoot
20211030A04_1,3.mat,571ea295254923a5a2280ccad9e140946405e7ca208acfdd2f96755c7d31abf5,manualMask of assigned primary-branch territory; not an exclusion mask for soma/process/endfoot
20211102A04_1,1.mat,d951cee99978c2e75ec895f62ca66ba2e577c3bfc277e384828aa92b4c4a2b3e,manualMask of assigned primary-branch territory; not an exclusion mask for soma/process/endfoot
20211102A04_1,2.mat,39d72bcf3a55dcf7a1235b1a7a9cd040994b3deb7f680b114a7a3fa091202faf,manualMask of assigned primary-branch territory; not an exclusion mask for soma/process/endfoot
20211102A04_1,3.mat,c5bf209c948eaef63e0f83d2cc5058d034a29745c566e135475c5df0f1a44fa9,manualMask of assigned primary-branch territory; not an exclusion mask for soma/process/endfoot
20211102A06_1,1.mat,66180c2209391c4e546e6fdc1427d952e09f4a0174650cbc19cc6183afc1e6f6,manualMask of assigned primary-branch territory; not an exclusion mask for soma/process/endfoot
20211102A06_1,2.mat,1b6686b1c08cb4192c52c8ddd3e4011d699b6198e7f38e25ee88c428e6900549,manualMask of assigned primary-branch territory; not an exclusion mask for soma/process/endfoot
20211102A06_1,3.mat,8fc76ceb30ceaa5ec575eb214b8b55ed95e6df60a2c9134156a73abec3ee84d0,manualMask of assigned primary-branch territory; not an exclusion mask for soma/process/endfoot
20211102A06_1,4.mat,5f1b5ef3ad089ac73ba8e2c993f2fff725cd4d414324e63fd4d376ebe6958f0c,manualMask of assigned primary-branch territory; not an exclusion mask for soma/process/endfoot
20211102A11_1,1.mat,7b97b07b807a42eeacb05ad64bc16b2b958f3e34d55d4a8a05cc91db7531f518,manualMask of assigned primary-branch territory; not an exclusion mask for soma/process/endfoot
20211102A11_1,2.mat,3ac90197fbb9cb94f461b9ad03a778e4bd8c91380408f920ea4909869b34f2a5,manualMask of assigned primary-branch territory; not an exclusion mask for soma/process/endfoot
20211102A11_1,3.mat,24f1e2342bdc42ca325f2ada3f1c8393af62200d9380529ba8c068e27583e9ce,manualMask of assigned primary-branch territory; not an exclusion mask for soma/process/endfoot
20211102A12_1,1.mat,555d2c3cc77ead6227af176a37d1ad9512df01b7278ad10abd23b15f57adcd7c,manualMask of assigned primary-branch territory; not an exclusion mask for soma/process/endfoot
20211102A12_1,2.mat,c8e0dfc49716333d50bd9738cde050472c89b0fd2079c6cba46cccd6835ec614,manualMask of assigned primary-branch territory; not an exclusion mask for soma/process/endfoot
20211102A12_1,3.mat,83e7c16168a43c16222f85d3bd3d3867aa7d5753c93a58f70d82faba4eb53636,manualMask of assigned primary-branch territory; not an exclusion mask for soma/process/endfoot
20211106A01_1,1.mat,60a784032b4657d3a7304dd9ecd9674ac990bd96120ce92ed56c8fd426b2a4c4,manualMask of assigned primary-branch territory; not an exclusion mask for soma/process/endfoot
20211106A01_1,2.mat,1903926a5051611b2ff8d982acd31976ce67facab3f046c9f3be9136ceccaea4,manualMask of assigned primary-branch territory; not an exclusion mask for soma/process/endfoot
20211106A01_1,3.mat,76feeb4a9639206d2ae9aa9d9c662a17938b6ea9cf648e9603c4066d02695fc6,manualMask of assigned primary-branch territory; not an exclusion mask for soma/process/endfoot
20211106A01_1,4.mat,2b948d6b161fbb70422d886361c7febc9c85eafe39e5847dc3caad3a76939661,manualMask of assigned primary-branch territory; not an exclusion mask for soma/process/endfoot
20211106A01_1,5.mat,d34ec67236f6272a4064f2709f75cca64b1c1bb18052550f50b476fd477a7360,manualMask of assigned primary-branch territory; not an exclusion mask for soma/process/endfoot
20211106A07_1,1.mat,b9f755d98a28113671071ec6c112c70bdbcf50d7bd9fcad7d7792732949eea0a,manualMask of assigned primary-branch territory; not an exclusion mask for soma/process/endfoot
20211106A07_1,2.mat,a2a56aed6a1d37f6f14a01dfb7105be3a595a308437e55f1c944984ce4c19c2f,manualMask of assigned primary-branch territory; not an exclusion mask for soma/process/endfoot
20211106A07_1,3.mat,c50b97d41d36dcf86ea21502af7d735630cb747132c9ade05a54742001e138ef,manualMask of assigned primary-branch territory; not an exclusion mask for soma/process/endfoot
20211106A09_1,1.mat,14fbf2aae5697ded60a4c9eaf443d05b59d3a7fa6d40686fe55c32d5ef746c6a,manualMask of assigned primary-branch territory; not an exclusion mask for soma/process/endfoot
20211106A09_1,2.mat,a2dcc9e847f1bab8ea0105518c748dce9f4084a7a91f1518b16fc436a40b1870,manualMask of assigned primary-branch territory; not an exclusion mask for soma/process/endfoot
20211106A09_1,3.mat,cca8cf5900535bfa55804d200c6a55d143aa4abad2b679b5c86c1d6490e6caf4,manualMask of assigned primary-branch territory; not an exclusion mask for soma/process/endfoot
20211106A09_1,4.mat,bf793918cc6e734185407dec0d4088461d855f0767dc5139993bfc9ac13dc071,manualMask of assigned primary-branch territory; not an exclusion mask for soma/process/endfoot
20211109A07_1,1.mat,0a9a3d4c02d1b09e125a70c16985ec8a84f77e5804488e0fbb21afdc96ff8f8d,manualMask of assigned primary-branch territory; not an exclusion mask for soma/process/endfoot
20211109A07_1,2.mat,5835602bab006258a03193639b7d0342fc40cfc47cd0c426eac8f9e1974db415,manualMask of assigned primary-branch territory; not an exclusion mask for soma/process/endfoot
20211109A07_1,3.mat,1e066190a95ab965284bea0a440f99591619490cd7763a5d6c67faec192a2a3b,manualMask of assigned primary-branch territory; not an exclusion mask for soma/process/endfoot
20220412A06_1,1.mat,0c6ea56c33c3a2bf1d4bda62b7fd29bd21a8c1884b27981101df327ad5b65c84,manualMask of assigned primary-branch territory; not an exclusion mask for soma/process/endfoot
20220412A06_1,2.mat,b635c55c830249f2a2ea3d6838b69360e5880f67e19814d6c80fe8905bc00e88,manualMask of assigned primary-branch territory; not an exclusion mask for soma/process/endfoot
20220412A06_1,3.mat,fc4eb66583e92a0d7ee2a0f2e6df55b6fb378b79ba9ca2529f13a6fff491c604,manualMask of assigned primary-branch territory; not an exclusion mask for soma/process/endfoot
20220412A06_1,4.mat,35a2e737ece9683ee36707c8a07cd9695eabb965517c9a65b9ab207627cde770,manualMask of assigned primary-branch territory; not an exclusion mask for soma/process/endfoot
20220412A06_1,5.mat,54469383f77661b3046ecdadb9c836fb05f2bf39fabc5409affbe8ad7625acb7,manualMask of assigned primary-branch territory; not an exclusion mask for soma/process/endfoot
