input,generator_seed,input_sha256,N,C,C_before_gate,gate_p,gate_accept,all_searches_converged,starts
NULL0001,1168352373,53c3bfe253fcc25a401e88d8012743306cb7c271efd956177520b0481c740a6f,100,0,28,0.43,False,True,1041
NULL0002,205960068,e98480321031049660081b25e2c6f6297df8e47b7aeab8c8b796c1b9ed8cd58b,100,0,28,0.358,False,True,1041
NULL0003,3573361465,a8bb5ea2df3545f6a37d95a14816370e4aec7b83aba82267ea08dec166de1a2e,100,0,28,0.084,False,True,1041
NULL0004,1735227601,6fca76e0c091b24491a013072c32e768782c76305abe812fae697d965a48c498,100,0,28,0.7,False,True,1041
NULL0005,572446485,c18b174779cc61d51d2bfe5edead65122789975c8f18fc73a01732caa8c29504,100,0,28,0.41,False,True,1041
NULL0006,1903791116,b080950b10a61d5b7b15d24cf02892cf4437392122e2a39fbb327a7a961a25e6,100,0,28,0.206,False,True,1041
NULL0007,2384425100,62dd6a0636d740dd2dbbecea4bcd45bdde1730e31633d4b4fda8fd95e0998757,100,0,28,0.878,False,True,1041
NULL0008,1008120724,109c876077c504a764e6f12e157ef8fb647c8b095b08b9951e94e6926075d732,100,0,28,0.068,False,True,1041
NULL0009,2696477651,0c4ee811bc48ea5cca62f56da97240ddf19c8693ff3a5279d7e44363e0bf7566,100,28,28,0.046,True,True,1041
NULL0010,1411362326,f3b5b8232b3aee0b05ccae65966b202ee8713e425cb9e654e0e03f3331494207,100,0,28,0.1,False,True,1041
NULL0011,1030602984,b1b4fdd04bf66bb88cd8a71eac396c57b7196b5e94ef010890a5e571118d32c3,100,0,28,0.986,False,True,1041
NULL0012,1796263631,d181cadf9a325f5ea961c3f86927f2a013f3b80c90536c7304cff1b22cbd84e1,100,0,28,0.652,False,True,1041
NULL0013,3644234954,a1868006d078c657b761fd80c5b19be3a7e423b0236f9a77a34b66167e2ed72f,100,0,28,0.13,False,True,1041
NULL0014,196668672,337eac2a0b037ab6de51233968a0c372a92ed4db9110a2e326400e6e08ba1b0c,100,0,28,0.19,False,True,1041
NULL0015,1643656463,be94446f20167deb9e70d619bcc4b52bce5084941817eb947b44c1b36604c62a,100,0,28,0.808,False,True,1041
NULL0016,3133492167,d8e0e336c2a984956605e7a396728b0b2488ef09bf2d498ecaeff28ebfa71181,100,0,28,0.364,False,True,1041
NULL0017,3818191045,15d45fbcd3910bac3db27473f5ef1a8f144e078402059a2a08e6a01ccc3145e6,100,0,28,0.374,False,True,1041
NULL0018,1048050637,4d00243d09d7623edee9df46d230f8cd5efc1e04ca43d163bf7f3c17650a9f75,100,0,28,0.752,False,True,1041
NULL0019,3466940020,e3ff833e0e85c18efcd145f8710f170185beae9b97490c3d964510f666b53683,100,0,28,0.692,False,True,1041
NULL0020,3292148303,18a67e75dd400027ea007ba6ff37b6559e1f0613efe4f1c81f1d024337ed3618,100,0,28,0.756,False,True,1041
NULL0021,1979715866,5827b4392938863da1a03321552c443dafd1edaeacba712b322272b9fcb8c56d,100,0,28,0.698,False,True,1041
NULL0022,1069650548,95002ad4b056d01b559fb9249f3f3500558aa9802396f46974739cbdd81e3ca3,100,0,28,0.654,False,True,1041
NULL0023,3981665623,11eb6aec863e7e6382039681d545d8cc0ff2acd5fc8c2d37e9f93ae4678e52ca,100,0,28,0.832,False,True,1041
NULL0024,3240175226,7e63da124216578dba375427503a38b922e0f7f762a051f7eb11b38e05b20d4c,100,0,28,0.924,False,True,1041
NULL0025,2821746896,3038d8a38ce8bed16e1ae01340ad586845bbef6ab1e84acc52db1a94d18656af,100,0,28,0.158,False,True,1041
NULL0026,1353697767,d3c4534f254af3990e923519ba6347a66d26f3d36b3d0bb3dfe2635987803c27,100,0,28,0.622,False,True,1041
NULL0027,1564311482,15e286ea31e4d0c82cefe1889145c5a39bd53324314d9112cb44d3890280a4b6,100,0,28,0.448,False,True,1041
NULL0028,1485218965,cc00183c59c7a03ac566ba48c0d48439d6b1531c798ba652fde7ea0ae42c2286,100,0,28,0.164,False,True,1041
NULL0029,3150379760,9c1f8ff1ac22e52061b702ec809e0524c9466617dfd3d6c69dcec2bf99c0962b,100,28,28,0.028,True,True,1041
NULL0030,2159063235,f6d405be3e703fa90e66a4ad8e0dfe510d4cb77827f034b396a08d97b64902da,100,0,28,0.174,False,True,1041
NULL0031,1989744029,73447a20b80feff2be99a790d3ec3c2362bb664d7b01bb13bdcee7e3919b207f,100,0,28,0.484,False,True,1041
NULL0032,3864772365,2ba475da92f096b0eb954258602f8b5e8a9fb9e2adccd1ebe987393ea6d7ee3e,100,28,28,0.004,True,True,1041
NULL0033,1179633036,d0b62b80ba242c3e9780aef58bc8b7190dbda199cab56e39eb95659c62bdce0a,100,0,28,0.894,False,True,1041
NULL0034,1683101254,2e5659d8ceaca8dcfd6c94d0356e818a6cf63f9dd8f38fa5662ccd2fad2b1b21,100,0,28,0.88,False,True,1041
NULL0035,3951637923,c3e1c8ab556a838680ab4b7f4f9b713f37f4c77c926793e14d43eabcc3c04436,100,0,28,0.548,False,True,1041
NULL0036,3065658717,3241ce50ff2231062ad06ab6ca62506a700342301d46dcf59ff6e7539afd9f8e,100,0,28,0.658,False,True,1041
NULL0037,2148070658,57b716ed3ce1f7c22c4d2323056d64f115c26a63a9158a9ddda321d56f7c88ae,100,0,28,0.346,False,True,1041
NULL0038,3872928873,618d9e0c3ced1cb25e9f6d1064ec7d791412f5f15beab9da6325d21d2ef519e7,100,0,28,0.652,False,True,1041
NULL0039,2233625586,b055d1b9c1acb89b02f38fffc65ba81b7815a1c6352163a4421fbee638d9a4b1,100,0,28,0.108,False,True,1041
NULL0040,1375668600,60c5534f81f53c6c1249c3b41559b3af4c2299aa9c116dc854313fa0e6696b5d,100,0,28,0.548,False,True,1041
NULL0041,1889657846,e0fddcb2771bd92a0d4f859815d2372141e62a99fbe42284c3b822b38750c88a,100,0,28,0.938,False,True,1041
NULL0042,3872659663,3ac907854fe9b389689a13e9b0356cc4706bb1110030f9f29ae85cd2fbe492a6,100,28,28,0.042,True,True,1041
NULL0043,815120242,9fd85af2d0f1bf8cbc1b06c52212bd26a666d0f9958a294b2fa08a9be3590f47,100,0,28,0.928,False,True,1041
NULL0044,2774622788,6128d5aee3dc8d7c2e286cb2e1098ffe792242ee96a97e26b078ff40198a1d2a,100,0,28,0.202,False,True,1041
NULL0045,2577669067,bea1e3adfd08bd7847befe5018cd8ef58d324ae36f94d763467bd97714016fd4,100,0,28,0.564,False,True,1041
NULL0046,1477290613,08fc119a1e5fb1f87472ea3d68b4d716856e635c79e2a45eb418489d6be1131d,100,0,28,0.97,False,True,1041
NULL0047,3743667615,6c1db9c69f5c1d6d2e9ef3db5efe9bd7c3edd2532c3e4b9b466f738733992cd4,100,0,28,0.748,False,True,1041
NULL0048,4280721772,62e8bdb3928084d6573507fe3e8264904372276187f36a6f9e05660fbbe57377,100,0,28,0.18,False,True,1041
NULL0049,3386165625,4cdde038fe059c8adbd21b04eea138fd50bb634cba2f479d38e36816430bd759,100,0,28,0.084,False,True,1041
NULL0050,3490059656,dd54109bbf5cbc9df5989d01c4b559b1e1b32afff606c0848f3e6ff5293788cc,100,0,28,0.754,False,True,1041
NULL0051,969959577,b4742434a237b837599650c2eafbafa03b10a164f159332c8d6b0c57444b74b7,100,0,28,0.158,False,True,1041
NULL0052,2420202609,590b7b06c75577960a5f5e16748e33282614cbdd567a455afa28bd6575f4c7c0,100,0,28,0.182,False,True,1041
NULL0053,1840718806,e7a6cd5221b6e7a28537810cbbad40ee492354c8534493449fea1ecf7ca6724f,100,0,28,0.12,False,True,1041
NULL0054,1260522691,8a8235c3905ded9b6ca98b38a0e648c3358ddfa972e6f30e4cf82a853c0484ff,100,0,28,0.078,False,True,1041
NULL0055,3095598232,f92cdd75f2382bce4ac09f0a637cddc068f49677ce563ba83f6e72f921157d2f,100,0,28,0.47,False,True,1041
NULL0056,649395696,d8655bad9978d09334b1a56e25fb1c7969d793b4c5fef4fb9ebcd3548f009bdd,100,0,28,0.386,False,True,1041
NULL0057,1402460863,36b71ef62c6101cb0adce7ea790f0a81ff40ee85fe0ffc4e765ba42159822061,100,28,28,0.014,True,True,1041
NULL0058,3115042981,1b07823771e7d5d4facdc58418207d9dcaf366d91cbcab06a74e390f0f7ac670,100,0,28,0.75,False,True,1041
NULL0059,882601884,e1d8efbff877d136e4bc07335127d04505baa5d8ee72d63cda7f85edc96826e7,100,0,28,0.834,False,True,1041
NULL0060,406461356,9364491a21800152f6cd9afec583f3e365e5c3770b601ecf8b45af9bbe2457b2,100,0,28,0.134,False,True,1041
NULL0061,1243450815,8dc5193ce64e3e2ed02db93c2fe70a70daed2fde4f6978694275a95b76011811,100,0,28,0.354,False,True,1041
NULL0062,3865417027,e5725fcb059eea7cb0794ce8b3af7a99e5f0c52f67a2db689c418d377a8f12c5,100,0,28,0.906,False,True,1041
NULL0063,2369382056,a584209d43deadcac30a9403d39ff17a987ead6a6218472e919cd70187401ddf,100,0,28,0.586,False,True,1041
NULL0064,1078631255,e989174ac425dcfab59214d946ca0808cc62933bb95795fae340d5ee4f78a309,100,0,28,0.786,False,True,1041
NULL0065,2981312844,dfa119cd634d19347e2c38bea73abfc350f9f67184b99c94c95e54f8a6bc42a2,100,0,28,0.092,False,True,1041
NULL0066,3284247312,aa8a0956a836434974ffb651983059e5ca2b3c664407e52464a1653bf73d4865,100,0,28,0.236,False,True,1041
NULL0067,2568473992,2e8e152580e11e716dd8adda2b3ba4139f4ebde98a9de927976e8bea6d9c7752,100,0,28,0.132,False,True,1041
NULL0068,1610506370,58ebf8752824b547ea1c1bd1ea695825655885d9a697d37881f364c389773da7,100,0,28,0.584,False,True,1041
NULL0069,714132625,903476dd64605d426f03ce7d7cafd0402963e1a7053731e0d929549a49ed6721,100,0,28,0.658,False,True,1041
NULL0070,3606140524,1779b35145db4c94533e529d2d365919de81f28b1cd3953642108f7cd3097a30,100,0,28,0.19,False,True,1041
NULL0071,1222967315,d38b08afd9f72448548ee52213f2c71da73cb9189afbdbaeb8fcac652773595e,100,0,28,0.626,False,True,1041
NULL0072,469341644,2045b1f5319b50ce8d5f0e9d7e6dfd441e88cb113a813bfe745450e23d49f824,100,0,28,0.184,False,True,1041
NULL0073,68669830,ac081a75c67377f681f600b6b0fb0a23fc7197ff0dd6b01664a41bf7581cbcd2,100,0,28,0.184,False,True,1041
NULL0074,4196252699,c30b0e17d0f02ab9b4958652e16ccaa936f46168da224c6323b3097a46ffd04b,100,0,28,0.33,False,True,1041
NULL0075,3200003633,2b6624a6e2de2cc8820dcff8a29ec982c565cbfc8dff9f28dc022a68a9378975,100,0,28,0.724,False,True,1041
NULL0076,3985561757,d7070ae25006d75a760f0df60bc16b41d32ed0f9416ba738e263197eeeeb2852,100,0,28,0.052,False,True,1041
NULL0077,1574396092,0c66b1371160c18662e1fc82e78db20df5ed47ddef2ba52845a669e3450c3120,100,0,28,0.096,False,True,1041
NULL0078,885397745,33e0226c26756cb13241968b045370ceb5feb243e7cdb91856707d36de8bc644,100,0,28,0.928,False,True,1041
NULL0079,2166953022,cfeeed01d7574011d61a7b549f1085ac9548e00ed250faf4ea57b6e52f4e2945,100,0,28,0.7,False,True,1041
NULL0080,3047111838,ea500a9163d58d3fb3aa3c9ebf2cdf04d0d3c987857d5ecd93fa919f14936e26,100,0,28,0.298,False,True,1041
NULL0081,3503401696,6a5bc7a9ecc5e76093b1451b4accdeda5abe22742f77d6c24cff803dbac092ce,100,0,28,0.592,False,True,1041
NULL0082,4034433908,d244b424a2f265dacf2289408d933b47ec7816da91b01f469f926586dccf432e,100,0,28,0.806,False,True,1041
NULL0083,553584121,d42d3e98e058a6c44369e6272ce958857e00aa44d2b977cefcf2dedb8f5405ab,100,0,28,0.87,False,True,1041
NULL0084,2663748329,49a8e355c7de9aae2f88914bfb6478c7ff0ed6221906f325d5228663ec66d484,100,0,28,0.712,False,True,1041
NULL0085,644750184,e726a61509a7def108638530ad5028a70eb91ef6943a04667b824f2b67294bc1,100,0,28,0.116,False,True,1041
NULL0086,1002829095,05a46ea6b545e02125d5557c60bb2728f87b3331f4d304a3a6ea244194510a02,100,0,28,0.864,False,True,1041
NULL0087,3070373879,4583f93ac022509198d60f60c92fb116b8b426df08a5fc78f859540a1a8eab61,100,0,28,0.726,False,True,1041
NULL0088,1419089683,636ee2eac78389435c91066a51f7ed3d3a7121b261d50b1cbf419ebdf0cf0124,100,0,28,0.93,False,True,1041
NULL0089,1470429486,c6b7642a24fdd98e50cd7322c18b65d4127f428167c66d6fc21b8719b5a9561b,100,0,28,0.356,False,True,1041
NULL0090,1074783419,1e4db2022c250e8b1753451118401b4721e9214076bfaa1dd45061c53fefca26,100,0,28,0.786,False,True,1041
NULL0091,3919357018,ab779c1cd544d742cfbfb4818d9954468b89f09975d5d58159e13f237c0ce965,100,0,28,0.66,False,True,1041
NULL0092,1878216019,b50316be6e6d5487fba4a48c307347e71d5be5106a5f5c6fb574d7859b544e5d,100,0,28,0.422,False,True,1041
NULL0093,2872573659,09183f5a00ab2d74cf2795ee307a923024ba8d805901619bb968200a96a2a7eb,100,0,28,0.968,False,True,1041
NULL0094,3125389951,af47e060cb679fec8c7a027735e46532b50eded0e00376887cbc3774cd4d64fc,100,0,28,0.716,False,True,1041
NULL0095,457212850,40cf9603151a5ead381b7fd01abfed47fe97881ee7c87058065c9f882428116b,100,0,28,0.93,False,True,1041
NULL0096,1020447130,8dbd4442aa8ffbfb36c294d5d61a7dfde5a946306872d1c561e5a4dedae904f2,100,0,28,0.72,False,True,1041
NULL0097,126790685,31d431fa96dc36971362bf6a5f16b4edfd786e219283d61b4e587099017a96a8,100,0,28,0.1,False,True,1041
NULL0098,254175351,b9263cfe1ad626a4d5719f134e1f67074ca946c014766cfff18df03e3ddd656e,100,0,28,0.316,False,True,1041
NULL0099,2318893215,42bc0905dc4225082b8f3362ad4feae5b62d35110763cb08671677f526d241ba,100,0,28,0.404,False,True,1041
NULL0100,1799456613,05bcdc04737d8bdab140adb0eca705d27f299ba593c735ff497f699f3faf9e05,100,0,28,0.358,False,True,1041
NULL0101,3179025977,9580c61d966f8192b08f561ed14e2ee6acd479b4c73311dbeb7bfea3c0b8ce49,100,0,28,0.826,False,True,1041
NULL0102,144589755,5cdb8e9536e08fac8b7dc33fd0b49b122166fa46e9de948db64870ff32e9d299,100,0,28,0.956,False,True,1041
NULL0103,1905739178,426b8a77bed2fe727af2ae6f08ca1148bc2c3d3574818dfe5a380198df4408f3,100,0,28,0.908,False,True,1041
NULL0104,3093812764,d48b02d14ef0f9cb1000007882f0bdeb98b48c8f30350acce416eb4c2c2925a1,100,0,28,0.08,False,True,1041
NULL0105,1501393532,85245dcb574b7b5e33b0244754f692ea9bb6b0995b2fc5694f4472782fecb97b,100,28,28,0.022,True,True,1041
NULL0106,515462353,1cea2b60af9cdb55bf12744f50705e081a22ab37b44d4bfd9c592877ea1cafdf,100,0,28,0.518,False,True,1041
NULL0107,2240958977,5a1bacbf7a8215abe6f5189a4577f6d55750bf3b7fc6345bc773e1a5871033b9,100,0,28,0.876,False,True,1041
NULL0108,3334812115,7edd3c5cadac32e33a3c84fb3a878db56a7a716de8ee00e0626babc34bdb9283,100,0,28,0.194,False,True,1041
NULL0109,2228086847,2922d88925d1a12718ac1ec9ca70049a0d7c4b9e6b1a8235dbef875718843b03,100,0,28,0.266,False,True,1041
NULL0110,2255581916,63c0543fd8292c79eac6c830c20d3832e673dc37f1334d904e58e3de1a07ea91,100,0,28,0.736,False,True,1041
NULL0111,3989263566,c9c56a789720e65208f0208610939200ea7b82bd0440f7be0c767ff81387af15,100,28,28,0.038,True,True,1041
NULL0112,447681527,a18e8b6571fe08e86deee5689660dd313984e434dc6aff8210c913a4e18ec4b7,100,0,28,0.164,False,True,1041
NULL0113,2902131686,eca4b23f9507cdcdbd6c3adcfad4cb95091b06b83d302ee13afb37d62cb4970a,100,0,28,0.146,False,True,1041
NULL0114,1642535909,114c609b5607b610f0307b6cdbffed0a4ab3436b01dc5db9cffa7adadf482d44,100,0,28,0.366,False,True,1041
NULL0115,2223352743,73ea00d1a10cecb981a63c079eda6dd3af403478e4bab8f098af588d5c097e5f,100,0,28,0.664,False,True,1041
NULL0116,2614403903,c0a3217cd84cb6c591a48a74b33634743a28f38190ab8f6ebfaf5606f023e41c,100,0,28,0.858,False,True,1041
NULL0117,1597302067,dea5e5a1029842da449d47c88b06b931edb6327c9e50e45045c6e8cc01da8b3d,100,0,28,0.308,False,True,1041
NULL0118,3663630705,189be8dda19ba3be62b452d6be9bbc7edf33dab061cf8bfcf88edbd66e21494b,100,0,28,0.482,False,True,1041
NULL0119,805039721,03f88b30b25a03f957cda289b4b4311066533da7e89fdc4c54af26773b20f03e,100,0,28,0.742,False,True,1041
NULL0120,672948529,50487c48ccc5684f7a5b6c2d29c3d30cd9f4f6f1e8f5722fae965b5121aa1dd4,100,0,28,0.152,False,True,1041
NULL0121,1927677465,8260e0cbe1fe90e59480445dc6accb43aedaa722fe613092e0964ffc200acb58,100,0,28,0.704,False,True,1041
NULL0122,1459321757,f22e5de13f126e7f885e898f60d4b49d26ead1d4756135fc7ab810a18708dde2,100,0,28,0.902,False,True,1041
NULL0123,2046924530,63667a33ecd5197aa6cb8d0d7293f812e4277eb0c6fc4c9a3ae0948f33226d2b,100,0,28,0.884,False,True,1041
NULL0124,1035238245,88b37c41c526367204efd592da83a03311ae1fb890a86047de98402077963dc1,100,0,28,0.198,False,True,1041
NULL0125,3761976954,59286fbc9253265be79ade0be24847e6d925a479c97221d3688c7c7b38e8d578,100,28,28,0.01,True,True,1041
NULL0126,3530782652,b0b6abbc91fc5cbaac0338e15762f1bf939a34d87f0fc35483b9658afd9059d6,100,0,28,0.842,False,True,1041
NULL0127,1642032828,205c917067f11700abcb44c751d6b5cd42dba13bda5995db0f23439071e2c3e1,100,28,28,0.032,True,True,1041
NULL0128,863102092,bd6f4c7d55c4962dcecbb84e6026575151674a2ba58b8fd1afbdb2d2735b1ea7,100,0,28,0.354,False,True,1041
NULL0129,2946412986,49ccef961c62bd236bb1d06f205075130df6de833da9a954887dbe3cfb0e0464,100,0,28,0.818,False,True,1041
NULL0130,378797045,12a9566198fd8cde5eb94a5713c1120098828e06a276fd0c34b9e64eaae0189d,100,0,28,0.404,False,True,1041
NULL0131,1826827191,de135aa6f9585ac901ebbe674cd62a3124cfded17ead13d9ed58afcf01c48ad8,100,0,28,0.606,False,True,1041
NULL0132,2781952443,15593d1f18a25de0b3486eeab812b48c8e5ad14bb5c953f20fe1b31026e5c1ca,100,0,28,0.744,False,True,1041
NULL0133,1920796635,3fae8953ec7bcf42f213bbb699875b3227d7ecaab5302d33951eea5215048b8e,100,0,28,0.114,False,True,1041
NULL0134,3699264923,a6f0c5efc21bf6fbd97b9fde80d71c2fdc376e255992fde16d7c669c73c83ac5,100,0,28,0.782,False,True,1041
NULL0135,186423067,9b90ed7daef83b428def1a3b67f463f679924c71b1a2bf8d96ff1c91dfa29cf1,100,0,28,0.53,False,True,1041
NULL0136,1047198495,6ee52dfed442b245461e1963acca3ab896f8c0bc5515608a0c2b164b798521ac,100,28,28,0.042,True,True,1041
NULL0137,4063741223,5d6bb4e51debeaecdb0bd65502f6b17fb03c6fbe5875fb6b82d31bef440a210d,100,0,28,0.704,False,True,1041
NULL0138,203521938,8110139f08fc7531bad4ea20eb2ea6d71af44949de637209ee58de64de727947,100,0,28,0.284,False,True,1041
NULL0139,3048490400,e33ad16254d6d95abb0932360f9ea7618b76b92e86111e86bd3db6badcfed358,100,0,28,0.218,False,True,1041
NULL0140,1250144720,b4f0fcfa2010fa39f19cdd6723dec46d9de8ece37bf2f014c75b09f4f3c2849c,100,0,28,0.95,False,True,1041
NULL0141,1244037116,66262b0151b6d952b79d9814d137686025d30bcf64f0a9d23670afdc8e51e1bc,100,0,28,0.086,False,True,1041
NULL0142,3602138337,4f4a0434df8e89fb362b1456280b2a6dedaa17144dba36a9c87cb9020fb09ebc,100,0,28,0.578,False,True,1041
NULL0143,85672873,7929914d0c1d2f65357fbc71bb683335eb2ede0533297d92bf13c8e12661fa72,100,0,28,0.634,False,True,1041
NULL0144,469946161,82d17631d7cd93c6a0f084bf99fdad4379597b8f64e43aae630b69c960376680,100,0,28,0.532,False,True,1041
NULL0145,2828550997,814b07bae2948dc85492351a86efc086e8aebb775e10e03b078c35cdd4044dfc,100,28,28,0.01,True,True,1041
NULL0146,2548763448,483a0704aeb43153aaed758a2079c407bf3524c6b0798f113c5178df4f84a39b,100,0,28,0.132,False,True,1041
NULL0147,3464790168,558d41ab906e91a88339246d4b8657a67c553dca86c014a2be4e980fdc8cef14,100,0,28,0.398,False,True,1041
NULL0148,4222161571,4953535b7978ffeb2e68ff69805db0e473d4ee47d73d4d4ea089067ace3188dc,100,0,28,0.934,False,True,1041
NULL0149,2576861792,ce6e631cb57658361c9b3f8df7dbb08aa6bf51bb25fae5c2ffa926e6910b5bf8,100,0,28,0.616,False,True,1041
NULL0150,1311136615,97a4240efeebc77554bbef6f5c3ec24594f1f51dc8302a63965964b6bbada86c,100,0,28,0.778,False,True,1041
NULL0151,3731486483,c6689ba20464d4fd4e1a99567531683c1df0dd9a5c18597dd8733c27867bdaac,100,0,28,0.642,False,True,1041
NULL0152,3271035951,43fde9f81377033c86cdc8f8474445bc9bc58bd4e606c130e5828a6d5b60d150,100,0,28,0.642,False,True,1041
NULL0153,270452535,474f82ffbad936df431cedfcfd7a931de42d7ac1b6b352ffc6f8259e958b1c71,100,0,28,0.304,False,True,1041
NULL0154,3139869207,69d688042533327ccc2592a12ca6cbe3e10ca57de53b9d5a022d73cd32210241,100,0,28,0.322,False,True,1041
NULL0155,691685906,71546df8720fae176a87e80a0e42ebdecea47d2a51abb0a7d625dd46143b463b,100,0,28,0.768,False,True,1041
NULL0156,63698192,477bf5f601c01f13b6cb553989810a44de32115494807804d60966b354e792ce,100,0,28,0.426,False,True,1041
NULL0157,3026185096,e14df4d5e8193aedd2a76b6a946f945a267990c44682032ad3b3ad766c4a8d17,100,0,28,0.098,False,True,1041
NULL0158,3686716146,80e4f350738ae8a44142c616c4aa2417b49af58ed45fc360f05a9f64c6303161,100,0,28,0.882,False,True,1041
NULL0159,2133968042,aca6cc70db602e28d8c7c6e66ea829ea3e8704bfde19431d5864355f182d2e0c,100,0,28,0.356,False,True,1041
NULL0160,126670985,270e2959566beb13bace4a3cbfe1fbd472f2b5d877dca187b2556356c63ca958,100,0,28,0.128,False,True,1041
NULL0161,4212316706,e4a25a2851b9b447a9100ad9bbec009cb7aa43f997714f8dd2f0bc84d8c7e84f,100,0,28,0.308,False,True,1041
NULL0162,1796326704,556ca7808f4d60f306944922aa111fa39e6c07bc61fa5e4921be67517b7ed7cc,100,0,28,0.064,False,True,1041
NULL0163,4005658703,f2b951934d6ebd3f89404090ceedb57d5874b86c58b214e942ed0006e4e91b08,100,0,28,0.132,False,True,1041
NULL0164,1466015701,72ef4918eb0637c343ee81a2f414da75419717e65c783e0ddc00212e7291eda9,100,0,28,0.47,False,True,1041
NULL0165,3062429160,aa64b0b294375496bde6896dc864c4f2c1abc221447110fae777101514e905b6,100,0,28,0.25,False,True,1041
NULL0166,1938793457,0d638b154acae85cb2bca2911dea5c456abe4baafc7af1fb88ebcdf980050d19,100,0,28,0.784,False,True,1041
NULL0167,3632176627,a041b385825dba0dd6e0e2ec52f3b977a006347e387a7c8be34a8662e8d270f1,100,0,28,0.202,False,True,1041
NULL0168,3124891902,d3c6a6fcabab75401c016e3c3fa5c9abe9f3c5260cbfdfaafedcf04b22ae5a74,100,0,28,0.884,False,True,1041
NULL0169,1869503460,810002f4261146721ab7994e4f8d9a74296a053587b7dea315ad25fa7d0d3fc8,100,0,28,0.68,False,True,1041
NULL0170,2218297953,eb7c875c1c222581229c573caa306c23dbdbde2ec810b7a7683bd90ab6fe6c6d,100,0,28,0.76,False,True,1041
NULL0171,3166791834,3dc89b477f118374440ed50c58268a0a2419c44a73f78d93f7cc5855e0ab687f,100,0,28,0.88,False,True,1041
NULL0172,1684146625,c4054ecb766a8a68ea4a8ef8c350d6456ed1f650560fbd4ebb89daff3fd80994,100,0,28,0.638,False,True,1041
NULL0173,30751560,29da70c01f4261cb80d31955f24510454fd4fa0904f20d643e59230eddba2a2c,100,0,28,0.492,False,True,1041
NULL0174,1129204587,7eee6d21d691e31e3f6a280d870b4c4a411297d36e9ae9d7dec8110e498447b4,100,0,28,0.256,False,True,1041
NULL0175,1229391379,534aa9af3caeebcefbe84442ff3f8dc3df42867eb227c8e0aadbbdd2a62f1ba6,100,0,28,0.248,False,True,1041
NULL0176,1711669518,3348f1b196c57db9778ffc4b8fce1cac9b70155836dc456564052ac98633f8e3,100,0,28,0.884,False,True,1041
NULL0177,4014123675,11fb03f26c96dc4ea6fac5a814bdf44d59b8d4a83fc71871581fd6707a1840ba,100,28,28,0.046,True,True,1041
NULL0178,794388990,a5d5c9c345f81a7bf107e9247fa342bcf6e3585126706bef6be9b7e8d6aa1d87,100,0,28,0.31,False,True,1041
NULL0179,541242733,87ea459d01b0b7fcafb6a1d006ef99f2272d2043144cda8bd03922a6bcd6b227,100,0,28,0.436,False,True,1041
NULL0180,320514848,0b019049bd2772aca8747096024df661040ee57af82f4d1eb23a073add8a95aa,100,0,28,0.282,False,True,1041
NULL0181,1447380954,a88d398eba203ba78befd546da65afff0a0bbda7ffb336b78ab4979d1dc2925f,100,0,28,0.072,False,True,1041
NULL0182,3029282936,86d72cb65ae94f60b5328fb9a02cf2264242551600d63ece802cf65e174749ad,100,0,28,0.8,False,True,1041
NULL0183,2065944110,9940f2c70382df89459254f94c9f074e30260732ab7d29e75b64f4a56e58ad1d,100,0,28,0.748,False,True,1041
NULL0184,3466332876,6543eac405ec213c46cbf07f98f618eb5405ee42ed922557d4b22f4bca3e79cd,100,0,28,0.252,False,True,1041
NULL0185,1815393036,45392c096048279bb9db6df84288f7f888d265dde4b4a55435e404f715ce7f2f,100,0,28,0.516,False,True,1041
NULL0186,658748798,50ab74ec7d52e9c19e027a39a71d4227b3c2df6ee523e8161286ccc79e6ffaf8,100,0,28,0.952,False,True,1041
NULL0187,347782817,d50bfd8813fccea44bdc452897da525c90bc659b0219024ed79b053356a05a70,100,0,28,0.444,False,True,1041
NULL0188,2060872481,ecd0fcc96a7ccd4ec284cae1e4ccb80e3c738910bcab1d51b9cbef8d949d7406,100,28,28,0.022,True,True,1041
NULL0189,192583240,b1ee1993f4a452f61cb36cebe49162b7902b11cab1de361ddcbe6373c8ad25ee,100,0,28,0.37,False,True,1041
NULL0190,2336380935,087681508d24beb33443881775d36a3ea85fa90535f73d0e8b0ebdcc9956bf43,100,0,28,0.988,False,True,1041
NULL0191,3665425011,1ef268bf39e77d503e729844f9fb934e6143e065fa4782f30c79c896b033fd18,100,0,28,0.184,False,True,1041
NULL0192,381625351,5e84aa8205d59cf20a4ecc8ef18ba258b3125071b6c2a22c261df0a96521ab75,100,0,28,0.17,False,True,1041
NULL0193,2860341643,19fa036324fc42d05fa6a04520b1aee0f119100422b5cb47eb99a10f504e25a6,100,0,28,0.072,False,True,1041
NULL0194,253346571,bc165b0f7f3a06b967c2c9457810c77e79e8a60d4a8ee2e84719399366dfcef1,100,0,28,0.826,False,True,1041
NULL0195,4004022255,5ab92303684d01cd07f50d64b3dbf08cd36a2d78bef9c306473e2e98b77f8711,100,0,28,0.656,False,True,1041
NULL0196,767405792,38dddee7ab1c81ab3da81a75e60e7cdc30071b41a58d932261c260f0dad21dd0,100,0,28,0.47,False,True,1041
NULL0197,2015573436,e614f86906dac4ab324a899b144ef75a082e5fdf424aee7c1449326c5f08c6db,100,0,28,0.602,False,True,1041
NULL0198,242393446,fea8b205ec9e9829e3c69934d5a10a41f8bc68496f98147f83606b9354255949,100,0,28,0.746,False,True,1041
NULL0199,4241522840,1022103b16d95bc7a6cd7c30255f5d4d34b3d72aeee1c4bee901d026382afed8,100,0,28,0.606,False,True,1041
NULL0200,4250989547,2993e53e9c60bc5e82c812924da5b4bcf2f341fa90fb581eb0227a0f358f0cb1,100,0,28,0.708,False,True,1041
NULL0201,1447878852,7335be27007a3ce9c22bb70cdf98e60c918616f51da505f86569180a665098de,100,0,28,0.622,False,True,1041
NULL0202,3508603429,daeab3f8dbc92ec1cf882013fa6390aac36d5765399e53832c6bac524913a090,100,0,28,0.55,False,True,1041
NULL0203,2461320997,17c46e2a5ca0dc266abd39fa80f7fd394a8552ed7c5b2527044dffe2a4f95707,100,0,28,0.492,False,True,1041
NULL0204,1712783371,5aa34569dd972ed98595366ac1955d2de0ad26103aba1c3dcea8ee52370ddfe0,100,0,28,0.194,False,True,1041
NULL0205,2153216933,877697cb3c4b20fa2c13a7535d7f4184b9a50028ddc51c46d35ff7fd4782f805,100,0,28,0.81,False,True,1041
NULL0206,1796164349,4a16041d2053a4cc724d28524112e50424959f7197518413527e06f6d4878916,100,28,28,0.008,True,True,1041
NULL0207,3204888778,549956dc73d7a9f76e7688f7a73be0c08b2ba404773f82b1641d6e198105d69f,100,0,28,0.216,False,True,1041
NULL0208,1051787382,8b7bb768de2889b7b202607148cd86cc93aace6101e9444da24b35fb1b24b3de,100,0,28,0.848,False,True,1041
NULL0209,2273211429,e8764c4167ec10df5ef29b4dee6467fe956f08e2358118e42f901cb36bb509fb,100,0,28,0.118,False,True,1041
NULL0210,440774673,88d83aed49db9a01b7a3006df62ddb4ab3cafbfc88ef2c8a9e3125b987401453,100,28,28,0.046,True,True,1041
NULL0211,1351002565,0dbbdb7f4dc255ca6ceb489c24fa63d05dc420ecbae7e36bfcf577820b39c97d,100,0,28,0.586,False,True,1041
NULL0212,3279947408,94bbdbd1bbe4a6486b328d4b39c06a3cffece68c5c0e5e2c16a77542577bd44e,100,0,28,0.61,False,True,1041
NULL0213,1549374475,41a79a0a34a9bcd73044df0aadaa882da5134b29fad41ef79be03504b13659bb,100,0,28,0.506,False,True,1041
NULL0214,3518957918,0d86f78cd4d273dc1e5978fec382bd2b570c44d1cdbbf312ce0f63c95a36b128,100,0,28,0.694,False,True,1041
NULL0215,812897690,a56cb1579c1089be8395ae401b9feb58d5e1dcf1f6120a2e583c51900e878e4d,100,0,28,0.464,False,True,1041
NULL0216,335055920,ce0435de4555238951a78222da7bebf0a6179a4f473289a451be4b86fb5310ae,100,0,28,0.834,False,True,1041
NULL0217,1567590206,1ebf477863c887eedd7fd70a7796aafa9213247eab7c6cf8f71d2eca56fa893e,100,0,28,0.89,False,True,1041
NULL0218,3096767050,518bc61268b9adaad599bc5aa1dedbdd3aba35437f698573edc52619334737d8,100,0,28,0.322,False,True,1041
NULL0219,3838621511,3490cb09cde74e5cf6e9900a1a7b9b4417bfa64cc9872020413cb3f47e57b7ba,100,0,28,0.658,False,True,1041
NULL0220,497669816,1157bda050130b845f4624105ea9b3aad070e65f6063ad9f3f65e9ccc407af08,100,0,28,0.74,False,True,1041
NULL0221,1639740139,521f7670aa61d6060e6cfd136e7ccd9295f59804708c8f4e00fd8092454bea29,100,0,28,0.874,False,True,1041
NULL0222,1852480140,347421dc2772b5bc6a63d2c3ffbb2935af923bb8ac91eb7a903733d0f99e1417,100,0,28,0.594,False,True,1041
NULL0223,2904916585,7124af6ff6763a8d30a5e40c0aa39637a876f91808481f69417a97a7c6ebd90c,100,0,28,0.952,False,True,1041
NULL0224,2993139461,76fe7f9f514262405c5325657e033da33c067833f5a6ce596f1b8741572304ae,100,0,28,0.114,False,True,1041
NULL0225,1064475767,fbe1fd118cb795165399e2c5dab65bfc78dd721b142060817b01f0e05ecf34d3,100,0,28,0.448,False,True,1041
NULL0226,1784684694,d86e65bd6d3a3e092495bcfc2147dfe2dcb1d8e4d6cf1f630113fa6f73e438df,100,0,28,0.8,False,True,1041
NULL0227,867012569,d1e103ab83cd7884e2121839f8b57148b3acb21ca76469a793e7b968700ff736,100,0,28,0.26,False,True,1041
NULL0228,123101363,6eb09c6266745ba82d8e04184632a11e11ec5af383b3c9bdc091c59a5e5de7a6,100,0,28,0.14,False,True,1041
NULL0229,2924175058,265dab3de1784cb95ef0ef3a8659a0124dbded86f62a66af4138e53232d2b82b,100,0,28,0.146,False,True,1041
NULL0230,3336824936,ecce868fe0b56861f34fcab86ce3ac450ed43babfceadd66bb9927e9eb434f03,100,0,28,0.666,False,True,1041
NULL0231,2429879097,cb190e88d3544fbc89d45371c2977c1b3aa040b3b9083aa92effe36ce4b8a11c,100,0,28,0.59,False,True,1041
NULL0232,250470429,4198f4956a0ef7aa40ff3f86bd859c65a32ab3f546d5a127463dc63e81988d8c,100,0,28,0.862,False,True,1041
NULL0233,2746527103,0efcdbc33696fc9e7421cf5760b2c7a81ff5a8c335caf3729373f9c27c98989a,100,0,28,0.706,False,True,1041
NULL0234,1153327534,089ae81f4e9537edf1b4f597f5bf75e628c1bc6ae9ab11f3fa1c7e70bd61c1a7,100,0,28,0.402,False,True,1041
NULL0235,4251794634,6a8027b8183f58a0833915e00b2c941c3a489986c143a4b9666eaa5aa95b1cc1,100,0,28,0.726,False,True,1041
NULL0236,2907748304,09cab963812351426e23402bde5e16efb4f78d6bde17a6d4ed6128ab1a6ca0eb,100,0,28,0.066,False,True,1041
NULL0237,3853397992,b527dbccabbe88aaaf52f5caa162618c7e690ef1fcc27964e123c82ffda363f9,100,0,28,0.39,False,True,1041
NULL0238,912521002,9a3754cd6a5db189b9e9e3f5c45c4e18af84ff69d58eae7f77ce5e289bf9d721,100,0,28,0.894,False,True,1041
NULL0239,2059194012,ebc33d1c46dbd8f16952b68b6f9be9675a72f4a7a35c139ebfb8cb4306abf125,100,0,28,0.236,False,True,1041
NULL0240,1510225724,f2c0306dac54111ea43a437e20d914b4573c11caefb30098de6d46c609a3dfd8,100,0,28,0.992,False,True,1041
NULL0241,1601832458,430f8318ff1ed8766cce3815eb39f93b97fbadb901db2c3aef84f17d63cd4d0d,100,0,28,0.24,False,True,1041
NULL0242,3514608504,65e8c191f6924e43b1700d89a8534b44dd7292ab875186ac701eb557ff9cc748,100,0,28,0.308,False,True,1041
NULL0243,3697972920,740c15cb9623bd61281b6062c1190cc713c58889c8b3f091eeace1de5bab3aad,100,0,28,0.554,False,True,1041
NULL0244,305368668,be9d1ead2815faeb5a3b5bc178d85b426b9d86455b39ede85b743e32663f58f3,100,0,28,0.644,False,True,1041
NULL0245,949080830,265b6cde2ab2877a74227b98a86eea0adb081a1a471c23ceb925de82a281cf3f,100,0,28,0.608,False,True,1041
NULL0246,466738788,b03e9fc4586c653e8960a1349633cae114ed5c852085c8da5206e3d51a3bfaac,100,0,28,0.372,False,True,1041
NULL0247,1370273613,4909696944f5ac69bba44b1fd04c788673b94aaa0ee70f143960d927a1dc0d7a,100,0,28,0.658,False,True,1041
NULL0248,470821557,eef13944af390253e2a2b6d65a1cd139e1022fd933132508c0afb0af251aec1c,100,0,28,0.934,False,True,1041
NULL0249,3218368286,23c5fa3f058ef6f3b945746f13a637a7670cf81a7fb5af9c421b74771dba4189,100,28,28,0.038,True,True,1041
NULL0250,2004160123,9f287c6330610884e6e4b71255f639fc5ea0d9e5ee1ce0eb879bc5df69285464,100,0,28,0.696,False,True,1041
NULL0251,1469800221,2988984eeaaa781101f7ba582b0a827b6014bdcd35628c8f89a1a0258556adf4,100,0,28,0.168,False,True,1041
NULL0252,1597944277,7401ea43eeeeea3aa728bed4d54db4d1512598200518e0f218dc7d58ec1d9875,100,0,28,0.57,False,True,1041
NULL0253,3782115332,843895333913dbfbedc8aba13f22d63d3daeebb7c72770dcb2c4ed787d7157e5,100,0,28,0.476,False,True,1041
NULL0254,606566425,c895b1f93a8b9264eac165be42d80210e47f0ca47bff35e628e8bc6d319b7c99,100,0,28,0.724,False,True,1041
NULL0255,2809133323,eec75809aa40f6118560de70b4aaa7b8209f4f712ab2bec8f531d38b1c66bb5a,100,0,28,0.848,False,True,1041
NULL0256,2399585750,9d2e755089ac2f9263557e837b5c4a06c9e12821391208c784a6439522d6fd02,100,0,28,0.334,False,True,1041
NULL0257,867887272,c72df0cf487c40430bc45616d6f5ea6e9b3d9923e7bc606c5302de9e35a14352,100,0,28,0.132,False,True,1041
NULL0258,446545488,f50f42518b0e1f02f60130440e863218c09845defd3189dd8414ff304d2dbfdb,100,0,28,0.426,False,True,1041
NULL0259,807263752,688387590324bb33b50e1a3211048b20be818e15e5334d15cfc70c95f7fae4f1,100,0,28,0.864,False,True,1041
NULL0260,1250478814,4ba6fa7f4112dfdb7e0b6aa9974a10fdb8114e4df7bf351270494976389418b1,100,0,28,0.846,False,True,1041
NULL0261,1889249389,8549741d8b3d04dc0b7d641cd416f27a9a3399cdb292374211e4bf74271afb6d,100,0,28,0.498,False,True,1041
NULL0262,813615806,e82cc3b8a0ebc40e7bf931153dc5e13cf434db860fa27108d761faa3bf4213af,100,0,28,0.2,False,True,1041
NULL0263,1606785920,7a8fa985fcc229f86cd4e930688cb739cd4d9f39a8b026e127be9fff2b0c6019,100,0,28,0.798,False,True,1041
NULL0264,3586059031,f86f187cc7717b319848e947ba283863ceef1e77adccfbccba80216c1b7fff72,100,0,28,0.63,False,True,1041
NULL0265,2422887856,3a06b6fa186e825ac9511af58aa2f529d8c1d12dae46b40ea10e353d74452c2c,100,0,28,0.558,False,True,1041
NULL0266,2195959290,4b3fd114aaf35a6b2a4a67d8c9013a74bfc2c29a43c6270ba10ceed99f67660b,100,0,28,0.908,False,True,1041
NULL0267,1941364951,65c0cddf5ea6284ec63eed4a7a7e87aaad0dc667d6c19ccdcc99a8cdb05ed292,100,28,28,0.008,True,True,1041
NULL0268,604540288,30d039142d016414d7a6da2d5b7f7e393799dc9c22f3b28ba71d521bfeea83cd,100,0,28,0.422,False,True,1041
NULL0269,455228011,0be90f0f68a3bf92a9f5a3758c99c019b34f5340f7f2e414a9452e656bf03cda,100,0,28,0.334,False,True,1041
NULL0270,2608002232,0b4f2666816da8d8314816b19b110da125063c1cdc2d12d8fa1303fcc8add13e,100,0,28,0.676,False,True,1041
NULL0271,3921020472,d19dc49d4400f88404d9a3f226ddf2eab86d80b166278835db45f3323bfbf9c7,100,0,28,0.34,False,True,1041
NULL0272,222361785,b93beead9e11c23735b7adf6b55db2a0ee8bef54920309ec74511b7953b366d8,100,0,28,0.858,False,True,1041
NULL0273,1979868620,8266c6c5e100ba2c3241c713e58be1bd895b0b29b18b62b132e1abf907c507cb,100,0,28,0.11,False,True,1041
NULL0274,2250575879,5b9a40e187cd83c1714ef0cb173fd1d83bd9f2757b25c2a058f21acc4831c0e2,100,0,28,0.438,False,True,1041
NULL0275,2373724896,d68654f9b2dfe15e2c0d1024dc4e198dcae49e87c734d1575381c8c581d80ead,100,0,28,0.476,False,True,1041
NULL0276,42567096,96f9667fb39da56218f96b84fda2b8c3b88d6975def8a82740aac6a6497630ab,100,0,28,0.31,False,True,1041
NULL0277,645560721,a616abaa8dabd1a8634fe2166ed51fa3e9315020d3b02de7ff9f0f4ab5af72c1,100,0,28,0.648,False,True,1041
NULL0278,463308947,833c96717c424f99289a423dc9ae5b62611cd72085edbffadfed7476f2b2c3cf,100,0,28,0.7,False,True,1041
NULL0279,2033132346,6ea1e51f4c7269847081132ef82e1d542ac3b6f9ddcbe008100efa636aaa0096,100,0,28,0.788,False,True,1041
NULL0280,1159878893,b06d70e1a6b2ec1f1dd5591a617cde93dc64b7a71e378ac0c2a8b6567f0f3548,100,0,28,0.874,False,True,1041
NULL0281,865426882,2db82d4eca6c25217c8a84e1493ec87904366f3c590f74cd13b9fdd5a449e7e9,100,0,28,0.178,False,True,1041
NULL0282,1584637425,314c53b5573f8028d2d4710b1b12a8ce367eac1562b73373d14172b499433022,100,0,28,0.49,False,True,1041
NULL0283,3142560920,545a9cecec3466ec9a5953c14ec9896461f32fb211c16c48d526ef41e7cc3229,100,0,28,0.806,False,True,1041
NULL0284,2404161141,2c9aa34a937559d7cb1c48f0960ddc3904cdde1e3fdd54c7b06402380d522c95,100,0,28,0.812,False,True,1041
NULL0285,1471485280,7434066ee22ff365847308d2d708d7b2d5bb056e2ed650bf2adcb422dc85d0e0,100,0,28,0.742,False,True,1041
NULL0286,2049078956,9f396aa56617bb841db9405fe76755801972186075ec35cbf17d8851a985b2f7,100,0,28,0.266,False,True,1041
NULL0287,2901573004,ab8a6afafecfba20c9093982f571f14cea3766638ec3d1dfa1774ba2af01a891,100,0,28,0.34,False,True,1041
NULL0288,1417823844,d744b3e432a740d99af8278cc8dea9897adf11a975deea9cb6314414815031cf,100,0,28,0.68,False,True,1041
NULL0289,596728727,e66850a2558774f457a5aa636523936b65d9b7e1d7083182bc75092c5ed6d943,100,0,28,0.862,False,True,1041
NULL0290,1780666596,8655b4a06722e02be1c634573246dfb537c49a8dbfe4bd9971e3fa008de9bee4,100,0,28,0.25,False,True,1041
NULL0291,1980549923,a8e15ad08ab6d618c65edd919c0451c33787a36f8343884c464f5b84eef1b76a,100,0,28,0.17,False,True,1041
NULL0292,2516333519,8dbec77933d22c467e3bf3703cd2058660dc7ca9e6ae2378380815092451087d,100,0,28,0.124,False,True,1041
NULL0293,790697825,5d76a7fa3fe7374acba50e489a3084fd0562f7aadfdf73bc44e8b5c732e56d40,100,0,28,0.672,False,True,1041
NULL0294,3380773272,aa48264aaa9b10cd698fb6aeae55cbda203e73f91d8e76d62f78e921b2067867,100,0,28,0.652,False,True,1041
NULL0295,3604094667,45513919c386ff6327b5cd93cbf4b038956c7db1124ee100bdd65404d37b602c,100,0,28,0.474,False,True,1041
NULL0296,2479795358,d14ed8c299b212e278230b47873a8c61ffe112301a693a110bcf0542f6751d4b,100,0,28,0.23,False,True,1041
NULL0297,2483513974,0830e9ac02793ddeb078d11d26bb81432d23f5b28c4408fb9db50521ebacaa59,100,0,28,0.89,False,True,1041
NULL0298,923673788,b1d64a520c5335b2f7e38311e72070d01f77c78038ccec3dfe2d4fd29b7a8927,100,0,28,0.482,False,True,1041
NULL0299,181470885,f033cb213380d41eee3feae18396c3a962d23bbac2ae4e7da66ec96e9b1377b0,100,0,28,0.952,False,True,1041
NULL0300,2032078371,6ee519e2b91c62bf91edab47672b46ffd590a1be9d2d0104b6240199dc38b31f,100,0,28,0.994,False,True,1041
NULL0301,3042587901,f1f48635ac3161b744d6125cf4eb0b0d46e477ee34ee765a031159f5aaf05e3b,100,0,28,0.77,False,True,1041
NULL0302,3487289657,3f0f3579bf3030fea1e11f233430840acff96cf85b262001392bb7722d7ba2ee,100,0,28,0.26,False,True,1041
NULL0303,1583646871,e5d6c605d0f7ef3da5d94ba1714860d1d86aa7a9bdcb8c696021225adf74e04a,100,0,28,0.158,False,True,1041
NULL0304,2688247371,f7da90ceda6b67665f7599d512db03a6b1074b0eea6dc4dd2ea69ff1420ce477,100,0,28,0.066,False,True,1041
NULL0305,3188700679,61f7154d27fbde9fdbf01245225095d0210417c13f245598f33037469eb54667,100,0,28,0.368,False,True,1041
NULL0306,3014443008,5688e429f9c140f7a39ad5dea4cb23a2aa0472fd48dd601280b6b949171f4abe,100,0,28,0.146,False,True,1041
NULL0307,2711655047,43f47386932b2c9598866d9d42b7f9d22dce2a8bfbd43839da14ec43a39e7894,100,0,28,0.63,False,True,1041
NULL0308,1567317547,102b83b0466ce02d060dbc7cf997838ec38220576cdcda85415d73093d191e80,100,0,28,0.84,False,True,1041
NULL0309,1137353399,f05249176d06ab54c84783a81c9021994d493568bf0a6a052cf341882c30ee1e,100,0,28,0.866,False,True,1041
NULL0310,800426231,aab45cf9693806b6aa1948ea2e98b14c17f17697f036c5c1132f1041f119b1e2,100,0,28,0.582,False,True,1041
NULL0311,2984087257,52dc1aed50b47b9bc96d20650934ae54d35fe4cbfaadded615d35c1d83d688ff,100,0,28,0.776,False,True,1041
NULL0312,146898771,91ad5e5d6cbd88426b26cf677436db4f8dea6d8f4fa8faf25a447fc21dab4e8d,100,0,28,0.652,False,True,1041
NULL0313,2883601454,99edb3f2b4609c8e3da708788b99fa4a39413fe5ece243b493fb5474f3a646fe,100,0,28,0.952,False,True,1041
NULL0314,4274382017,028f44d737b6ec8accd87a9c1fb0d194da8429dc02c96ee95020331167037c23,100,0,28,0.392,False,True,1041
NULL0315,1655436190,9c910e7d6ba7bb6a18bbe02751a6fd9c09cc64e1b8fdfb908644145cbefc8316,100,0,28,0.888,False,True,1041
NULL0316,3187806135,3367afd7a2e3cbf8181e72fa5ab64da83dd2f59f2e83e8714e969925b1798730,100,0,28,0.092,False,True,1041
NULL0317,1213402410,da8407acd19cc227f904a8b2141fdfd3720074565358c825c6117218b5228609,100,0,28,0.406,False,True,1041
NULL0318,613356010,cde66ecef604005bbc248832095e79f5c09d0c68978c847b977394505d5e746d,100,0,28,0.394,False,True,1041
NULL0319,1479799147,3f3fd3b61d6b48c49ff2a5ab9c39a2ca10ef107cc6801c10e1101853f9459fa8,100,0,28,0.876,False,True,1041
NULL0320,3192512499,a44a84c9d68876c17f81a0dac055f4acd9b1d733e73a72bb68b78da9a1b196a9,100,0,28,0.674,False,True,1041
NULL0321,804972737,b5d0d4e0ffd7c6157ccc4e507c179648d0d368e8061f32ef6593d6881d5c9ccd,100,0,28,0.368,False,True,1041
NULL0322,1216420517,6c3406572bfeb70fc7339fffb6b781db644527eab14eed85a45bfef3a001608b,100,0,28,0.762,False,True,1041
NULL0323,4138751469,9c2715d22c8f1a1f2f862da88d1deb6e4b77555559b18d00b0c2e8c6d904212a,100,0,28,0.382,False,True,1041
NULL0324,1544964246,35d5f7c296025db6972ec733435f4655b1b3a6b064e7c1bbf9b326bac11b1737,100,0,28,0.398,False,True,1041
NULL0325,3067122687,76eeeaac09940fabfe410c137500fd401d1a7df1e808bfd7b5afbd2ec74e97d6,100,0,28,0.924,False,True,1041
NULL0326,3844877942,d9abdf418f22a538dbaa06998f77ee388c8afdf01d8571a59e75a8e14b133a45,100,0,28,0.95,False,True,1041
NULL0327,1230226919,2b7a8ac4ab83c1bb2cf25e03bcd5d83f37d7776ccfe2c0c375412e51624874ea,100,0,28,0.712,False,True,1041
NULL0328,2324907497,74f77bc630b9fea79a568ba017ab9b9e88f72648a4dbfc826a7ffcb10e762f6f,100,0,28,0.538,False,True,1041
NULL0329,2615348053,36a54cfbd2026b9cb08677303c057101835b3c043f52f8484365472e2b13e4f7,100,0,28,0.706,False,True,1041
NULL0330,3368768507,4491c5dc09991562507ce3dfd121f0f22ec6f03bcb565472cad69436f466c4e4,100,0,28,0.168,False,True,1041
NULL0331,1264691094,b24b4da7d87a97fce761d1d78f5a6e8e05e07eb47f1feab6e0461e5766faf6df,100,0,28,0.448,False,True,1041
NULL0332,587694467,c4cd438d33e9734e89f2464ca658f346617a35a224588f0b8c45e6cab12e1b58,100,0,28,0.78,False,True,1041
NULL0333,3394520580,8e3887ee105f897f33d9a12da25160454035132f612ea36481c048fc5e70ec51,100,0,28,0.688,False,True,1041
NULL0334,582566123,64fc2fbde4cd77dfdb76c90fd7ed8b0802475af9c4b5ade9bb29e5799727b1f4,100,0,28,0.828,False,True,1041
NULL0335,3129633907,b965eb0380f73199372b056597dbc6ec8ec48ae599ae53310330c681c095e8c3,100,0,28,0.872,False,True,1041
NULL0336,1518354442,27d9018b8c11e00acbee3e575e085b9bedc34e79669a2fb5718e8dbb1f1cdb5b,100,0,28,0.65,False,True,1041
NULL0337,2702476972,3a90769b312aefb7e84896e6f5928f48d1f6e3146600bcb69504bf2609f85535,100,0,28,0.614,False,True,1041
NULL0338,1033204493,73f3b45d0c540c6268da31bfe333f3acf2b0c8077d8dce0b88a3f99033d73206,100,0,28,0.464,False,True,1041
NULL0339,2515624903,f5efd8114080a75d19af46cef4a9b0506aa389815466aee7c7d824a4a25866b9,100,0,28,0.716,False,True,1041
NULL0340,3813140185,6eba72ed41d396fa8387510c9ba6569f1ae244cb51f193a18d50c6f57dd283c7,100,0,28,0.406,False,True,1041
NULL0341,2566860991,27db83b5b7ca1750fd86c358bebf263ecc4553ded08e0d443a3d54e115144e9c,100,0,28,0.214,False,True,1041
NULL0342,1025608839,8aac7d6a775582f636ebfbff5f56b14ac6c1eca33e8c118c111a8c9854e6c5d7,100,0,28,0.126,False,True,1041
NULL0343,3366975350,ad27f6b0be47c7678cbcfb1ee87651b32c124875693a0ca5119cdf1784a755fe,100,0,28,0.112,False,True,1041
NULL0344,3161952969,a468ec148d0c787cc890ac53e06d1edf148029f1033b169e79994ee8d19eec63,100,0,28,0.396,False,True,1041
NULL0345,2362350907,f9c1be226eeae8eb8e96412465e5059f31dcee6597610695b01afccea8287cd9,100,0,28,0.13,False,True,1041
NULL0346,3346497983,907710e4aeae23d6cc070c3bf4699096f6d68ecea75ab2084f072f66acf3660f,100,0,28,0.546,False,True,1041
NULL0347,3621700783,0be74679f0c65812398222f5aac286d5eca66e808a4feaed6d9249478e2b7dbd,100,0,28,0.126,False,True,1041
NULL0348,4284282878,ad90dae6d6b378b6d6dbb2672be84f8da207b55aa5e3ef6d1b1270f3d6fa1164,100,0,28,0.282,False,True,1041
NULL0349,2400774517,187ed0a666c2e6a8f336ef02caf0597ef6692842d18ce356642c3c93d6b94ae3,100,0,28,0.378,False,True,1041
NULL0350,2058410838,75e266ae2ca0bb2e2ae81c4c044b2f5f007b5856ee36faa10023a95e8881565c,100,0,28,0.62,False,True,1041
NULL0351,1375522277,f6e67f63f240e601c08a2f35726a28714c297daeefb0c287e7847225d32ea525,100,0,28,0.188,False,True,1041
NULL0352,1025784864,998ba2c331e5104e74b5335698042b7cdbc910dc189b65063415aec35b2c5c90,100,0,28,0.162,False,True,1041
NULL0353,518195961,6877fd42b660079c0a2c6b4b37fd42d2d623f8cf8f40998e355165036387d65f,100,0,28,0.956,False,True,1041
NULL0354,2191103666,25f74ffdd656f6c2c2e312ba59ec9116093d72c12447b1e40baae4931a894a23,100,0,28,0.518,False,True,1041
NULL0355,1537362784,d4e623b0432a621ef7dd383e0d21d56674c9fcf713be581cdf6858857826e2a4,100,0,28,0.112,False,True,1041
NULL0356,1889160408,9ef59220d253325a23f47f6d597e45c2e879e56caa55ae84ab004a04c715b2a2,100,0,28,0.706,False,True,1041
NULL0357,2760557445,4d8dde47211398dc38e3f0a70e020d7fe90e340751782abdf297c22c5e0efd61,100,0,28,0.098,False,True,1041
NULL0358,4197606818,6b33d4a93ac8720a581f51fa2df3753428b02eaba2b30afa63b17ab8d53eecd3,100,0,28,0.588,False,True,1041
NULL0359,2798428256,759194655c5d88237f412588dd523e560ce25b9e066c8eb05861d7aa6819176a,100,0,28,0.944,False,True,1041
NULL0360,3533867028,d3382d62418679f8ab00fad7d7dc78ad8f5d8d839dc0acb2606174d87c3ad420,100,0,28,0.38,False,True,1041
NULL0361,595227881,061d28cd1e82cd538a136cda6758857a6533e4adf68c6abe30adda46e02e094c,100,0,28,0.994,False,True,1041
NULL0362,3234955906,779aa8cb13a5356caf03ee6a74dc986cdac3e4e6da11945325366335b9fa4ebd,100,0,28,0.516,False,True,1041
NULL0363,1371542912,11f214b97489859363327618431cffa2d166c98825ed57555dc0fbc5bd5b7cc1,100,0,28,0.494,False,True,1041
NULL0364,2189494177,2a05e9c648db5729b4203d674dbcd05d53c76023849b12fd40b519e05cb01498,100,0,28,0.42,False,True,1041
NULL0365,8244792,329bfa4e61c5f5990d65a73462c61b78d7dc196e43c9aaf111b748d11e9f4d86,100,0,28,0.188,False,True,1041
NULL0366,79174381,cb67f3f911268cbc108316142e7ace97e4032e0b3615eb09ee7d539e34f1dc4a,100,0,28,0.708,False,True,1041
NULL0367,119406735,21580a299e2ba5bc6e279ac5a9ca3b116f4b8407e56f3a2527a87cc192409167,100,0,28,0.228,False,True,1041
NULL0368,3048010385,dc36c90196012237691ab8fea7faf30339ff6e18e97097f63dcf5d0057c9c610,100,0,28,0.626,False,True,1041
NULL0369,2268758920,0c63d136d92d030bccabea62b4754a31e2d48da6adcea25949fb63e5b597b357,100,0,28,0.152,False,True,1041
NULL0370,2334278334,0f1fcb279625a015e79203dbd8d7a2dc4b209b60fdef35d59ce733079848de04,100,0,28,0.554,False,True,1041
NULL0371,1525372368,815c055abaef7d35c61e2beb0299cd5823b53f5dd77ca1a3a24ccba83e1cbe2d,100,0,28,0.114,False,True,1041
NULL0372,4142256473,65c8533afbbd9784db67b501983cb991e538dd671f13b1efb8405732aa28a03c,100,0,28,0.618,False,True,1041
NULL0373,126204708,b7f603efa7ec82070dbe92ca78f6e57d2981acf7b05fc04d7999ea02a4c252ca,100,28,28,0.002,True,True,1041
NULL0374,2606937983,c2e8a3f7c554c960a9350b7b6855babf02db26e85412f20d5a6340df897d1290,100,0,28,0.292,False,True,1041
NULL0375,1220090464,fd8380f9ae98dc52ae0d40aac34f579bf8a215a122da40bff6c7616c822f29ae,100,0,28,0.156,False,True,1041
NULL0376,578234349,226a95990ac0f5e08e2f719213cad7ac27a09706a186a9633b696c768951c6ff,100,0,28,0.412,False,True,1041
NULL0377,2334457448,23c40a1f36cb12f7eec36952f2555597feaa2921a3571d0b311c0b173084bef6,100,0,28,0.85,False,True,1041
NULL0378,770130709,d1294413209e544c4b119be676bf0f267c055c75036a39f5821ee8ad969c87bc,100,0,28,0.26,False,True,1041
NULL0379,1019489789,e333cbeee7555311a443bde2b6fe547f914ed77054756d33f4767681a24d9aa9,100,0,28,0.6,False,True,1041
NULL0380,2507855050,ed305586cdba27bd5bfa74199f106abe89c2dd46d8e56a8a9a448ed9c0e687ff,100,0,28,0.484,False,True,1041
NULL0381,2353608185,981037ffc33fea3d07f5a73e6fa603ce89e81e6a0c315ed6c5fdcd851ef9ad08,100,0,28,0.768,False,True,1041
NULL0382,3387239691,ca2d4ce9a3c3f2ddbfa92542c6dc0c92125f2bf33598cc223ce523cdf23307f9,100,0,28,0.748,False,True,1041
NULL0383,2857744759,bf57ba6655d749915a200418d25a3466dbf82ac0fd15bad0d50e638438999a06,100,0,28,0.938,False,True,1041
NULL0384,2217013024,25bba91fa2eeee84d99427bbc6e8cd06f1503ae326200eac378a72d38c50309b,100,0,28,0.678,False,True,1041
NULL0385,1544390186,0160962d92ef34a926cfddc6697048fbd83f60a434ec57a216f9e619b223aa01,100,0,28,0.974,False,True,1041
NULL0386,2155342760,376fdb04db043ae36383300552db05a0ae230ab3313f937e12dcca8d3880367b,100,0,28,0.934,False,True,1041
NULL0387,350765246,8a027af6e26b20bf02037e8ed200266982e740785f5ae50ae78951d0ed51a7af,100,0,28,0.582,False,True,1041
NULL0388,3388383093,9ef80dc927f1ed1142565bd35b753fa88d82815e49de2464f6ec87eff6096bbb,100,0,28,0.37,False,True,1041
NULL0389,753328690,eb5c6b701a825540ad408071538d134571f5396fe21836960a522026057d9402,100,0,28,0.994,False,True,1041
NULL0390,768932390,c32286ad77d7f4784809709aca4cdaa659af053b367f6dfc3beaf90dfa5cbe31,100,0,28,0.066,False,True,1041
NULL0391,4107482660,c024edf0851076eda0ab567bd055c8af145da912edc57017d82d38ec296b13df,100,0,28,0.502,False,True,1041
NULL0392,2887113812,36f7c2b0a095f90613a6b6f112577bd9e26e38c2f8cf14d810c4e360a878d048,100,0,28,0.126,False,True,1041
NULL0393,3763686157,28f4f2bc5f1a56a85efa0f153e58b469fd0f76f3184deda04e52188bed491977,100,0,28,0.734,False,True,1041
NULL0394,14131650,7488c13d5b213107037fd31a23373a2260b7e8d497b9cbfd3ad675f922d91742,100,0,28,0.412,False,True,1041
NULL0395,1288440113,9871b61a8ee8773d81040aecb32e4c9075d2db34e02d8fefdf9acbadf33a77ee,100,0,28,0.106,False,True,1041
NULL0396,2091911780,df30cab41dbd140c65ba897e7413fa3bdce18b8f4cd8aed72d1b0d23adcae645,100,0,28,0.506,False,True,1041
NULL0397,1102418670,e5f06dee4dd2e3871bdfbe3d4220c29464e61f9a47edde77ede0f6f519dbe160,100,0,28,0.926,False,True,1041
NULL0398,3298202242,82db74bbfe4fb4c7a1da38f6b88734f11086499f317bf89a7243f96f45d59f72,100,0,28,0.288,False,True,1041
NULL0399,3061621372,2cc8ca3f2154b33c1cfe3f05f86028352ae27c2843eb8d56a83489f6f92f6c8d,100,0,28,0.296,False,True,1041
NULL0400,4105246843,5fcd28f2a9a51baffe5d042b2a8ab0e2f28c1f11da3b51d1d3148ace6a8d812c,100,0,28,0.976,False,True,1041
NULL0401,4251391086,4f36f706b2933ecb41513f5b903379a0f53089318412d784ecea7512f816b34e,100,0,28,0.452,False,True,1041
NULL0402,3210823417,9659cd381f3ca8afb667766f721f82abe90384c14eaa7a4872eb09a97fed7b81,100,0,28,0.126,False,True,1041
NULL0403,1232951655,98f98c86963209198c82624304e4f7f0d74a68d3de9f81df41f969bf71a02a34,100,0,28,0.934,False,True,1041
NULL0404,1871368142,56c7f2ea03a3928884df94933e85239c1ebb4e68c0a2a76412e70392ce8e35c7,100,0,28,0.864,False,True,1041
NULL0405,842513700,64f57d67ac01603cfea43067e98b207dd03d92add54c262fea2d8eb537747205,100,0,28,0.67,False,True,1041
NULL0406,893148880,8da43be71770188e4efcdc9028ecc2329ee76bb41dc4050bf8c0062cf3ccf044,100,0,28,0.902,False,True,1041
NULL0407,2842331663,5b4463d2ecbb2d0784b9bb91633c797473e467edbf5dc773fc9d88c5eaae20b8,100,0,28,0.628,False,True,1041
NULL0408,3983402687,d824a7014033f9492750f7c1f0bd4ea9838b49226590f50933c1b0e8f45753eb,100,0,28,0.134,False,True,1041
NULL0409,600792265,a7ed1a29b7f121993ba9ad8e2d7ec248e17bcc0181c63353393d5b4b62cd94c8,100,28,28,0.006,True,True,1041
NULL0410,1116227990,0897be6eeae6c660575e8403a0140899511ef1a76d6166ae97a724ef96cdf3fb,100,0,28,0.768,False,True,1041
NULL0411,433753694,4545117774869e8885e6a991a749e28b8454fc4409667ae3c275422af01a30ac,100,0,28,0.2,False,True,1041
NULL0412,1612933225,494452638251475d1f733fc564a451302f4ced9f9bac75c1faa8ed5a338dd212,100,0,28,0.74,False,True,1041
NULL0413,76064288,46e2c1c83f59ffbfbd46b52b88c542749fc931a980c254538918ec89d2bf844f,100,0,28,0.646,False,True,1041
NULL0414,1196310395,a69d604ac873f3a1cc2b256f5c7064c559c0ee2cc090c76ae151b48baa3b90b6,100,0,28,0.18,False,True,1041
NULL0415,1449644779,e15dcbb51c90650643dc9c91632e6206250cad4dd697a2b9d6c31271b507cd8c,100,28,28,0.044,True,True,1041
NULL0416,1102892114,4573c977cfb2ace4171639451d003619213e5ea6c5d9f01f54f506b0c844629d,100,0,28,0.822,False,True,1041
NULL0417,3062081071,225520104d56ea525047d11a606386c9afc64617632b6e8d7c668ddf6d0ed5a2,100,0,28,0.888,False,True,1041
NULL0418,2562997736,dc64bfe444dff3f17a77d519c7864fe11a1517405e47e7a1ebb74318fa0b2f60,100,0,28,0.702,False,True,1041
NULL0419,2645777845,71500ed0be20150ccfef837978ae822790f866423ba5eda11cc866ac688c6cb4,100,0,28,0.924,False,True,1041
NULL0420,980416091,0443f1a3134d710c5ec065f685cf010558e7f441fe06715956dffeed1907e0e6,100,0,28,0.146,False,True,1041
NULL0421,111306390,daf723eb7a5dde3406a09ee260eb96697ab7fbf37fdce2491486e8096a7e4790,100,0,28,0.09,False,True,1041
NULL0422,2271094986,520edfe1bf82fce9e0da66bd5385207fa60cb54dbe7da1fbc15789f10f2eaaeb,100,0,28,0.116,False,True,1041
NULL0423,3323322454,f5fb7bec6fed823a6bc6043ac31e5f9a28df662443101d5fa855d7b56ee4976a,100,0,28,0.236,False,True,1041
NULL0424,1082344229,99a3fa7f9e5e8d3323d3d693b8bf5866ce0ccee8d9c1a3591d85694d9cd096dc,100,0,28,0.984,False,True,1041
NULL0425,1170329571,4c766f9dcaeef80ac741d0d5760fedfd565c0bf45acb930fc1398876a5120a6b,100,0,28,0.522,False,True,1041
NULL0426,968114445,49bc7443839a96d09cffc40daaa0bcb885547bde1f111dbe97bb06e62aef3cd8,100,0,28,0.594,False,True,1041
NULL0427,620604127,2b374857938cfeea577603044e89fd895af4ce12720a14e0fcac8f3fdda18425,100,0,28,0.69,False,True,1041
NULL0428,2578134250,c12168883d268bab54f01adad883f90e0cf9c051d3ed00db47adede9133f789c,100,0,28,0.42,False,True,1041
NULL0429,1989005324,de6f35434b3c571c262d1de690d8b825993c86c90fc520893aafca30d87979d3,100,28,28,0.022,True,True,1041
NULL0430,1234223685,7669b4c688d182105d98ed43959330538973fdc4e7019f2125dfca214e9a8bc7,100,0,28,0.704,False,True,1041
NULL0431,3043430376,94777b9c833235bbd3bd4a383e22d8f87cf652542d820b718c56efb4f66574df,100,28,28,0.01,True,True,1041
NULL0432,3956262823,87deb44f2439e6d8118a636f1e9d85c636a8de6ddcda1e1aa9e13ed3112e564f,100,0,28,0.238,False,True,1041
NULL0433,1986831026,1c641a1fa22a14f97670b70be46ddf93b5efbc22248e925f0b002391212a9081,100,0,28,0.164,False,True,1041
NULL0434,1495207765,45bd24979d4d50d952b9e50c3a332698e08bd89032c95c9ccd3e528bca439cc7,100,0,28,0.234,False,True,1041
NULL0435,291557436,fbb2219a408664e3e8f52dbd480403ba04732435da6b20e424017c589c064aa5,100,0,28,0.522,False,True,1041
NULL0436,3763824155,2994964fbaebe46bf9c9ae691a4888ca0b9c487f0a4a64eb48b4382f74d0c6a1,100,0,28,0.864,False,True,1041
NULL0437,353930306,70d1f82fbd28d69ded1fa378f43c6b5cb78b6fc56e055aadafe0b962b0f68bbd,100,0,28,0.772,False,True,1041
NULL0438,2055254225,16d9c4a6804114b53a9516568861f1e6c5cc80e5bf439abdd401704b7403f631,100,0,28,0.36,False,True,1041
NULL0439,1636460770,4def128f377ed2b8bc44c8174af4b2a3c10eae740649098e3ea8fa8a30bb8b14,100,0,28,0.196,False,True,1041
NULL0440,2536643960,a13fdde59de49485a054089091d9bb7fbe8b01543cb12e19c45d35b80fdc692d,100,0,28,0.692,False,True,1041
NULL0441,2775128218,98480a548879b6a92ca60be368af822f4236f65caed766f524b7ee1bc59476fe,100,0,28,0.432,False,True,1041
NULL0442,1769130537,34c0a9ffb58f6a54bf4c9ec338000cf68b2f7093fcc969916938a8418d2477c7,100,0,28,0.3,False,True,1041
NULL0443,3755167034,f0435879006c679caed76470e9fb5a5e74c5af0d019e5aab76d0cd88feb216c4,100,0,28,0.184,False,True,1041
NULL0444,689245082,03720bc9e8b3595570fb395fb50d90d9dcd1fa4622040f41305bbdeabd3ce26d,100,0,28,0.2,False,True,1041
NULL0445,42361332,1701edca8dcc80ad6dcb51a3dc47e73fbd9028ecad0175f025dd984ed72143b0,100,0,28,0.362,False,True,1041
NULL0446,3244969582,3461e870f1944dd47069662077a7cfed9e945e5d82d088ea2c99fb092fcb4dbd,100,0,28,0.106,False,True,1041
NULL0447,2571653556,33a4809a4a3dee5141a6eacf1833cde52f4d1c77688fb78d719084cd13698b35,100,0,28,0.872,False,True,1041
NULL0448,3165775841,659b5a734192d833551b876db0e8d120babd9117c762a5469681dd87ee6fe835,100,0,28,0.078,False,True,1041
NULL0449,900998309,5fa529b8fc66cc990b74c030cebd6b9735de6c3cd8f658abf7c10a617b9d3d3f,100,0,28,0.704,False,True,1041
NULL0450,494337098,328c1a3430055ce0cdc37b2f613bde7e0862cc93ca9719b083ead9922ec68fbf,100,0,28,0.992,False,True,1041
NULL0451,3332469604,233dda2e11488d8906fbb6fa7aea3c8523f88bdb2403fa2ee20880b305d713d8,100,0,28,0.576,False,True,1041
NULL0452,1619036227,cce865ca85a2e0ed29b256c0a60aa46ac31ee9fe99027c447095e6afd462e6ec,100,0,28,0.282,False,True,1041
NULL0453,3342090548,69c2ba99cc690ac0696eeba9f2451067bf3becc3ad1a3785aa5e3c3cc51d4384,100,0,28,0.546,False,True,1041
NULL0454,221862746,7fc2c8b5343c3ff89e19544c80853bfd2e2a3219e9c5af1728fbf26f96552c3d,100,0,28,0.238,False,True,1041
NULL0455,1489827039,451b29349834f289b4b542d65f139865eb93ffc95e7872515e1d6ab51c8e1902,100,0,28,0.41,False,True,1041
NULL0456,3065495246,49e062ac5620977dd3c7e95abaec7b9275621ca1190cc33d17380a0110735c02,100,0,28,0.766,False,True,1041
NULL0457,1288389590,b9e33eb19ba2c89ae87ba813b2f6d0b042b60fdf99347d96e49dc31b62a2e923,100,0,28,0.248,False,True,1041
NULL0458,1337598221,000107d4efdd914c6801142f935e11cfbba6aec40a72fb5ccd6a8e1372875e42,100,0,28,0.614,False,True,1041
NULL0459,3466416540,44e79c47e038d48cbe0455390ca7c6a7fb90a8aa3c799af4e1d728c58c49adb8,100,0,28,0.842,False,True,1041
NULL0460,2721834637,8a11d30e9b51ef9c87077050ca7f48da0fc782f0583efab1b74ee57b1b2e3b84,100,0,28,0.424,False,True,1041
NULL0461,3227491387,bff7f47e7c12f5b36a6d63293dceb7228e074c7f6cf2d7733dc574af19f5c51c,100,0,28,0.74,False,True,1041
NULL0462,4144800158,98a130ffe2faef9b7fd46681bd5247e17f25b52c2f176490f2f9b984af09169d,100,0,28,0.942,False,True,1041
NULL0463,133455146,ad14318e95f57a428f6ab2f64ea031294a6eccce233ae7f105a29f4d5d522eda,100,0,28,0.8,False,True,1041
NULL0464,3716207534,dbe5e1ee93f166c10f9a98a8fae8ad9c9c42971b05ee05ded0d6fd88a03820d0,100,0,28,0.558,False,True,1041
NULL0465,511193012,b1ff7595f6c086fc8421be5ba8051b48db298f97239b6c46fd48d04ad329f476,100,0,28,0.128,False,True,1041
NULL0466,3271957426,11242de4cdf17314c2d94ba8a04a5caf565e7fa8db987293a122b891665da3d3,100,0,28,0.622,False,True,1041
NULL0467,1373943676,3b50d326152163f80d8196b64e6f6c2c4cb0d51b2a64a6cac8fea7284f6eb595,100,28,28,0.04,True,True,1041
NULL0468,2986025998,2d7c627d9405d7f7d61b1650db93609d8d5894e6bf44b26329e4725991dd0f41,100,0,28,0.516,False,True,1041
NULL0469,1941026249,a580beebf4f9747951cc9fef5c1854119cdb62c88d0724761431bfc63d75bfc5,100,0,28,0.968,False,True,1041
NULL0470,1581222434,ceeeb7310857cf68bc7d5406d95153492c814b1c263cbe6b8cc3705ce6e50b12,100,0,28,0.166,False,True,1041
NULL0471,624200633,2cef8e45737789f6ff0a541969075a8f2c2fe0b89f5891ee751cdc04f11add20,100,0,28,0.984,False,True,1041
NULL0472,1011905465,bcf129b38f6484da1fa02ed0688e1d895bd8647affac4ab8e877fb7ae3280ec3,100,0,28,0.274,False,True,1041
NULL0473,1110306305,62cb9cc264631e93080289a760c544498d506145bd564ce089da555deddabfe1,100,0,28,0.188,False,True,1041
NULL0474,436046957,384e23ad0a400cfbe2fb396f212a28a532677d30d99696aaac32676334696a5e,100,0,28,0.9,False,True,1041
NULL0475,2026035923,03c4b5f7082523bddc610f1cec58ac250a1a7578001afd55b5795e50fca16f45,100,0,28,0.268,False,True,1041
NULL0476,2340391121,c19bacbbd48b8c58d7a059d3ae908a8fa5a2e25965bf2c95825cfb2fb6115590,100,0,28,0.682,False,True,1041
NULL0477,3024834778,dbf244c268977fb7771f9a373fc232be08c74fc5dbe357f5fe61d9993e337f1c,100,28,28,0.012,True,True,1041
NULL0478,1303123367,c7f5bd7e21e1144960991fb7f6ac31c9589d6ce5741a6a048a2059a9f3be44c2,100,0,28,0.38,False,True,1041
NULL0479,4203203953,9cfaa450e526866ed475b298f64d4a9f8ad8244f1f3a37d0dbe1f5198d5c70c8,100,0,28,0.984,False,True,1041
NULL0480,1224782756,8c7f053137ce2a2bdaff1994cfe000b18694de5121871f3e22562283821085db,100,0,28,0.164,False,True,1041
NULL0481,4162597886,7ff0ceae585d8b380f556c5baee27b322826891ff29e9cd1199e4217e7daa09d,100,0,28,0.502,False,True,1041
NULL0482,3401883212,00b7ba9c4f138bad4fa378174e4924cf7361e72117bed6d49d999bc67517f5c9,100,0,28,0.584,False,True,1041
NULL0483,1781701385,6a9643b38d7b8fa7f1b1d24f84c3776dc2c0c0dbfa038b9c652d7edef283c375,100,0,28,0.17,False,True,1041
NULL0484,2288296346,a90634ccedb2a7261fb173ccf0d1d457c88aafc26898444016bf2e394b3d9277,100,28,28,0.05,True,True,1041
NULL0485,83161921,3386875b4254dda174d7d3d171fec5d47dff964fb8a95bda7778ab62ee60edb1,100,0,28,0.574,False,True,1041
NULL0486,1771803723,509aa90efa1942f531ed339659b66e9be0d909c3c9b3db3ee8d5c54e891d3350,100,0,28,0.462,False,True,1041
NULL0487,1643295195,064a2d350c6700583b1497f957aa210b4c6854017870a3536ad03c16fe335e90,100,28,28,0.008,True,True,1041
NULL0488,2235263481,221474938ee025997f406f3095900de6e32c2668cda2c390833580f5a145f1ff,100,0,28,0.166,False,True,1041
NULL0489,1989455824,b25fb02fef1fa41acde322fccbf7ba75669dd07d6ed7d7c86c95db44ebbd5737,100,0,28,0.776,False,True,1041
NULL0490,547371157,5b9ceb6b7efa534b68c143f8c5f1137d9d2d4148895c6a6dbbde10dfb5886180,100,0,28,0.528,False,True,1041
NULL0491,1924117687,ce7942a3dc31fd062d27443494e19ec78e0766ece4193082286aac2598c80c7e,100,0,28,0.43,False,True,1041
NULL0492,1630952221,efa93e741f6e3b2d76195909f3ad6f924e74fa663561b120f26c002b0e5fddca,100,0,28,0.706,False,True,1041
NULL0493,1637218415,dd3b368205b30a0821658bed14157a9216d0b3f283dd0054a538dcef9f3b9d18,100,0,28,0.682,False,True,1041
NULL0494,1716395552,01f430a5b438f29fcfde9b1831b3da2af1f3102e413e18fe487f0ac249679cac,100,0,28,0.176,False,True,1041
NULL0495,2100788815,724c882dffe7cfdd430568a33f17a76cd08abb34466d7e3c6794c47d914452e5,100,0,28,0.366,False,True,1041
NULL0496,3396165995,fe8bb4db432578feb220b8c06627846c1378031f076c3adcbc2b97f77e70ea8d,100,0,28,0.14,False,True,1041
NULL0497,2509639073,3ea7c052d991cc4271df6c1d58096c6aba36a9a0c8bb054a4b576aa4f93b6935,100,0,28,0.748,False,True,1041
NULL0498,844005067,67106ff7c875247e3876d9ce07bd5add33cdf143ba5fa438d5082e4de7e9a50e,100,0,28,0.278,False,True,1041
NULL0499,2220244207,49438fb546d3dc80a8d0305f3f93ec57520e683de113e663eb14266b6d821e11,100,0,28,0.378,False,True,1041
NULL0500,667598227,e4e8528d4c9d4803d7eb56810da2f5ed75af07d7e7537fa424ac5f4260f95df7,100,0,28,0.338,False,True,1041
