cell,mouse_id,segments,fold,T,N,test_start_frame,test_end_frame,test_frames,test_duration_seconds,train_frames,theta_train,theta_test,n_core,gate_accept,gate_p,all_starts_converged,starts,core_fraction,CC_density,CC_fc_allpairs,CC_fc_retained,CP_density,CP_fc_allpairs,CP_fc_retained,PP_density,PP_fc_allpairs,PP_fc_retained,CC_minus_CP_fc_retained,CC_minus_PP_fc_retained,CP_minus_PP_fc_retained,CC_minus_CP_density,CC_minus_PP_density,CP_minus_PP_density,CC_minus_CP_fc_allpairs,CC_minus_PP_fc_allpairs,CP_minus_PP_fc_allpairs
20210805A07_1,M01,2,1,2999,197,1,1500,1500,300.0,1499,0.7790764951867761,0.7347130604559073,28,True,0.002,True,1041,0.14213197969543148,0.9708994708994709,0.8423859863088732,0.8459390011533691,0.75,0.7841055814736276,0.8297270708442769,0.6204564666103127,0.7541347467715511,0.8211864956821142,0.016211930309092182,0.02475250547125485,0.008540575162162667,0.22089947089947093,0.3504430042891582,0.12954353338968727,0.05828040483524555,0.08825123953732206,0.02997083470207651
20210805A07_1,M01,2,2,2999,197,1501,2999,1499,299.8,1500,0.7347130604559073,0.7790764951867761,39,True,0.002,True,1041,0.19796954314720813,0.8582995951417004,0.8688739725726073,0.896934506151087,0.7009087958455047,0.8194245475015126,0.8721872691389465,0.5934854470692574,0.7899888194530377,0.8557875343944386,0.024747237012140544,0.0411469717566485,0.016399734744507954,0.1573907992961957,0.26481414807244297,0.10742334877624726,0.04944942507109473,0.07888515311956967,0.02943572804847494
20211022A04_1,M01,2,1,2999,293,1,1500,1500,300.0,1499,0.6904586045364918,0.6923535737167298,50,True,0.002,True,1041,0.17064846416382254,0.6236734693877551,0.7091730037774839,0.77156285399328,0.5318518518518518,0.6957789842077933,0.7626270596251311,0.5194708022990852,0.69548108300067,0.760876063045436,0.008935794368148842,0.010686790947843972,0.00175099657969513,0.09182161753590334,0.10420266708866999,0.012381049552766643,0.013394019569690663,0.013691920776813915,0.0002979012071232523
20211022A04_1,M01,2,2,2999,293,1501,2999,1499,299.8,1500,0.6923535737167298,0.6904586045364918,43,True,0.002,True,1041,0.14675767918088736,0.5393133997785161,0.7157317454025425,0.7866136248083948,0.4052093023255814,0.6786902441781486,0.7729828961931752,0.353285140562249,0.6631604404849902,0.7772226881960629,0.013630728615219634,0.009390936612331924,-0.00423979200288771,0.13410409745293472,0.1860282592162671,0.051924161763332366,0.03704150122439387,0.05257130491755224,0.015529803693158373
20211029A07_1,M02,2,1,2999,296,1,1500,1500,300.0,1499,0.7040335419980877,0.7035908825530459,42,True,0.002,True,1041,0.14189189189189189,0.5226480836236934,0.7263257952520952,0.7995520581125103,0.4132920884889389,0.6910870917444925,0.7727355272507044,0.38949923749649873,0.6882920067265722,0.7700837607811286,0.02681653086180591,0.029468297331381677,0.002651766469575767,0.10935599513475452,0.1331488461271947,0.023792850992440162,0.03523870350760272,0.03803378852552297,0.0027950850179202513
20211029A07_1,M02,2,2,2999,296,1501,2999,1499,299.8,1500,0.7035908825530459,0.7040335419980877,35,True,0.002,True,1041,0.11824324324324324,0.6201680672268908,0.7397471360357969,0.7888466226129113,0.43568691844553914,0.6972166903561413,0.7600921990826119,0.423017978190392,0.695148942208949,0.7576396102628628,0.028754423530299333,0.031207012350048524,0.0024525888197491907,0.18448114878135163,0.19715008903649878,0.012668940255147143,0.04253044567965558,0.04459819382684793,0.00206774814719235
20211030A04_1,M02,2,1,2999,116,1,1500,1500,300.0,1499,0.6502115855036041,0.6933518733840993,23,True,0.002,True,1041,0.19827586206896552,0.6245059288537549,0.725177970701657,0.7947449305562967,0.5404394576905096,0.6995356881225697,0.7753226656411856,0.47755960729312763,0.6892054828336031,0.7713636377246191,0.01942226491511112,0.023381292831677558,0.003959027916566438,0.08406647116324528,0.14694632156062726,0.06287985039738198,0.025642282579087294,0.03597248786805396,0.010330205288966665
20211030A04_1,M02,2,2,2999,116,1501,2999,1499,299.8,1500,0.6933518733840993,0.6502115855036041,15,True,0.002,True,1041,0.12931034482758622,0.6571428571428571,0.6805710812865051,0.8077733475336442,0.46006600660066005,0.6337664146981201,0.7722341008176818,0.3712871287128713,0.6218173573435994,0.7666136762210538,0.035539246715962314,0.04115967131259035,0.0056204245966280375,0.1970768505421971,0.28585572842998586,0.08877887788778877,0.046804666588385,0.05875372394290568,0.011949057354520676
20211102A04_1,M03,2,1,2999,252,1,1500,1500,300.0,1499,0.6758737398589021,0.6630974425546263,25,True,0.002,True,1041,0.0992063492063492,0.78,0.7314371783491361,0.7623258592794413,0.5430837004405287,0.6708198202546714,0.7441469569234727,0.42852130521227244,0.6505902663037703,0.7491812058315952,0.01817890235596864,0.0131446534478461,-0.0050342489081225406,0.23691629955947135,0.3514786947877276,0.11456239522825623,0.06061735809446478,0.08084691204536587,0.02022955395090109
20211102A04_1,M03,2,2,2999,252,1501,2999,1499,299.8,1500,0.6630974425546263,0.6758737398589021,50,True,0.002,True,1041,0.1984126984126984,0.5363265306122449,0.6910225561862893,0.781669164356977,0.47108910891089106,0.6725475752631912,0.7692307789883787,0.41066942515147037,0.6586790552621381,0.7599623949792048,0.012438385368598315,0.02170676937777216,0.009268384009173847,0.06523742170135383,0.12565710546077452,0.060419683759420695,0.018474980923098072,0.03234350092415117,0.013868520001053097
20211102A06_1,M03,2,1,2207,235,1,1104,1104,220.8,1103,0.7072144692500464,0.6894866813459369,36,True,0.002,True,1041,0.15319148936170213,0.8095238095238095,0.7610932004184345,0.8038424885003685,0.5018146286990508,0.6852809576263905,0.7740555618379719,0.47256484442414093,0.6858883729844084,0.7717080694777582,0.029786926662396684,0.03213441902261038,0.0023474923602136988,0.30770918082475873,0.3369589650996686,0.029249784274909874,0.07581224279204402,0.07520482743402612,-0.0006074153580178931
20211102A06_1,M03,2,2,2207,235,1105,2207,1103,220.6,1104,0.6894866813459369,0.7072144692500464,35,True,0.002,True,1041,0.14893617021276595,0.7277310924369748,0.7758041141796321,0.8247727637286901,0.5111428571428571,0.7106371002470095,0.7977964086954643,0.45195979899497485,0.6977390003724452,0.7860579129375856,0.02697635503322582,0.03871485079110448,0.011738495757878664,0.21658823529411764,0.2757712934419999,0.05918305814788227,0.06516701393262259,0.07806511380718695,0.012898099874564362
20211102A11_1,M03,2,1,2999,226,1,1500,1500,300.0,1499,0.6517888032266507,0.6290037860077518,41,True,0.002,True,1041,0.18141592920353983,0.474390243902439,0.6480992452553038,0.7445246666089678,0.391430454845089,0.6112600404942906,0.7037909895865887,0.4386603995299648,0.6196399341911414,0.700067842899754,0.04073367702237907,0.04445682370921378,0.0037231466868347107,0.08295978905735002,0.03572984437247423,-0.04722994468487579,0.03683920476101321,0.02845931106416244,-0.008379893696850771
20211102A11_1,M03,2,2,2999,226,1501,2999,1499,299.8,1500,0.6290037860077518,0.6517888032266507,31,True,0.002,True,1041,0.13716814159292035,0.5483870967741935,0.6665314969200371,0.7204672006687283,0.3818031430934657,0.6344877037421653,0.7133950690224578,0.3528416600581549,0.6323289645677279,0.7206089775426501,0.007072131646270519,-0.00014177687392180616,-0.007213908520192325,0.16658395368072781,0.19554543671603858,0.028961483035310764,0.03204379317787176,0.03420253235230919,0.0021587391744374296
20211102A12_1,M03,2,1,2999,292,1,1500,1500,300.0,1499,0.6762057442133673,0.6861942916435266,30,True,0.002,True,1041,0.10273972602739725,0.5149425287356322,0.7172723103008434,0.820934187001783,0.3267175572519084,0.6588147408386155,0.7860509078450804,0.42209938287853527,0.6705291953668034,0.7758053388238443,0.03488327915670264,0.04512884817793872,0.010245569021236078,0.1882249714837238,0.09284314585709691,-0.09538182562662689,0.05845756946222791,0.04674311493403993,-0.011714454528187979
20211102A12_1,M03,2,2,2999,292,1501,2999,1499,299.8,1500,0.6861942916435266,0.6762057442133673,30,True,0.002,True,1041,0.10273972602739725,0.4896551724137931,0.6951152095033586,0.8102915074774616,0.28027989821882954,0.6382910682746434,0.7793053776950736,0.27761691673247346,0.6337772603873602,0.7662183480983867,0.030986129782388017,0.044073159379074855,0.013087029596686839,0.20937527419496355,0.21203825568131962,0.0026629814863560752,0.05682414122871515,0.061337949115998436,0.004513807887283283
20211106A01_1,M04,2,1,2999,199,1,1500,1500,300.0,1499,0.6782705297709898,0.7486808386581321,30,True,0.002,True,1041,0.1507537688442211,0.8505747126436781,0.8188180100889636,0.8411356767149442,0.7234714003944773,0.7865959995632288,0.8282558782553705,0.6413778529163144,0.7677322065903224,0.8209788914962801,0.012879798459573655,0.02015678521866404,0.007276986759090387,0.1271033122492008,0.20919685972736368,0.08209354747816289,0.03222201052573481,0.051085803498641225,0.018863792972906412
20211106A01_1,M04,2,2,2999,199,1501,2999,1499,299.8,1500,0.7486808386581321,0.6782705297709898,38,True,0.002,True,1041,0.19095477386934673,0.7240398293029872,0.7557571106222198,0.8374315049022661,0.586629617522066,0.7031679457338715,0.8165520695456029,0.514751552795031,0.6802821326554472,0.8057483454471451,0.020879435356663256,0.03168315945512101,0.010803724098457756,0.13741021178092117,0.20928827650795612,0.07187806472703495,0.052589164888348305,0.0754749779667726,0.0228858130784243
20211106A07_1,M04,2,1,2999,368,1,1500,1500,300.0,1499,0.651777196637578,0.6493759841108421,57,True,0.002,True,1041,0.15489130434782608,0.5200501253132832,0.6610456888745905,0.7395702856210098,0.43927342471935465,0.6396277325416884,0.7173162103459275,0.423483041178301,0.6392588381879372,0.7162246921052576,0.022254075275082275,0.02334559351575216,0.0010915182406698865,0.08077670059392855,0.09656708413498222,0.015790383541053665,0.02141795633290211,0.021786850686653314,0.0003688943537512035
20211106A07_1,M04,2,2,2999,368,1501,2999,1499,299.8,1500,0.6493759841108421,0.651777196637578,45,True,0.002,True,1041,0.12228260869565218,0.5040404040404041,0.6599186646663763,0.7259809372530341,0.4366701066391469,0.6450374578554146,0.7142092489707103,0.3966886525777359,0.6386825870265213,0.7123987223432152,0.011771688282323889,0.013582214909818924,0.001810526627495035,0.06737029740125716,0.10735175146266818,0.039981454061411015,0.014881206810961722,0.021236077639855022,0.0063548708288933
20211106A09_1,M04,2,1,2999,239,1,1500,1500,300.0,1499,0.6845843828151417,0.7055207258117913,36,True,0.002,True,1041,0.1506276150627615,0.7158730158730159,0.7596996260742537,0.7992785054946128,0.5350301039956212,0.7145880138823909,0.7819852827143978,0.41569526410769153,0.6906912494721777,0.7806531440231644,0.017293222780214945,0.018625361471448332,0.0013321386912333866,0.18084291187739465,0.30017775176532435,0.1193348398879297,0.04511161219186277,0.06900837660207593,0.023896764410213156
20211106A09_1,M04,2,2,2999,239,1501,2999,1499,299.8,1500,0.7055207258117913,0.6845843828151417,26,True,0.002,True,1041,0.1087866108786611,0.4707692307692308,0.6916391401363275,0.7846248831735156,0.3293607800650054,0.6567873588138124,0.7548911448008558,0.33098591549295775,0.661405765990776,0.7548360149908088,0.0297337383726598,0.029788868182706874,5.512981004707207e-05,0.14140845070422536,0.13978331527627302,-0.00162513542795234,0.034851781322515096,0.030233374145551495,-0.0046184071769636015
20211109A07_1,M05,2,1,2999,192,1,1500,1500,300.0,1499,0.6859857153115223,0.7383434675979983,34,True,0.002,True,1041,0.17708333333333334,0.9411764705882353,0.8344831420764144,0.846877325272554,0.887379002233805,0.819718883425215,0.8430620605342924,0.8357655405950173,0.8063751305820737,0.8399596854278665,0.003815264738261548,0.006917639844687518,0.0031023751064259697,0.05379746835443033,0.105410929993218,0.05161346163878766,0.014764258651199347,0.028108011494340723,0.013343752843141377
20211109A07_1,M05,2,2,2999,192,1501,2999,1499,299.8,1500,0.7383434675979983,0.6859857153115223,33,True,0.002,True,1041,0.171875,0.4962121212121212,0.6921934864010553,0.8292853512764782,0.5690870973889842,0.7045725459471488,0.8213469818748386,0.6656317172199666,0.731338520551604,0.8238415169638051,0.007938369401639611,0.005443834312673035,-0.0024945350889665763,-0.072874976176863,-0.1694195960078454,-0.09654461983098239,-0.01237905954609353,-0.03914503415054871,-0.02676597460445518
20220412A06_1,M05,2,1,2999,331,1,1500,1500,300.0,1499,0.7031942305596505,0.6797944072853475,46,True,0.002,True,1041,0.13897280966767372,0.6821256038647343,0.7467267230859126,0.807278595156261,0.39382151029748286,0.6604552369252422,0.7570516294090005,0.3769705955028416,0.6600198398056967,0.7580031695180453,0.05022696574726049,0.04927542563821574,-0.0009515401090447462,0.28830409356725145,0.3051550083618927,0.016850914794641236,0.08627148616067037,0.08670688328021592,0.00043539711954554416
20220412A06_1,M05,2,2,2999,331,1501,2999,1499,299.8,1500,0.6797944072853475,0.7031942305596505,45,True,0.002,True,1041,0.13595166163141995,0.7757575757575758,0.7645030946248119,0.793860934593272,0.4623931623931624,0.7014036589438557,0.7707291879672932,0.36925530609741136,0.6839794854035479,0.7691865287358801,0.023131746625978833,0.02467440585739189,0.0015426592314130572,0.31336441336441334,0.4065022696601644,0.09313785629575105,0.06309943568095622,0.080523609221264,0.017424173540307786
20210805A07_1,M01,3,1,2999,197,1,1000,1000,200.0,1999,0.7902939372553945,0.7400701018293144,26,True,0.002,True,1041,0.1319796954314721,0.9938461538461538,0.8399925308008147,0.8406384167860216,0.7546108861898335,0.785323528998611,0.8304544056302855,0.6229790161678707,0.7611393838990956,0.8262438099254811,0.010184011155736084,0.014394606860540504,0.004210595704804421,0.2392352676563203,0.37086713767828317,0.13163187002196286,0.05466900180220369,0.07885314690171907,0.024184145099515386
20210805A07_1,M01,3,2,2999,197,1001,2000,1000,200.0,1999,0.7882519659451793,0.7477383133441031,26,True,0.002,True,1041,0.1319796954314721,1.0,0.8695631270277059,0.8695631270277059,0.8169140800719749,0.8106721678238146,0.8435705438590525,0.6674922600619195,0.77298151898558,0.8283786559599384,0.025992583168653383,0.04118447106776746,0.015191887899114076,0.18308591992802514,0.33250773993808047,0.14942182001005533,0.05889095920389131,0.0965816080421259,0.037690648838234586
20210805A07_1,M01,3,3,2999,197,2001,2999,999,199.8,2000,0.7484633290086392,0.7930319172923115,36,True,0.002,True,1041,0.18274111675126903,0.8936507936507937,0.8879761477247322,0.9119157583167786,0.7696687370600414,0.8446435285218558,0.8851453735537531,0.637111801242236,0.8115836917066107,0.8695442973389128,0.026770384763025512,0.042371460977865816,0.015601076214840304,0.12398205659075234,0.2565389924085577,0.13255693581780537,0.043332619202876455,0.0763924560181215,0.03305983681524505
20211022A04_1,M01,3,1,2999,293,1,1000,1000,200.0,1999,0.6772756975567444,0.7200032531004595,29,True,0.002,True,1041,0.09897610921501707,0.541871921182266,0.728724979707395,0.7877651811054027,0.536833855799373,0.7236628916728199,0.7821272340094203,0.5717824634174444,0.7296094593586131,0.7860522140643884,0.005637947095982421,0.0017129670410143127,-0.003924980054968108,0.0050380653828929756,-0.029910542235178417,-0.03494860761807139,0.005062088034575085,-0.000884479651218073,-0.005946567685793158
20211022A04_1,M01,3,2,2999,293,1001,2000,1000,200.0,1999,0.7123149766750327,0.6620617615170217,37,True,0.002,True,1041,0.12627986348122866,0.575075075075075,0.699418339035199,0.777949872312558,0.38217905405405406,0.6375221263827937,0.7401937931281789,0.4948223039215686,0.6619559338557449,0.7484062549402013,0.037756079184379066,0.029543617372356668,-0.008212461812022398,0.192896021021021,0.08025277115350643,-0.11264324986751456,0.0618962126524053,0.037462405179454095,-0.024433807472951208
20211022A04_1,M01,3,3,2999,293,2001,2999,999,199.8,2000,0.6981922283576488,0.7007033755558465,44,True,0.002,True,1041,0.15017064846416384,0.47357293868921774,0.7106273113005621,0.8000898932835613,0.3962212486308872,0.6812090539266158,0.7830629894129236,0.3741417282031351,0.6746351347067266,0.8072824618714157,0.017026903870637655,-0.007192568587854442,-0.024219472458492097,0.07735169005833054,0.09943121048608261,0.022079520427752075,0.02941825737394632,0.03599217659383547,0.006573919219889146
20211029A07_1,M02,3,1,2999,296,1,1000,1000,200.0,1999,0.7375732262451671,0.6620164535873834,37,True,0.002,True,1041,0.125,0.3633633633633634,0.6443751721058294,0.7342634528507339,0.328811436919545,0.6348443011480335,0.7162089305554652,0.37649277184160906,0.646255148932459,0.7336159616808626,0.018054522295268716,0.0006474911698712837,-0.017407031125397432,0.03455192644381838,-0.013129408478245674,-0.047681334922064056,0.009530870957795923,-0.001879976826629548,-0.01141084778442547
20211029A07_1,M02,3,2,2999,296,1001,2000,1000,200.0,1999,0.6918541439540784,0.7498391416065957,38,True,0.002,True,1041,0.12837837837837837,0.8662873399715505,0.8044609202695369,0.8172641545521039,0.6421868625050999,0.769047620356326,0.8059425162429915,0.5118692124392966,0.7505591971043837,0.8128039923426964,0.01132163830911237,0.004460162209407481,-0.0068614760997048885,0.22410047746645056,0.3544181275322539,0.13031765006580331,0.03541329991321085,0.05390172316515318,0.018488423251942332
20211029A07_1,M02,3,3,2999,296,2001,2999,999,199.8,2000,0.7089909810074405,0.7192480968245557,48,True,0.002,True,1041,0.16216216216216217,0.6852836879432624,0.7529954168648465,0.7928631647367602,0.5111727150537635,0.7191698631873744,0.7748752736559532,0.5146924382917591,0.721332372877674,0.7856433740491977,0.017987891080807006,0.007219790687562511,-0.010768100393244495,0.17411097288949895,0.1705912496515033,-0.0035197232379956533,0.03382555367747209,0.03166304398717246,-0.00216250969029963
20211030A04_1,M02,3,1,2999,116,1,1000,1000,200.0,1999,0.6983198877389414,0.6956415419924287,23,True,0.002,True,1041,0.19827586206896552,0.6442687747035574,0.7399124990719353,0.8157978751649576,0.5759700794763908,0.7119512044441011,0.7906884296638329,0.5240766713417485,0.6972905805886531,0.7774031698619498,0.025109445501124705,0.038394705303007814,0.01328525980188311,0.06829869522716658,0.12019210336180886,0.05189340813464227,0.027961294627834254,0.04262191848328223,0.014660623855447974
20211030A04_1,M02,3,2,2999,116,1001,2000,1000,200.0,1999,0.6892259847967213,0.7118063920259825,12,True,0.002,True,1041,0.10344827586206896,0.803030303030303,0.767307471436292,0.7982458564416961,0.5905448717948718,0.7244860334676988,0.7887241211145506,0.515309932785661,0.7141614159802931,0.7856282557706742,0.009521735327145509,0.012617600671021911,0.0030958653438764028,0.21248543123543118,0.28772037024464203,0.07523493900921085,0.04282143796859317,0.05314605545599882,0.010324617487405652
20211030A04_1,M02,3,3,2999,116,2001,2999,999,199.8,2000,0.7092033141727847,0.6696026546160097,15,True,0.002,True,1041,0.12931034482758622,0.7523809523809524,0.744984372959182,0.8149747627934338,0.4778877887788779,0.6572231063681462,0.7874417919636739,0.38712871287128714,0.6443013685977463,0.7895382954514759,0.027532970829759917,0.025436467341957925,-0.002096503487801993,0.2744931636020745,0.36525223950966523,0.09075907590759075,0.08776126659103578,0.10068300436143562,0.012921737770399844
20211102A04_1,M03,3,1,2999,252,1,1000,1000,200.0,1999,0.705094067575774,0.6856177443004543,50,True,0.002,True,1041,0.1984126984126984,0.5926530612244898,0.7091888264280308,0.7719214054340543,0.5821782178217821,0.7007527030407417,0.7662975764207912,0.5675089897049407,0.6953378635269568,0.7678740687894995,0.005623829013263082,0.004047336644554811,-0.001576492368708271,0.010474843402707656,0.025144071519549116,0.01466922811684146,0.008436123387289163,0.013850962901074015,0.005414839513784853
20211102A04_1,M03,3,2,2999,252,1001,2000,1000,200.0,1999,0.7002415041733787,0.6968438063764766,35,True,0.002,True,1041,0.1388888888888889,0.719327731092437,0.7499038138847237,0.7891298666110541,0.47702435813034894,0.6882616554276163,0.7762984100598956,0.42737668544120155,0.6849354276467738,0.7899233390402808,0.012831456551158471,-0.0007934724292266715,-0.013624928980385143,0.24230337296208804,0.2919510456512354,0.04964767268914738,0.06164215845710741,0.06496838623794987,0.003326227780842461
20211102A04_1,M03,3,3,2999,252,2001,2999,999,199.8,2000,0.6935332986098917,0.7013709861313602,35,True,0.002,True,1041,0.1388888888888889,0.5008403361344538,0.7169043977214187,0.8409544013088537,0.4410796576695194,0.6926167204082876,0.7982284761974617,0.44841269841269843,0.6920857107554177,0.7783327803338632,0.04272592511139195,0.06262162097499047,0.019895695863598517,0.05976067846493438,0.05242763772175535,-0.007333040743179031,0.024287677313131084,0.02481868696600098,0.000531009652869896
20211102A06_1,M03,3,1,2207,235,1,736,736,147.2,1471,0.7166355617793596,0.6986449204403966,30,True,0.002,True,1041,0.1276595744680851,0.9793103448275862,0.8075381213585705,0.8105322769314786,0.5570731707317074,0.7029962207933834,0.7833307589645353,0.5028216164514586,0.7003048792628316,0.7867379678639604,0.027201517966943256,0.023794309067518116,-0.0034072088994251404,0.4222371740958788,0.47648872837612755,0.05425155428024875,0.10454190056518708,0.10723324209573892,0.0026913415305518384
20211102A06_1,M03,3,2,2207,235,737,1472,736,147.2,1471,0.725838790262328,0.6906005985048586,39,True,0.002,True,1041,0.16595744680851063,0.8137651821862348,0.7953447402162712,0.8383401729707801,0.5548142333856619,0.7032484133286883,0.7930041096592889,0.4379905808477237,0.6761701594318269,0.7782057194758758,0.045336063311491204,0.060134453494904316,0.014798390183413113,0.2589509488005729,0.37577460133851115,0.11682365253793825,0.09209632688758296,0.11917458078444432,0.02707825389686136
20211102A06_1,M03,3,3,2207,235,1473,2207,735,147.0,1472,0.6955093348192611,0.7314934524826582,30,True,0.002,True,1041,0.1276595744680851,0.9885057471264368,0.8404194060648417,0.8419734568988466,0.683739837398374,0.7663280058309577,0.8199561259952434,0.5446197991391679,0.7362706667886337,0.8064222002335493,0.02201733090360325,0.03555125666529735,0.013533925761694099,0.30476590972806283,0.4438859479872689,0.13912003825920605,0.07409140023388394,0.10414873927620794,0.030057339042323994
20211102A11_1,M03,3,1,2999,226,1,1000,1000,200.0,1999,0.6726791862267356,0.6446026729413588,30,True,0.002,True,1041,0.13274336283185842,0.38850574712643676,0.6329975891753383,0.7407839300410645,0.3683673469387755,0.6203929887091089,0.7124227392401772,0.469440083725798,0.6408642206403576,0.7244622265096244,0.02836119080088728,0.016321703531440024,-0.012039487269447258,0.020138400187661276,-0.08093433659936122,-0.1010727367870225,0.012604600466229465,-0.007866631465019314,-0.02047123193124878
20211102A11_1,M03,3,2,2999,226,1001,2000,1000,200.0,1999,0.6562855967355028,0.6704083508546305,32,True,0.002,True,1041,0.1415929203539823,0.4435483870967742,0.6636336234532817,0.7546203455967654,0.3704896907216495,0.6482292239475982,0.7333093447455515,0.4290903263714545,0.6618622189335842,0.7416594562378488,0.021311000851213846,0.012960889358916594,-0.008350111492297252,0.07305869637512469,0.014458060725319688,-0.058600635649805,0.015404399505683508,0.0017714045196974837,-0.013632994985986024
20211102A11_1,M03,3,3,2999,226,2001,2999,999,199.8,2000,0.6562873253620415,0.6684071243180667,45,True,0.002,True,1041,0.19911504424778761,0.47373737373737373,0.672844626337564,0.748170094690334,0.41497851442602823,0.6556578879974443,0.7340913235104228,0.4338244321669736,0.6592227240259321,0.7387715125795585,0.014078771179911187,0.009398582110775489,-0.004680189069135698,0.0587588593113455,0.03991294157040015,-0.01884591774094535,0.017186738340119745,0.013621902311631962,-0.0035648360284877834
20211102A12_1,M03,3,1,2999,292,1,1000,1000,200.0,1999,0.6954061960872304,0.6866329593065044,33,True,0.002,True,1041,0.11301369863013698,0.5606060606060606,0.7062182726486996,0.7838648867631601,0.504036504036504,0.6825534058156941,0.7670754260317431,0.6246745083954386,0.7095692542640751,0.7756244022199017,0.016789460731417072,0.00824048454325843,-0.008548976188158641,0.056569556569556534,-0.06406844778937804,-0.12063800435893457,0.023664866833005505,-0.0033509816153755034,-0.027015848448381008
20211102A12_1,M03,3,2,2999,292,1001,2000,1000,200.0,1999,0.6791450357012732,0.71323124366482,58,True,0.002,True,1041,0.19863013698630136,0.49304295220810646,0.7240019038558608,0.8074051004258237,0.4365605658709107,0.7053968985202235,0.7973612569276649,0.3802868566817065,0.6913904626495032,0.7941782194361661,0.010043843498158789,0.01322688098965763,0.0031830374914988413,0.05648238633719577,0.11275609552639998,0.05627370918920421,0.01860500533563736,0.032611441206357616,0.014006435870720257
20211102A12_1,M03,3,3,2999,292,2001,2999,999,199.8,2000,0.7012066935169172,0.6820384304243587,41,True,0.002,True,1041,0.1404109589041096,0.5280487804878049,0.7118470679400147,0.8147400175273548,0.32096006219026335,0.65213127671265,0.7839177533198031,0.2962231075697211,0.6417677192335215,0.7716724792787695,0.03082226420755174,0.043067538248585335,0.012245274041033594,0.20708871829754155,0.2318256729180838,0.024736954620542262,0.0597157912273647,0.07007934870649324,0.010363557479128538
20211106A01_1,M04,3,1,2999,199,1,1000,1000,200.0,1999,0.6965015177760331,0.7252955729899102,28,True,0.002,True,1041,0.1407035175879397,0.9576719576719577,0.8369901689649851,0.8425445832325817,0.89578111946533,0.813942026932718,0.8348324508037488,0.8393532851737187,0.7950854769571518,0.8294174894210229,0.007712132428832952,0.013127093811558854,0.0054149613827259024,0.06189083820662766,0.11831867249823902,0.056427834291611356,0.023048142032267127,0.04190469200783331,0.018856549975566184
20211106A01_1,M04,3,2,2999,199,1001,2000,1000,200.0,1999,0.7490554050541219,0.6875469147706208,32,True,0.002,True,1041,0.16080402010050251,0.8568548387096774,0.8073784201170333,0.8404514385317051,0.6979790419161677,0.7385446761586083,0.8110103767533737,0.5909386047182743,0.7058944530155217,0.8004463197535696,0.02944106177833139,0.04000511877813551,0.010564056999804117,0.15887579679350972,0.2659162339914031,0.10704043719789336,0.06883374395842501,0.10148396710151164,0.03265022314308663
20211106A01_1,M04,3,3,2999,199,2001,2999,999,199.8,2000,0.748522710239161,0.6835743856229488,36,True,0.002,True,1041,0.18090452261306533,0.9158730158730158,0.8250809750177733,0.8435084982321986,0.6220177232447172,0.7155835195747161,0.8213169415913536,0.5192759221389078,0.6880668538548725,0.8173228196412463,0.022191556640845045,0.026185678590952333,0.003994121950107288,0.2938552926282987,0.396597093734108,0.10274180110580933,0.10949745544305722,0.1370141211629008,0.02751666571984357
20211106A07_1,M04,3,1,2999,368,1,1000,1000,200.0,1999,0.665518456715888,0.6655767238677804,64,True,0.002,True,1041,0.17391304347826086,0.3680555555555556,0.6438263577311268,0.7636917787681776,0.3705283717105263,0.6412749990817304,0.7387054548336386,0.4548810144172312,0.6605347689240223,0.7431572242719489,0.024986323934539034,0.020534554496228763,-0.004451769438310271,-0.0024728161549707472,-0.08682545886167564,-0.0843526427067049,0.0025513586493964846,-0.016708411192895456,-0.01925976984229194
20211106A07_1,M04,3,2,2999,368,1001,2000,1000,200.0,1999,0.6729468896403111,0.6483928716754306,53,True,0.002,True,1041,0.14402173913043478,0.5442670537010159,0.6710151747106113,0.7385375603290059,0.4582210242587601,0.6440920550609966,0.7147182784046586,0.3956323930846224,0.6334508906194471,0.715096367121029,0.023819281924347235,0.023441193207976885,-0.0003780887163703506,0.08604602944225581,0.14863466061639352,0.06258863117413771,0.02692311964961469,0.03756428409116419,0.0106411644415495
20211106A07_1,M04,3,3,2999,368,2001,2999,999,199.8,2000,0.6571944949554835,0.6775845505962348,66,True,0.002,True,1041,0.1793478260869565,0.5412587412587413,0.694636643444509,0.7548815267374195,0.4955348183825005,0.6776419811656189,0.7379421931670757,0.44023233812237356,0.6694390447900833,0.7382489740160294,0.01693933357034383,0.01663255272139008,-0.00030678084895374713,0.045723922876240775,0.10102640313636774,0.05530248026012696,0.016994662278890127,0.025197598654425724,0.008202936375535597
20211106A09_1,M04,3,1,2999,239,1,1000,1000,200.0,1999,0.6858196099941469,0.6718883015950783,33,True,0.002,True,1041,0.13807531380753138,0.6856060606060606,0.7154914624941051,0.7692789186332765,0.47896440129449835,0.6707132448145346,0.7547114780303704,0.40445181150840637,0.6557143677617815,0.7488592785303775,0.014567440602906045,0.020419640102898984,0.005852199499992938,0.2066416593115622,0.2811542490976542,0.07451258978609199,0.044778217679570465,0.05977709473232362,0.014998877052753157
20211106A09_1,M04,3,2,2999,239,1001,2000,1000,200.0,1999,0.6770475114777286,0.6818310700781582,35,True,0.002,True,1041,0.14644351464435146,0.6554621848739496,0.7186172229863996,0.7829040764845666,0.38445378151260506,0.6607998569775899,0.7635772825489988,0.3698444895199459,0.659701823545484,0.7679618092069707,0.0193267939355678,0.014942267277595955,-0.004384526657971843,0.2710084033613445,0.28561769535400366,0.014609291992659146,0.05781736600880971,0.05891539944091562,0.0010980334321059049
20211106A09_1,M04,3,3,2999,239,2001,2999,999,199.8,2000,0.683611169017117,0.6775826173601266,31,True,0.002,True,1041,0.1297071129707113,0.578494623655914,0.7086875484328764,0.7775294739806843,0.429590570719603,0.6679694690664251,0.7515920871587068,0.3795522110739502,0.6592291480509901,0.7500601515194512,0.025937386821977437,0.027469322461233125,0.0015319356392556882,0.14890405293631098,0.19894241258196377,0.050038359645652786,0.04071807936645133,0.049458400381886314,0.008740321015434982
20211109A07_1,M05,3,1,2999,192,1,1000,1000,200.0,1999,0.6973893834233629,0.7584785186516534,27,True,0.002,True,1041,0.140625,0.7948717948717948,0.8041826779279723,0.8379514363304302,0.8282828282828283,0.8134843502934787,0.8436091422971225,0.8750184774575018,0.8312170697824875,0.8552761848543929,-0.005657705966692239,-0.017324748523962707,-0.011667042557270468,-0.033411033411033464,-0.08014668258570701,-0.046735649174673544,-0.009301672365506386,-0.027034391854515283,-0.017732719489008897
20211109A07_1,M05,3,2,2999,192,1001,2000,1000,200.0,1999,0.7603836307311913,0.6950479038038765,27,True,0.002,True,1041,0.140625,1.0,0.8518588423944373,0.8518588423944373,0.8280583613916948,0.784071612898923,0.8319588852069713,0.7305986696230599,0.7603727653318731,0.836125946811816,0.019899957187466066,0.015732895582621365,-0.004167061604844702,0.17194163860830525,0.26940133037694014,0.09745969176863489,0.0677872294955143,0.09148607706256418,0.023698847567049874
20211109A07_1,M05,3,3,2999,192,2001,2999,999,199.8,2000,0.7716797745529004,0.6798414114411557,37,True,0.002,True,1041,0.19270833333333334,0.9294294294294294,0.8239716691649276,0.8393041968369934,0.6972972972972973,0.7375689523583364,0.8282799599976985,0.588353581901969,0.704693876789124,0.8238856340981682,0.011024236839294876,0.015418562738825248,0.004394325899530371,0.23213213213213213,0.34107584752746045,0.10894371539532832,0.08640271680659117,0.1192777923758036,0.03287507556921243
20220412A06_1,M05,3,1,2999,331,1,1000,1000,200.0,1999,0.7315295123272739,0.6659315343593653,66,True,0.002,True,1041,0.19939577039274925,0.46107226107226107,0.6701962803006656,0.7691531200221399,0.3753001715265866,0.6458572907390798,0.7406916247937244,0.38593481989708406,0.6475975060121179,0.7446032462755339,0.028461495228415457,0.024549873746606,-0.0039116214818094575,0.08577208954567445,0.07513744117517701,-0.010634648370497435,0.024338989561585755,0.02259877428854773,-0.001740215273038026
20220412A06_1,M05,3,2,2999,331,1001,2000,1000,200.0,1999,0.6883008998270886,0.7411963104093842,43,True,0.002,True,1041,0.1299093655589124,0.8870431893687708,0.8297187088054658,0.8457249496413094,0.4421027131782946,0.733309267592443,0.8196617520084459,0.3367450638792102,0.7156710979121937,0.8136910798700165,0.026063197632863466,0.032033869771292856,0.005970672138429389,0.4449404761904762,0.5502981254895606,0.10535764929908437,0.09640944121302286,0.11404761089327209,0.017638169680249227
20220412A06_1,M05,3,3,2999,331,2001,2999,999,199.8,2000,0.7076171441423861,0.7146464431761405,40,True,0.002,True,1041,0.12084592145015106,0.7487179487179487,0.7758107849362502,0.8137359324815427,0.4847938144329897,0.7162709536987907,0.7919752617962924,0.4166844412845124,0.7000203100503372,0.7930837863232402,0.02176067068525034,0.020652146158302576,-0.0011085245269477628,0.26392413428495903,0.33203350743343635,0.06810937314847731,0.05953983123745954,0.07579047488591306,0.016250643648453522
20210805A07_1,M01,5,1,2999,197,1,600,600,120.0,2399,0.7893449551719925,0.7926645160337645,34,True,0.002,True,1041,0.17258883248730963,0.9928698752228164,0.846041927505586,0.84654264324188,0.8278599783471671,0.8242878487169143,0.8390117984725977,0.6813602969022192,0.8068573774915085,0.8344434571981986,0.007530844769282341,0.012099186043681431,0.00456834127439909,0.16500989687564938,0.3115095783205972,0.14649968144494785,0.02175407878867175,0.0391845500140775,0.017430471225405753
20210805A07_1,M01,5,2,2999,197,601,1200,600,120.0,2399,0.7948946972576183,0.7799585159000091,32,True,0.002,True,1041,0.16243654822335024,0.9979838709677419,0.8719680204312584,0.8722013226209293,0.6979166666666666,0.8099825145360621,0.8541378766029267,0.5510716925351071,0.7855387562959195,0.8472205961412903,0.018063446018002582,0.024980726479639004,0.006917280461636421,0.30006720430107525,0.44691217843263475,0.1468449741315595,0.06198550589519636,0.08642926413533891,0.024443758240142555
20210805A07_1,M01,5,3,2999,197,1201,1800,600,120.0,2399,0.7977620612779013,0.7623528689665899,29,True,0.002,True,1041,0.14720812182741116,1.0,0.874394843004978,0.874394843004978,0.8503694581280788,0.8270429278328044,0.8527858268791602,0.7082976903336184,0.7928220772434278,0.8389502700836465,0.021609016125817893,0.03544457292133152,0.013835556795513626,0.14963054187192115,0.29170230966638155,0.1420717677944604,0.04735191517217363,0.08157276576155026,0.03422085058937663
20210805A07_1,M01,5,4,2999,197,1801,2400,600,120.0,2399,0.8041898631293349,0.7484225645487744,33,True,0.002,True,1041,0.16751269035532995,1.0,0.8516520245862023,0.8516520245862023,0.7963784183296378,0.7987223006028106,0.8274485147933589,0.6303306898099655,0.7629927365846446,0.8152270041372404,0.02420350979284336,0.0364250204489619,0.01222151065611854,0.20362158167036215,0.36966931019003446,0.1660477285196723,0.052929723983391685,0.08865928800155765,0.03572956401816596
20210805A07_1,M01,5,5,2999,197,2401,2999,599,119.8,2400,0.780345002125912,0.8041533723849119,28,True,0.002,True,1041,0.14213197969543148,0.9312169312169312,0.9072018113535576,0.923319848138828,0.8453085376162299,0.8720192775793865,0.9017190065987141,0.7426739926739927,0.8439706399835784,0.8878538966056876,0.02160084154011388,0.03546595153314036,0.013865109993026481,0.08590839360070124,0.18854293854293847,0.10263454494223723,0.03518253377417113,0.06323117136997924,0.028048637595808112
20211022A04_1,M01,5,1,2999,293,1,600,600,120.0,2399,0.7119520229298326,0.7396684132233082,42,True,0.002,True,1041,0.14334470989761092,0.8943089430894309,0.810464277971468,0.8216895348176076,0.7224435590969456,0.7744093656945816,0.8115679091464384,0.6011792828685258,0.7511500750931787,0.8043636041448102,0.010121625671169254,0.01732593067279742,0.007204305001628164,0.1718653839924853,0.29312966022090503,0.12126427622841973,0.0360549122768864,0.05931420287828937,0.02325929060140297
20211022A04_1,M01,5,2,2999,293,601,1200,600,120.0,2399,0.7275445726935057,0.6800659069074808,35,True,0.002,True,1041,0.11945392491467577,0.6067226890756302,0.7096978289841497,0.7942132933066334,0.5656699889258029,0.693466409339077,0.7774022301685076,0.6228093988477664,0.7025311874628978,0.7721612958862907,0.016811063138125748,0.022051997420342695,0.005240934282216947,0.041052700149827315,-0.01608670977213622,-0.057139409921963535,0.016231419645072687,0.007166641521251904,-0.009064778123820783
20211022A04_1,M01,5,3,2999,293,1201,1800,600,120.0,2399,0.7256157952134342,0.7016546326282751,40,True,0.002,True,1041,0.13651877133105803,0.6269230769230769,0.730507920756348,0.7898569106411248,0.5955533596837944,0.71753951252375,0.777897631536987,0.5663780663780664,0.7107726562411291,0.775160393248676,0.011959279104137854,0.014696517392448816,0.0027372382883109614,0.0313697172392825,0.06054501054501049,0.02917529330572799,0.012968408232597928,0.019735264515218898,0.00676685628262097
20211022A04_1,M01,5,4,2999,293,1801,2400,600,120.0,2399,0.7128891274256834,0.7441104014259504,41,True,0.002,True,1041,0.13993174061433447,0.6073170731707317,0.7923005374510476,0.8526049006286716,0.4740611691831204,0.7469319984274911,0.8315840577075245,0.39236703977739834,0.7230013220690916,0.8251187500468478,0.02102084292114703,0.0274861505818238,0.006465307660676767,0.13325590398761128,0.21495003339333335,0.08169412940572207,0.04536853902355642,0.06929921538195594,0.023930676358399516
20211022A04_1,M01,5,5,2999,293,2401,2999,599,119.8,2400,0.7221675991875971,0.7086681472422787,43,True,0.002,True,1041,0.14675767918088736,0.5559246954595792,0.7085382637237068,0.8223953722781434,0.42372093023255814,0.6792366131595158,0.8227215362187674,0.36616867469879516,0.6792964129464212,0.8380937581686865,-0.00032616394062401355,-0.015698385890543065,-0.015372221949919052,0.1322037652270211,0.18975602076078407,0.057552255533762975,0.029301650564190984,0.029241850777285583,-5.979978690540122e-05
20211029A07_1,M02,5,1,2999,296,1,600,600,120.0,2399,0.7388416608340961,0.7025007779845733,42,True,0.002,True,1041,0.14189189189189189,0.537746806039489,0.7098969048208716,0.7705310900444717,0.4436632920884889,0.694406386672045,0.7636993472487128,0.4082039152220597,0.6904906410950346,0.7704602974405089,0.006831742795758933,7.07926039628104e-05,-0.006760950191796122,0.09408351395100006,0.1295428908174293,0.03545937686642925,0.015490518148826626,0.019406263725837092,0.0039157455770104654
20211029A07_1,M02,5,2,2999,296,601,1200,600,120.0,2399,0.7233162121641634,0.7638517941155243,59,True,0.002,True,1041,0.19932432432432431,0.7983635300993571,0.8150567314541702,0.8392435257747348,0.6035900736608739,0.7806375885572062,0.831610645684452,0.46363441321604804,0.7572178289787215,0.8393308891362393,0.007632880090282845,-8.736336150449997e-05,-0.007720243451787345,0.1947734564384832,0.3347291168833091,0.13995566044482588,0.03441914289696402,0.05783890247544876,0.023419759578484745
20211029A07_1,M02,5,3,2999,296,1201,1800,600,120.0,2399,0.7343559433018305,0.7140495048734254,34,True,0.002,True,1041,0.11486486486486487,0.7094474153297683,0.7562936119462318,0.7898049394169606,0.5793668612483162,0.7275025150314448,0.7751961512822297,0.4816472171039162,0.7105255062287017,0.7713041159285586,0.014608788134730877,0.018500823488401985,0.0038920353536711083,0.13008055408145214,0.22780019822585207,0.09771964414439993,0.028791096914786984,0.045768105717530094,0.01697700880274311
20211029A07_1,M02,5,4,2999,296,1801,2400,600,120.0,2399,0.7132618384513325,0.7875338627582262,59,True,0.002,True,1041,0.19932432432432431,0.5400350672121567,0.7913101731314882,0.8391445809663168,0.5371522563112351,0.7899343710955311,0.8372779168424183,0.5620753772437961,0.7950411765915366,0.8433724087287591,0.001866664123898576,-0.004227827762442238,-0.006094491886340814,0.002882810900921573,-0.02204031003163942,-0.024923120932560994,0.0013758020359571077,-0.0037310034600483988,-0.0051068054960055065
20211029A07_1,M02,5,5,2999,296,2401,2999,599,119.8,2400,0.7481770936464243,0.6560545177971432,48,True,0.002,True,1041,0.16216216216216217,0.675531914893617,0.7067808427682001,0.7598629929804136,0.5037802419354839,0.6608348540261902,0.7299560956142501,0.4036176048060598,0.640236880826855,0.7195307828932908,0.029906897366163476,0.040332210087122844,0.010425312720959368,0.1717516729581331,0.2719143100875572,0.10016263712942408,0.045945988742009836,0.06654396194134504,0.020597973199335207
20211030A04_1,M02,5,1,2999,116,1,600,600,120.0,2399,0.7419194024724007,0.7251154679589115,14,True,0.002,True,1041,0.1206896551724138,0.4835164835164835,0.7213700915138758,0.8549885064289972,0.4432773109243697,0.7077514991663092,0.8244829847977788,0.45952242283051836,0.7202899799838179,0.806593969498213,0.030505521631218335,0.048394536930784104,0.01788901529956577,0.04023917259211379,0.023994060685965157,-0.016245111906148635,0.013618592347566572,0.0010801115300578257,-0.012538480817508746
20211030A04_1,M02,5,2,2999,116,601,1200,600,120.0,2399,0.7268431986944723,0.7475624577599005,20,True,0.002,True,1041,0.1724137931034483,0.9,0.8572965751278806,0.8933817495493309,0.7796875,0.8055076858398815,0.8525965871350198,0.6811403508771929,0.7787338939185793,0.8353749732712806,0.04078516241431107,0.05800677627805029,0.017221613863739216,0.12031250000000004,0.2188596491228071,0.09854714912280704,0.051788889287999074,0.07856268120930132,0.026773791921302248
20211030A04_1,M02,5,3,2999,116,1201,1800,600,120.0,2399,0.7324492369443599,0.7389375870642312,16,True,0.002,True,1041,0.13793103448275862,0.9416666666666667,0.8421869878137141,0.8496966985219977,0.643125,0.7648293596861958,0.8192883376982039,0.5545454545454546,0.7449194623868175,0.8112640083561825,0.030408360823793834,0.038432690165815186,0.008024329342021352,0.2985416666666667,0.3871212121212121,0.08857954545454538,0.07735762812751834,0.09726752542689665,0.01990989729937831
20211030A04_1,M02,5,4,2999,116,1801,2400,600,120.0,2399,0.7431209179581812,0.6967051230413586,17,True,0.002,True,1041,0.14655172413793102,0.7573529411764706,0.7517953134788753,0.7802971915629494,0.5335710041592394,0.7018187996616244,0.7683078438689926,0.48897134611420323,0.6945367229954149,0.7703668268431741,0.011989347693956764,0.009930364719775264,-0.0020589829741815002,0.22378193701723115,0.26838159506226733,0.044599658045036183,0.04997651381725088,0.05725859048346038,0.007282076666209503
20211030A04_1,M02,5,5,2999,116,2401,2999,599,119.8,2400,0.7420494018133768,0.6931342622549475,14,True,0.002,True,1041,0.1206896551724138,0.7032967032967034,0.7611815504211435,0.8424623559418691,0.5182072829131653,0.6969863431787331,0.8255102986178362,0.49039021549213746,0.6906203668510047,0.8161480717390132,0.016952057324032932,0.026314284202855975,0.009362226878823043,0.18508942038353804,0.2129064878045659,0.027817067421027852,0.06419520724241046,0.07056118357013885,0.006365976327728395
20211102A04_1,M03,5,1,2999,252,1,600,600,120.0,2399,0.7223786580872696,0.7119896289362806,35,True,0.002,True,1041,0.1388888888888889,0.746218487394958,0.7504883281597664,0.7826186309535706,0.6639894667544437,0.7378520316549305,0.7853587806646803,0.6187062638675542,0.7288936493345886,0.785939466089989,-0.002740149711109696,-0.003320835136418343,-0.0005806854253086469,0.0822290206405143,0.12751222352740377,0.04528320288688947,0.012636296504835887,0.02159467882517785,0.008958382320341962
20211102A04_1,M03,5,2,2999,252,601,1200,600,120.0,2399,0.7231485459080537,0.7049407876696678,50,True,0.002,True,1041,0.1984126984126984,0.36489795918367346,0.6713858525870257,0.7963544614603503,0.44514851485148516,0.6834265813191719,0.7914555348258006,0.5880498497610955,0.7275426824492163,0.8016307811431476,0.004898926634549716,-0.0052763196827972925,-0.010175246317347009,-0.0802505556678117,-0.22315189057742207,-0.14290133490961038,-0.012040728732146233,-0.056156829862190616,-0.04411610113004438
20211102A04_1,M03,5,3,2999,252,1201,1800,600,120.0,2399,0.7221812647686501,0.7155104525021343,34,True,0.002,True,1041,0.1349206349206349,0.6951871657754011,0.7597246788966255,0.8024944393168665,0.5117377226119806,0.7162181641762629,0.7951365543648639,0.4546569145562931,0.707560303835901,0.8095285954948181,0.007357884952002625,-0.007034156177951667,-0.014392041129954292,0.1834494431634205,0.24053025121910798,0.05708080805568749,0.0435065147203626,0.05216437506072458,0.008657860340361978
20211102A04_1,M03,5,4,2999,252,1801,2400,600,120.0,2399,0.7175424977476712,0.7281916048084102,33,True,0.002,True,1041,0.13095238095238096,0.5170454545454546,0.7342176193809906,0.7957191695734165,0.5514044555140446,0.7344829625457131,0.790205485959262,0.5918478488542583,0.7409347525554532,0.7986258943002321,0.0055136836141544965,-0.002906724726815635,-0.008420408340970131,-0.034359000968590014,-0.07480239430880375,-0.04044339334021374,-0.00026534316472248687,-0.006717133174462542,-0.006451790009740055
20211102A04_1,M03,5,5,2999,252,2401,2999,599,119.8,2400,0.724201983922891,0.7077882300300494,39,True,0.002,True,1041,0.15476190476190477,0.5006747638326585,0.7278659033715734,0.8383431481100073,0.4788732394366197,0.7076664349252426,0.8074743926986918,0.47532996722473203,0.7013978029740022,0.7915070780931283,0.030868755411315507,0.04683607001687906,0.015967314605563554,0.02180152439603883,0.02534479660792649,0.0035432722118876603,0.020199468446330804,0.026468100397571193,0.006268631951240389
20211102A06_1,M03,5,1,2207,235,1,442,442,88.4,1765,0.7505582824233054,0.7470982769083512,36,True,0.002,True,1041,0.15319148936170213,0.9079365079365079,0.8314063565267404,0.8468802367925141,0.6302345058626466,0.7679879183158479,0.8218492172990176,0.49236079386833154,0.7443910412104671,0.8159919934270087,0.02503101949349651,0.03088824336550544,0.005857223872008932,0.2777020020738613,0.4155757140681764,0.13787371199431508,0.06341843821089255,0.08701531531627338,0.02359687710538083
20211102A06_1,M03,5,2,2207,235,443,884,442,88.4,1765,0.7531430200432946,0.7271517781250123,36,True,0.002,True,1041,0.15319148936170213,0.8936507936507937,0.7980351913872233,0.8113710908595048,0.5799832495812395,0.7330454361196853,0.7917234963743347,0.5187553931272524,0.731579448865568,0.8031415466407251,0.01964759448517006,0.008229544218779639,-0.011418050266390423,0.3136675440695542,0.3748954005235413,0.061227856453987095,0.06498975526753803,0.06645574252165531,0.0014659872541172847
20211102A06_1,M03,5,3,2207,235,885,1325,441,88.2,1766,0.7556128901997938,0.7109718462898871,37,True,0.002,True,1041,0.1574468085106383,0.9459459459459459,0.8492175360544084,0.8685461744326382,0.6827736827736828,0.7508106299607021,0.8151029285160915,0.5440188688919654,0.7149029038247895,0.793853078091986,0.0534432459165467,0.07469309634065213,0.021249850424105432,0.26317226317226317,0.40192707705398056,0.1387548138817174,0.09840690609370628,0.13431463222961892,0.03590772613591264
20211102A06_1,M03,5,4,2207,235,1326,1766,441,88.2,1766,0.742639582451897,0.7480507733059224,35,True,0.002,True,1041,0.14893617021276595,0.9092436974789916,0.8513867382975141,0.8692569454893603,0.5652857142857143,0.7574544238150743,0.8352408200413727,0.47613065326633164,0.7435248455664814,0.8265030162676187,0.0340161254479876,0.04275392922174159,0.008737803773753994,0.3439579831932773,0.43311304421265995,0.08915506101938264,0.09393231448243977,0.10786189273103275,0.013929578248592978
20211102A06_1,M03,5,5,2207,235,1767,2207,441,88.2,1766,0.7474345667616975,0.7494700117586207,33,True,0.002,True,1041,0.14042553191489363,0.8617424242424242,0.8217644215764552,0.8446690436115719,0.7154215421542154,0.7866145562519817,0.8307298147855959,0.6147973006255849,0.7652946235140291,0.8237447014300079,0.01393922882597598,0.020924342181564026,0.006985113355588046,0.14632088208820881,0.2469451236168393,0.10062424152863048,0.035149865324473506,0.056469798062426135,0.02131993273795263
20211102A11_1,M03,5,1,2999,226,1,600,600,120.0,2399,0.6929501916820507,0.659956276593839,45,True,0.002,True,1041,0.19911504424778761,0.6828282828282828,0.7052994070809971,0.7490527305203013,0.4971147943523634,0.6619722505229407,0.7357141017954466,0.4444444444444444,0.6495264717881932,0.7293104552520283,0.013338628724854695,0.01974227526827299,0.006403646543418295,0.1857134884759194,0.23838383838383836,0.05267034990791897,0.04332715655805641,0.055772935292803916,0.012445778734747504
20211102A11_1,M03,5,2,2999,226,601,1200,600,120.0,2399,0.6859111144204706,0.6915533925181556,41,True,0.002,True,1041,0.18141592920353983,0.4768292682926829,0.6807085691675376,0.7535001975822181,0.4882003955174687,0.683548639250178,0.7574646517667862,0.5611633372502938,0.7040573560181778,0.7731652205971947,-0.003964454184568145,-0.019665023014976635,-0.01570056883040849,-0.011371127224785782,-0.08433406895761086,-0.07296294173282508,-0.0028400700826403114,-0.023348786850640124,-0.020508716767999813
20211102A11_1,M03,5,3,2999,226,1201,1800,600,120.0,2399,0.6868562310106232,0.6831586696924804,29,True,0.002,True,1041,0.12831858407079647,0.5985221674876847,0.7053051567636061,0.756534737927617,0.496936810782426,0.682397358052981,0.7497911475978233,0.4815083393763597,0.6806357570658624,0.748596056927283,0.006743590329793769,0.007938681000334014,0.0011950906705402442,0.1015853567052587,0.11701382811132505,0.015428471406066346,0.022907798710625094,0.02466939969774362,0.0017616009871185279
20211102A11_1,M03,5,4,2999,226,1801,2400,600,120.0,2399,0.6865244178604187,0.6877470103800167,33,True,0.002,True,1041,0.14601769911504425,0.5397727272727273,0.6998528558605251,0.7697582998862931,0.5025906735751295,0.6860785533648668,0.7609326998853506,0.48283678756476683,0.685632438181802,0.7664880021772656,0.008825600000942457,0.0032702977090274254,-0.005555302291915032,0.03718205369759775,0.05693593970796046,0.01975388601036271,0.013774302495658364,0.014220417678723174,0.00044611518306481024
20211102A11_1,M03,5,5,2999,226,2401,2999,599,119.8,2400,0.6875764766695989,0.6880929084439965,41,True,0.002,True,1041,0.18141592920353983,0.325609756097561,0.6606657739451729,0.7796366400689827,0.408569545154911,0.6701602681772664,0.7580447986404216,0.5047003525264395,0.6907832144888157,0.7637056303012963,0.021591841428561076,0.015931009767686355,-0.005660831660874721,-0.08295978905735002,-0.17909059642887853,-0.09613080737152851,-0.009494494232093476,-0.03011744054364285,-0.020622946311549373
20211102A12_1,M03,5,1,2999,292,1,600,600,120.0,2399,0.7285276326599386,0.7423577547657706,58,True,0.002,True,1041,0.19863013698630136,0.6352087114337568,0.7650570402304293,0.8225668286341619,0.5468611847922192,0.7439307058724128,0.8110251413790045,0.6885660834158688,0.7710265072371397,0.8123630486549692,0.011541687255157362,0.01020377997919264,-0.0013379072759647226,0.08834752664153755,-0.05335737198211199,-0.14170489862364954,0.021126334358016474,-0.005969467006710416,-0.02709580136472689
20211102A12_1,M03,5,2,2999,292,601,1200,600,120.0,2399,0.738060100413486,0.7150217232516298,31,True,0.002,True,1041,0.10616438356164383,0.6623655913978495,0.747489236532838,0.7887534386156677,0.6274873316030157,0.735984454232184,0.7861866937569391,0.572295903330386,0.7247118746293304,0.7873657313954725,0.0025667448587286534,0.0013877072201952112,-0.0011790376385334422,0.03487825979483372,0.0900696880674634,0.05519142827262968,0.011504782300654104,0.022777361903507654,0.01127257960285355
20211102A12_1,M03,5,3,2999,292,1201,1800,600,120.0,2399,0.7305875170146238,0.7460371500065509,46,True,0.002,True,1041,0.15753424657534246,0.46859903381642515,0.7450714231528619,0.8382694208690453,0.44812654648285616,0.7382888906899124,0.8299493183704026,0.4376970300315248,0.73531397686389,0.8275841939839529,0.008320102498642679,0.010685226885092436,0.0023651243864497573,0.02047248733356899,0.030902003784900323,0.010429516451331333,0.006782532462949464,0.009757446288971905,0.0029749138260224406
20211102A12_1,M03,5,4,2999,292,1801,2400,600,120.0,2399,0.7356770212913335,0.7228249771120205,28,True,0.002,True,1041,0.0958904109589041,0.753968253968254,0.7831189673299654,0.8201683299321524,0.5328733766233766,0.7344212959185279,0.8108175999342969,0.42939854821984097,0.7094668540639576,0.8056404943966057,0.009350729997855467,0.014527835535546707,0.00517710553769124,0.22109487734487732,0.324569705748413,0.10347482840353567,0.04869767141143755,0.07365211326600785,0.024954441854570297
20211102A12_1,M03,5,5,2999,292,2401,2999,599,119.8,2400,0.7375861042225978,0.7168884299068657,40,True,0.002,True,1041,0.136986301369863,0.49615384615384617,0.731912679664111,0.8395304390541724,0.4013888888888889,0.7027541598431385,0.8130703862705371,0.3485739581357111,0.687782837848227,0.8046571777677625,0.02646005278363528,0.034873261286409885,0.008413208502774605,0.09476495726495726,0.14757988801813504,0.05281493075317778,0.029158519820972506,0.044129841815883974,0.014971321994911468
20211106A01_1,M04,5,1,2999,199,1,600,600,120.0,2399,0.7785542696262543,0.6983523328149694,31,True,0.002,True,1041,0.15577889447236182,0.9870967741935484,0.8108606812164072,0.8125689566286927,0.9208909370199693,0.7944408768690008,0.8119767952067224,0.8751069289991446,0.7836591229416036,0.8123305959521773,0.000592161421970272,0.00023836067651539228,-0.0003538007454548797,0.06620583717357909,0.1119898451944038,0.04578400802082472,0.01641980434740642,0.02720155827480364,0.01078175392739722
20211106A01_1,M04,5,2,2999,199,601,1200,600,120.0,2399,0.770008956219677,0.7748905502694337,26,True,0.002,True,1041,0.1306532663316583,0.8892307692307693,0.8439393870154104,0.8599384531897211,0.8245887060915963,0.8283480276175137,0.8560708823534121,0.7760451673612044,0.818123947217057,0.8538126997969796,0.0038675708363089534,0.006125753392741462,0.0022581825564325086,0.06464206313917298,0.11318560186956483,0.048543538730391855,0.015591359397896687,0.025815439798353434,0.010224080400456748
20211106A01_1,M04,5,3,2999,199,1201,1800,600,120.0,2399,0.7807950473410079,0.7682704972100122,33,True,0.002,True,1041,0.1658291457286432,0.7670454545454546,0.8219566461370973,0.8614492190526634,0.6668492150419861,0.7961536669665579,0.8507525150542053,0.5863453815261044,0.7810504703884649,0.8458415991770424,0.010696703998458013,0.015607619875620982,0.004910915877162969,0.10019623950346845,0.1807000730193502,0.08050383351588175,0.02580297917053942,0.04090617574863242,0.015103196578093003
20211106A01_1,M04,5,4,2999,199,1801,2400,600,120.0,2399,0.7834935170048756,0.7203903796775051,31,True,0.002,True,1041,0.15577889447236182,0.8258064516129032,0.8084221736938104,0.8586175804604147,0.6326804915514593,0.7503859091929619,0.8401055305472411,0.5574565155403479,0.7334680253839769,0.8329096290754865,0.018512049913173567,0.025707951384928207,0.00719590147175464,0.1931259600614439,0.2683499360725553,0.07522397601111142,0.05803626450084853,0.07495414830983349,0.016917883808984957
20211106A01_1,M04,5,5,2999,199,2401,2999,599,119.8,2400,0.781726996182731,0.7399616479511726,33,True,0.002,True,1041,0.1658291457286432,1.0,0.8583932843457743,0.8583932843457743,0.778386272362176,0.7944542226229687,0.8371093738393172,0.6481927710843374,0.7631824690308269,0.8231679995751496,0.02128391050645717,0.0352252847706247,0.013941374264167528,0.22161372763782405,0.35180722891566263,0.13019350127783857,0.06393906172280561,0.09521081531494746,0.03127175359214185
20211106A07_1,M04,5,1,2999,368,1,600,600,120.0,2399,0.7040434660325648,0.6391078047417809,52,True,0.002,True,1041,0.14130434782608695,0.47058823529411764,0.6493958084937999,0.7395636700202933,0.4111489776046738,0.625583526865534,0.7148134146435602,0.38937110709262607,0.6214470044150435,0.716670825892303,0.024750255376733143,0.02289284412799031,-0.0018574112487428351,0.05943925768944386,0.08121712820149157,0.021777870512047715,0.023812281628265874,0.02794880407875633,0.004136522450490454
20211106A07_1,M04,5,2,2999,368,601,1200,600,120.0,2399,0.6780965786188397,0.7331260050107887,69,True,0.002,True,1041,0.1875,0.6581415174765558,0.7620086840783369,0.8086005672086788,0.5695797586156754,0.7437178853223732,0.8007790722727602,0.49601580211443064,0.7316406060799248,0.8000802556149909,0.00782149493591855,0.008520311593687935,0.0006988166577693855,0.08856175886088036,0.16212571536212517,0.07356395650124481,0.018290798755963733,0.030368077998412124,0.012077279242448391
20211106A07_1,M04,5,3,2999,368,1201,1800,600,120.0,2399,0.6924002625429286,0.6775135823974192,66,True,0.002,True,1041,0.1793478260869565,0.517016317016317,0.6911831268807606,0.770310306497909,0.49413004214328715,0.6767472755031987,0.7502453901966222,0.4765571714593738,0.6735234484443228,0.7496169614422125,0.020064916301286817,0.020693345055696533,0.0006284287544097156,0.022886274873029855,0.04045914555694319,0.017572870683913333,0.01443585137756187,0.017659678436437787,0.0032238270588759166
20211106A07_1,M04,5,4,2999,368,1801,2400,600,120.0,2399,0.6897099452847236,0.6727727045206977,57,True,0.002,True,1041,0.15489130434782608,0.4667919799498747,0.6537543894851126,0.7724260090362154,0.5314492017825915,0.6643391771114043,0.7494600521983393,0.6575044082564049,0.7027732131824594,0.7509139272371609,0.022965956837876056,0.021512081799054505,-0.0014538750388215504,-0.06465722183271677,-0.19071242830653018,-0.1260552064738134,-0.01058478762629178,-0.04901882369734689,-0.03843403607105511
20211106A07_1,M04,5,5,2999,368,2401,2999,599,119.8,2400,0.6904774994125416,0.692578549631598,55,True,0.002,True,1041,0.14945652173913043,0.432996632996633,0.6862633157137522,0.7663819054116009,0.43223932616903865,0.6819545415797721,0.7545460942788468,0.46733431637584993,0.6888431623978484,0.7589659134705259,0.011835811132754115,0.007415991941075006,-0.0044198191916791085,0.0007573068275943395,-0.03433768337921694,-0.03509499020681128,0.00430877413398012,-0.0025798466840961654,-0.006888620818076285
20211106A09_1,M04,5,1,2999,239,1,600,600,120.0,2399,0.7290862886408345,0.6844922795956871,47,True,0.002,True,1041,0.19665271966527198,0.7039777983348752,0.7232463858700506,0.761487098598661,0.484375,0.6811817216418099,0.7555477042607321,0.4326461605584642,0.6745708483931675,0.7590339995524777,0.005939394337928894,0.0024530990461832936,-0.0034862952917456003,0.21960279833487517,0.27133163777641095,0.05172883944153578,0.042064664228240733,0.048675537476883135,0.0066108732486424016
20211106A09_1,M04,5,2,2999,239,601,1200,600,120.0,2399,0.7188249114967644,0.7242360408996018,31,True,0.002,True,1041,0.1297071129707113,0.6752688172043011,0.7566159091683824,0.8006327374677281,0.5531947890818859,0.7299666202283691,0.7977094538499507,0.633221850613155,0.74956054401941,0.8197601649296566,0.0029232836177773835,-0.019127427461928526,-0.02205071107970591,0.12207402812241519,0.04204696659114615,-0.08002706153126904,0.026649288940013283,0.007055365148972426,-0.019593923791040857
20211106A09_1,M04,5,3,2999,239,1201,1800,600,120.0,2399,0.7222890781414788,0.7147551317511052,41,True,0.002,True,1041,0.17154811715481172,0.47804878048780486,0.7126780601834721,0.8045957360280567,0.44050258684405025,0.6974963075036926,0.7976291025030492,0.4440855253037994,0.7063109472141679,0.8168791535788159,0.006966633525007482,-0.012283417550759235,-0.019250051075766716,0.03754619364375461,0.03396325518400545,-0.003582938459749163,0.015181752679779503,0.006367112969304256,-0.008814639710475247
20211106A09_1,M04,5,4,2999,239,1801,2400,600,120.0,2399,0.7086617172255465,0.7519316485542886,38,True,0.002,True,1041,0.1589958158995816,0.7027027027027027,0.8013151644122497,0.8406509815536548,0.4770882429955486,0.7489465175230299,0.8127407339407093,0.4822885572139303,0.7487763957912379,0.8191335732333255,0.02791024761294547,0.021517408320329334,-0.006392839292616137,0.22561445970715416,0.22041414548877242,-0.005200314218381741,0.05236864688921983,0.05253876862101181,0.00017012173179198342
20211106A09_1,M04,5,5,2999,239,2401,2999,599,119.8,2400,0.7211948040559943,0.7032918052315293,35,True,0.002,True,1041,0.14644351464435146,0.3680672268907563,0.6826278045168019,0.7675471995924477,0.373109243697479,0.6788549566512824,0.7558966518124394,0.466869506423259,0.701797231091072,0.771940471884909,0.011650547780008291,-0.0043932722924613365,-0.016043820072469628,-0.005042016806722671,-0.09880227953250265,-0.09376026272577997,0.0037728478655195685,-0.01916942657427001,-0.02294227443978958
20211109A07_1,M05,5,1,2999,192,1,600,600,120.0,2399,0.8069444937622294,0.814636071862622,38,True,0.002,True,1041,0.19791666666666666,0.844950213371266,0.8513287861202231,0.8682543943322737,0.8262132604237867,0.8518214929155226,0.8714514520561282,0.8116458704693998,0.8514238684211805,0.8736867246325967,-0.0031970577238544795,-0.005432330300322974,-0.0022352725764684944,0.018736952947479235,0.033304342901866124,0.014567389954386889,-0.0004927067952994468,-9.508230095733872e-05,0.0003976244943421081
20211109A07_1,M05,5,2,2999,192,601,1200,600,120.0,2399,0.8112502512300213,0.784864782554312,33,True,0.002,True,1041,0.171875,0.8503787878787878,0.8282354225363856,0.84280360898539,0.8378120830951019,0.8264717090069867,0.8449625682073079,0.8261284929543826,0.8240598356607356,0.845767905872273,-0.002158959221917889,-0.0029642968868830444,-0.0008053376649651556,0.012566704783685934,0.024250294924405225,0.011683590140719291,0.0017637135293988582,0.004175586875650006,0.0024118733462511477
20211109A07_1,M05,5,3,2999,192,1201,1800,600,120.0,2399,0.8028139336786799,0.8412116488058567,24,True,0.002,True,1041,0.125,0.927536231884058,0.8709050599111966,0.8747494798642147,0.7472718253968254,0.8584595545895025,0.8736479031443531,0.7014542343883661,0.8543042943799748,0.8745894210950518,0.0011015767198615523,0.0001600587691629185,-0.0009415179506986338,0.18026440648723263,0.2260819974956919,0.04581759100845928,0.012445505321694084,0.016600765531221806,0.0041552602095277225
20211109A07_1,M05,5,4,2999,192,1801,2400,600,120.0,2399,0.8141958280262077,0.7435795462345967,23,True,0.002,True,1041,0.11979166666666667,0.9169960474308301,0.8334097954309188,0.8498374706886632,0.7509647543092359,0.7949748265604355,0.8486486535581461,0.6761763877148492,0.7834249685331853,0.8551891208859461,0.0011888171305171058,-0.005351650197282898,-0.006540467327800004,0.16603129312159415,0.24081965971598085,0.0747883665943867,0.038434968870483255,0.049984826897733425,0.01154985802725017
20211109A07_1,M05,5,5,2999,192,2401,2999,599,119.8,2400,0.8225444786290503,0.7115375470218337,24,True,0.002,True,1041,0.125,0.9492753623188406,0.8313485928104448,0.8390569386541963,0.8226686507936508,0.7945570013600846,0.8359572085854704,0.7369546621043627,0.7698675316023739,0.836490572630549,0.003099730068725881,0.0025663660236472374,-0.0005333640450786437,0.12660671152518976,0.2123207002144779,0.08571398868928815,0.03679159145036026,0.06148106120807095,0.02468946975771069
20220412A06_1,M05,5,1,2999,331,1,600,600,120.0,2399,0.742801135226816,0.7138754534932459,45,True,0.002,True,1041,0.13595166163141995,0.5707070707070707,0.7326206967216248,0.7925086315855909,0.4449106449106449,0.7047457297662556,0.7857338541709864,0.4167096061832904,0.7007744996435686,0.7945443320253783,0.006774777414604527,-0.0020357004397874023,-0.00881047785439193,0.1257964257964258,0.15399746452378033,0.02820103872735452,0.027874966955369174,0.03184619707805614,0.003971230122686964
20220412A06_1,M05,5,2,2999,331,601,1200,600,120.0,2399,0.7311968828899618,0.7219568963911621,43,True,0.002,True,1041,0.1299093655589124,0.8648947951273532,0.8284927342695645,0.8523552659888484,0.6374354005167958,0.7511784762300486,0.812045938968923,0.525454897406117,0.723673873815008,0.8045739904164417,0.0403093270199254,0.047781275572406634,0.0074719485524812335,0.22745939461055742,0.3394398977212363,0.11198050311067886,0.07731425803951586,0.10481886045455646,0.027504602415040602
20220412A06_1,M05,5,3,2999,331,1201,1800,600,120.0,2399,0.7398214860297385,0.7191642093126006,47,True,0.002,True,1041,0.1419939577039275,0.6808510638297872,0.779032575682461,0.8278984005874644,0.4115223254420138,0.710064760535494,0.7940529379714151,0.3893146867068133,0.7007202688900109,0.7904168439117881,0.03384546261604937,0.03748155667567632,0.0036360940596269486,0.26932873838777344,0.2915363771229739,0.022207638735200486,0.06896781514696693,0.07831230679245005,0.009344491645483122
20220412A06_1,M05,5,4,2999,331,1801,2400,600,120.0,2399,0.7378944163888643,0.7099664940167587,51,True,0.002,True,1041,0.1540785498489426,0.8384313725490196,0.8025626724418785,0.8315357529501286,0.5631652661064426,0.7210820290618998,0.8003722461419844,0.5212493599590374,0.7127031735248636,0.7962267208982884,0.03116350680814417,0.03530903205184022,0.004145525243696047,0.275266106442577,0.31718201258998213,0.041915906147405146,0.08148064337997873,0.08985949891701495,0.008378855537036212
20220412A06_1,M05,5,5,2999,331,2401,2999,599,119.8,2400,0.7308415815585729,0.7529943474175731,41,True,0.002,True,1041,0.12386706948640483,0.874390243902439,0.8453218008867045,0.8645054155744114,0.6367535744322961,0.7812153128679427,0.834312715868158,0.4891301753967307,0.7484141128543293,0.82328840334771,0.03019269970625338,0.04121701222670138,0.011024312520447999,0.23763666947014295,0.3852600685057083,0.14762339903556537,0.06410648801876184,0.09690768803237515,0.03280120001361331
