segments,metric,category,n,mean,q1,median,q3
2,fc_retained,CC,13,0.7986968762308408,0.7790882394008374,0.8005697648747665,0.8156128472396222
2,fc_retained,CP,13,0.7765800205233264,0.7638904086881468,0.7684382137576269,0.7859259852667181
2,fc_retained,PP,13,0.7727774718442293,0.7635948491269626,0.7689886569728365,0.7788829912076719
2,density,CC,13,0.6530087090699612,0.5714080754252922,0.640824392998306,0.7289415898111551
2,density,CP,13,0.5003050759807812,0.4281073363453226,0.4685305770887166,0.5070864046757099
2,density,PP,13,0.4605231146038096,0.3957510297940598,0.4195953651818714,0.4622623217095579
3,fc_retained,CC,13,0.8044826616207117,0.7814635907131994,0.8020033349054462,0.8302819689337019
3,fc_retained,CP,13,0.7840592788014061,0.7656755734848032,0.7827848120930704,0.7987636648730225
3,fc_retained,PP,13,0.7841446519736129,0.7773544426909189,0.7805803102920018,0.7904552958577952
3,density,CC,13,0.692287222129661,0.530173311648853,0.6398542897119747,0.9081004081004082
3,density,CP,13,0.5380310208787342,0.4340655663792903,0.4940570048261361,0.5985424138385811
3,density,PP,13,0.4996837466998611,0.4337281575489554,0.4755051056662322,0.4951439988127834
4,fc_retained,CC,13,0.8157927236080581,0.791732671683688,0.818444233836219,0.8399248925535214
4,fc_retained,CP,13,0.7987879476214725,0.7803509425243361,0.7957646696671927,0.8127131355204642
4,fc_retained,PP,13,0.7971841275612637,0.7827549888738236,0.7984711076166096,0.8057714938561877
4,density,CC,13,0.6866637418213117,0.5748401088731077,0.6671239699746673,0.8465378299861058
4,density,CP,13,0.563832495606918,0.4617504748073199,0.5426631902761104,0.6191453850177548
4,density,PP,13,0.5313296702699278,0.4488635445011619,0.4923546967498396,0.5310648700872653
5,fc_retained,CC,13,0.8210611968068791,0.7997174258365796,0.8218576914210398,0.8481446982371178
5,fc_retained,CP,13,0.8059699139611134,0.7875480313344125,0.8053035386242934,0.8189292554032825
5,fc_retained,PP,13,0.8048848205855127,0.797349472635837,0.8029795602990623,0.8126468671714694
5,density,CC,13,0.7154433256773629,0.5856130651240881,0.6582392955436898,0.8938358899165351
5,density,CP,13,0.5912097708842785,0.5113474656780713,0.5387574422816386,0.6347397389314997
5,density,PP,13,0.5486997434434101,0.4949306522324608,0.5097804925141104,0.5457181688527866
