cell_i,cell_j,same_mouse,feature,absolute_difference
20210805A07_1,20211022A04_1,True,core_fraction,0.004192581556106106
20210805A07_1,20211022A04_1,True,mean_fc_retained_CC_minus_CP,0.005559108824562807
20210805A07_1,20211022A04_1,True,mean_fc_retained_CC_minus_PP,0.02311073756630201
20210805A07_1,20211022A04_1,True,density_CC_minus_CP,0.1384395689339296
20210805A07_1,20211022A04_1,True,density_CC_minus_PP,0.19285901474982214
20210805A07_1,20211022A04_1,True,mean_distance_um_CC_minus_CP,2.5072973616066423
20210805A07_1,20211022A04_1,True,mean_distance_um_CC_minus_PP,0.007962780475052611
20210805A07_1,20211022A04_1,True,N,96.0
20210805A07_1,20211029A07_1,False,core_fraction,0.10795376594868979
20210805A07_1,20211029A07_1,False,mean_fc_retained_CC_minus_CP,0.04495288881261401
20210805A07_1,20211029A07_1,False,mean_fc_retained_CC_minus_PP,0.07933789865325541
20210805A07_1,20211029A07_1,False,density_CC_minus_CP,0.02093891620852928
20210805A07_1,20211029A07_1,False,density_CC_minus_PP,0.08933530761930242
20210805A07_1,20211029A07_1,False,mean_distance_um_CC_minus_CP,2.209285105416829
20210805A07_1,20211029A07_1,False,mean_distance_um_CC_minus_PP,5.7660828629836836
20210805A07_1,20211029A07_1,False,N,99.0
20210805A07_1,20211030A04_1,False,core_fraction,0.106905303693331
20210805A07_1,20211030A04_1,False,mean_fc_retained_CC_minus_CP,0.015459695511446707
20210805A07_1,20211030A04_1,False,mean_fc_retained_CC_minus_PP,0.0337296302304709
20210805A07_1,20211030A04_1,False,density_CC_minus_CP,0.2824777506232057
20210805A07_1,20211030A04_1,False,density_CC_minus_PP,0.2727219984839472
20210805A07_1,20211030A04_1,False,mean_distance_um_CC_minus_CP,1.436648140838082
20210805A07_1,20211030A04_1,False,mean_distance_um_CC_minus_PP,1.06626057371734
20210805A07_1,20211030A04_1,False,N,81.0
20210805A07_1,20211102A04_1,False,core_fraction,0.0276770606719845
20210805A07_1,20211102A04_1,False,mean_fc_retained_CC_minus_CP,0.031062827496157394
20210805A07_1,20211102A04_1,False,mean_fc_retained_CC_minus_PP,0.027524407579693988
20210805A07_1,20211102A04_1,False,density_CC_minus_CP,0.16642172899156144
20210805A07_1,20211102A04_1,False,density_CC_minus_PP,0.25535761193210404
20210805A07_1,20211102A04_1,False,mean_distance_um_CC_minus_CP,11.33240510381961
20210805A07_1,20211102A04_1,False,mean_distance_um_CC_minus_PP,9.817629531929827
20210805A07_1,20211102A04_1,False,N,55.0
20210805A07_1,20211102A06_1,False,core_fraction,0.10862944162436551
20210805A07_1,20211102A06_1,False,mean_fc_retained_CC_minus_CP,0.0007829502586180065
20210805A07_1,20211102A06_1,False,mean_fc_retained_CC_minus_PP,0.024059501767510108
20210805A07_1,20211102A06_1,False,density_CC_minus_CP,0.2608399226063037
20210805A07_1,20211102A06_1,False,density_CC_minus_PP,0.2363743677195578
20210805A07_1,20211102A06_1,False,mean_distance_um_CC_minus_CP,1.437697939978028
20210805A07_1,20211102A06_1,False,mean_distance_um_CC_minus_PP,5.630580010997091
20210805A07_1,20211102A06_1,False,N,38.0
20210805A07_1,20211102A11_1,False,core_fraction,0.0325232469341
20210805A07_1,20211102A11_1,False,mean_fc_retained_CC_minus_CP,0.021971625440919705
20210805A07_1,20211102A11_1,False,mean_fc_retained_CC_minus_PP,0.043476463225802404
20210805A07_1,20211102A11_1,False,density_CC_minus_CP,0.11889075646058889
20210805A07_1,20211102A11_1,False,density_CC_minus_PP,0.1773031915366864
20210805A07_1,20211102A11_1,False,mean_distance_um_CC_minus_CP,0.15883978204546212
20210805A07_1,20211102A11_1,False,mean_distance_um_CC_minus_PP,1.8698096617945605
20210805A07_1,20211102A11_1,False,N,29.0
20210805A07_1,20211102A12_1,False,core_fraction,0.018218482720255905
20210805A07_1,20211102A12_1,False,mean_fc_retained_CC_minus_CP,0.01473748416900561
20210805A07_1,20211102A12_1,False,mean_fc_retained_CC_minus_PP,0.021979954093818005
20210805A07_1,20211102A12_1,False,density_CC_minus_CP,0.3041776339349664
20210805A07_1,20211102A12_1,False,density_CC_minus_PP,0.2950630575199026
20210805A07_1,20211102A12_1,False,mean_distance_um_CC_minus_CP,4.132735777139732
20210805A07_1,20211102A12_1,False,mean_distance_um_CC_minus_PP,6.1311452320926385
20210805A07_1,20211102A12_1,False,N,95.0
20210805A07_1,20211106A01_1,False,core_fraction,0.05938321046858659
20210805A07_1,20211106A01_1,False,mean_fc_retained_CC_minus_CP,0.005047536252053307
20210805A07_1,20211106A01_1,False,mean_fc_retained_CC_minus_PP,0.013962665780679812
20210805A07_1,20211106A01_1,False,density_CC_minus_CP,0.030733970226879515
20210805A07_1,20211106A01_1,False,density_CC_minus_PP,0.0434855290192972
20210805A07_1,20211106A01_1,False,mean_distance_um_CC_minus_CP,0.5700729233093322
20210805A07_1,20211106A01_1,False,mean_distance_um_CC_minus_PP,1.1642323022706549
20210805A07_1,20211106A01_1,False,N,2.0
20210805A07_1,20211106A07_1,False,core_fraction,0.04993378945045239
20210805A07_1,20211106A07_1,False,mean_fc_retained_CC_minus_CP,0.02907495150810121
20210805A07_1,20211106A07_1,False,mean_fc_retained_CC_minus_PP,0.06664531545232091
20210805A07_1,20211106A07_1,False,density_CC_minus_CP,0.11584386505740563
20210805A07_1,20211106A07_1,False,density_CC_minus_PP,0.15227563982556014
20210805A07_1,20211106A07_1,False,mean_distance_um_CC_minus_CP,0.482513004170142
20210805A07_1,20211106A07_1,False,mean_distance_um_CC_minus_PP,0.9930536058994353
20210805A07_1,20211106A07_1,False,N,171.0
20210805A07_1,20211106A09_1,False,core_fraction,0.08017755877917719
20210805A07_1,20211106A09_1,False,mean_fc_retained_CC_minus_CP,0.044677220087005205
20210805A07_1,20211106A09_1,False,mean_fc_retained_CC_minus_PP,0.0920634072995565
20210805A07_1,20211106A09_1,False,density_CC_minus_CP,0.06855845551853179
20210805A07_1,20211106A09_1,False,density_CC_minus_PP,0.08581741219650563
20210805A07_1,20211106A09_1,False,mean_distance_um_CC_minus_CP,1.6456155697287547
20210805A07_1,20211106A09_1,False,mean_distance_um_CC_minus_PP,5.327785740257561
20210805A07_1,20211106A09_1,False,N,42.0
20210805A07_1,20211109A07_1,False,core_fraction,0.10133777495769879
20210805A07_1,20211109A07_1,False,mean_fc_retained_CC_minus_CP,0.025009217226437806
20210805A07_1,20211109A07_1,False,mean_fc_retained_CC_minus_PP,0.0327367480545178
20210805A07_1,20211109A07_1,False,density_CC_minus_CP,0.04955230956312229
20210805A07_1,20211109A07_1,False,density_CC_minus_PP,0.002216907501997878
20210805A07_1,20211109A07_1,False,mean_distance_um_CC_minus_CP,2.542227228140645
20210805A07_1,20211109A07_1,False,mean_distance_um_CC_minus_PP,5.5037981209942295
20210805A07_1,20211109A07_1,False,N,5.0
20210805A07_1,20220412A06_1,False,core_fraction,0.06572913950956179
20210805A07_1,20220412A06_1,False,mean_fc_retained_CC_minus_CP,0.036474163082797204
20210805A07_1,20220412A06_1,False,mean_fc_retained_CC_minus_PP,0.0724725419928415
20210805A07_1,20220412A06_1,False,density_CC_minus_CP,0.19313892202754007
20210805A07_1,20220412A06_1,False,density_CC_minus_PP,0.2601355574769807
20210805A07_1,20220412A06_1,False,mean_distance_um_CC_minus_CP,0.368739939862055
20210805A07_1,20220412A06_1,False,mean_distance_um_CC_minus_PP,3.313525521853462
20210805A07_1,20220412A06_1,False,N,134.0
20211022A04_1,20211029A07_1,False,core_fraction,0.10376118439258368
20211022A04_1,20211029A07_1,False,mean_fc_retained_CC_minus_CP,0.0393937799880512
20211022A04_1,20211029A07_1,False,mean_fc_retained_CC_minus_PP,0.056227161086953394
20211022A04_1,20211029A07_1,False,density_CC_minus_CP,0.1593784851424589
20211022A04_1,20211029A07_1,False,density_CC_minus_PP,0.10352370713051973
20211022A04_1,20211029A07_1,False,mean_distance_um_CC_minus_CP,4.716582467023471
20211022A04_1,20211029A07_1,False,mean_distance_um_CC_minus_PP,5.774045643458736
20211022A04_1,20211029A07_1,False,N,3.0
20211022A04_1,20211030A04_1,False,core_fraction,0.10271272213722489
20211022A04_1,20211030A04_1,False,mean_fc_retained_CC_minus_CP,0.0099005866868839
20211022A04_1,20211030A04_1,False,mean_fc_retained_CC_minus_PP,0.010618892664168891
20211022A04_1,20211030A04_1,False,density_CC_minus_CP,0.4209173195571353
20211022A04_1,20211030A04_1,False,density_CC_minus_PP,0.4655810132337693
20211022A04_1,20211030A04_1,False,mean_distance_um_CC_minus_CP,1.0706492207685603
20211022A04_1,20211030A04_1,False,mean_distance_um_CC_minus_PP,1.0742233541923927
20211022A04_1,20211030A04_1,False,N,177.0
20211022A04_1,20211102A04_1,False,core_fraction,0.023484479115878393
20211022A04_1,20211102A04_1,False,mean_fc_retained_CC_minus_CP,0.0366219363207202
20211022A04_1,20211102A04_1,False,mean_fc_retained_CC_minus_PP,0.050635145145996
20211022A04_1,20211102A04_1,False,density_CC_minus_CP,0.027982160057631822
20211022A04_1,20211102A04_1,False,density_CC_minus_PP,0.0624985971822819
20211022A04_1,20211102A04_1,False,mean_distance_um_CC_minus_CP,8.825107742212968
20211022A04_1,20211102A04_1,False,mean_distance_um_CC_minus_PP,9.809666751454774
20211022A04_1,20211102A04_1,False,N,41.0
20211022A04_1,20211102A06_1,False,core_fraction,0.1044368600682594
20211022A04_1,20211102A06_1,False,mean_fc_retained_CC_minus_CP,0.0047761585659448005
20211022A04_1,20211102A06_1,False,mean_fc_retained_CC_minus_PP,0.0009487642012080966
20211022A04_1,20211102A06_1,False,density_CC_minus_CP,0.3992794915402333
20211022A04_1,20211102A06_1,False,density_CC_minus_PP,0.4292333824693799
20211022A04_1,20211102A06_1,False,mean_distance_um_CC_minus_CP,3.9449953015846706
20211022A04_1,20211102A06_1,False,mean_distance_um_CC_minus_PP,5.638542791472144
20211022A04_1,20211102A06_1,False,N,58.0
20211022A04_1,20211102A11_1,False,core_fraction,0.02833066537799389
20211022A04_1,20211102A11_1,False,mean_fc_retained_CC_minus_CP,0.016412516616356898
20211022A04_1,20211102A11_1,False,mean_fc_retained_CC_minus_PP,0.020365725659500393
20211022A04_1,20211102A11_1,False,density_CC_minus_CP,0.019548812473340726
20211022A04_1,20211102A11_1,False,density_CC_minus_PP,0.015555823213135755
20211022A04_1,20211102A11_1,False,mean_distance_um_CC_minus_CP,2.6661371436521044
20211022A04_1,20211102A11_1,False,mean_distance_um_CC_minus_PP,1.8777724422696132
20211022A04_1,20211102A11_1,False,N,67.0
20211022A04_1,20211102A12_1,False,core_fraction,0.014025901164149798
20211022A04_1,20211102A12_1,False,mean_fc_retained_CC_minus_CP,0.009178375344442803
20211022A04_1,20211102A12_1,False,mean_fc_retained_CC_minus_PP,0.0011307834724840066
20211022A04_1,20211102A12_1,False,density_CC_minus_CP,0.16573806500103677
20211022A04_1,20211102A12_1,False,density_CC_minus_PP,0.10220404277008044
20211022A04_1,20211102A12_1,False,mean_distance_um_CC_minus_CP,1.6254384155330897
20211022A04_1,20211102A12_1,False,mean_distance_um_CC_minus_PP,6.123182451617586
20211022A04_1,20211102A12_1,False,N,1.0
20211022A04_1,20211106A01_1,False,core_fraction,0.055190628912480486
20211022A04_1,20211106A01_1,False,mean_fc_retained_CC_minus_CP,0.0005115725725094999
20211022A04_1,20211106A01_1,False,mean_fc_retained_CC_minus_PP,0.0091480717856222
20211022A04_1,20211106A01_1,False,density_CC_minus_CP,0.1077055987070501
20211022A04_1,20211106A01_1,False,density_CC_minus_PP,0.14937348573052495
20211022A04_1,20211106A01_1,False,mean_distance_um_CC_minus_CP,1.93722443829731
20211022A04_1,20211106A01_1,False,mean_distance_um_CC_minus_PP,1.1721950827457075
20211022A04_1,20211106A01_1,False,N,94.0
20211022A04_1,20211106A07_1,False,core_fraction,0.045741207894346284
20211022A04_1,20211106A07_1,False,mean_fc_retained_CC_minus_CP,0.0235158426835384
20211022A04_1,20211106A07_1,False,mean_fc_retained_CC_minus_PP,0.043534577886018895
20211022A04_1,20211106A07_1,False,density_CC_minus_CP,0.022595703876523987
20211022A04_1,20211106A07_1,False,density_CC_minus_PP,0.040583374924262006
20211022A04_1,20211106A07_1,False,mean_distance_um_CC_minus_CP,2.0247843574365003
20211022A04_1,20211106A07_1,False,mean_distance_um_CC_minus_PP,1.0010163863744879
20211022A04_1,20211106A07_1,False,N,75.0
20211022A04_1,20211106A09_1,False,core_fraction,0.07598497722307108
20211022A04_1,20211106A09_1,False,mean_fc_retained_CC_minus_CP,0.0391181112624424
20211022A04_1,20211106A09_1,False,mean_fc_retained_CC_minus_PP,0.06895266973325449
20211022A04_1,20211106A09_1,False,density_CC_minus_CP,0.06988111341539782
20211022A04_1,20211106A09_1,False,density_CC_minus_PP,0.10704160255331652
20211022A04_1,20211106A09_1,False,mean_distance_um_CC_minus_CP,4.152912931335397
20211022A04_1,20211106A09_1,False,mean_distance_um_CC_minus_PP,5.335748520732613
20211022A04_1,20211106A09_1,False,N,54.0
20211022A04_1,20211109A07_1,False,core_fraction,0.09714519340159268
20211022A04_1,20211109A07_1,False,mean_fc_retained_CC_minus_CP,0.019450108401875
20211022A04_1,20211109A07_1,False,mean_fc_retained_CC_minus_PP,0.009626010488215792
20211022A04_1,20211109A07_1,False,density_CC_minus_CP,0.1879918784970519
20211022A04_1,20211109A07_1,False,density_CC_minus_PP,0.19507592225182002
20211022A04_1,20211109A07_1,False,mean_distance_um_CC_minus_CP,5.049524589747287
20211022A04_1,20211109A07_1,False,mean_distance_um_CC_minus_PP,5.511760901469282
20211022A04_1,20211109A07_1,False,N,101.0
20211022A04_1,20220412A06_1,False,core_fraction,0.06153655795345568
20211022A04_1,20220412A06_1,False,mean_fc_retained_CC_minus_CP,0.0309150542582344
20211022A04_1,20220412A06_1,False,mean_fc_retained_CC_minus_PP,0.04936180442653949
20211022A04_1,20220412A06_1,False,density_CC_minus_CP,0.05469935309361046
20211022A04_1,20220412A06_1,False,density_CC_minus_PP,0.06727654272715855
20211022A04_1,20220412A06_1,False,mean_distance_um_CC_minus_CP,2.8760373014686973
20211022A04_1,20220412A06_1,False,mean_distance_um_CC_minus_PP,3.3214883023285147
20211022A04_1,20220412A06_1,False,N,38.0
20211029A07_1,20211030A04_1,True,core_fraction,0.0010484622553587897
20211029A07_1,20211030A04_1,True,mean_fc_retained_CC_minus_CP,0.0294931933011673
20211029A07_1,20211030A04_1,True,mean_fc_retained_CC_minus_PP,0.0456082684227845
20211029A07_1,20211030A04_1,True,density_CC_minus_CP,0.2615388344146764
20211029A07_1,20211030A04_1,True,density_CC_minus_PP,0.3620573061032496
20211029A07_1,20211030A04_1,True,mean_distance_um_CC_minus_CP,3.645933246254911
20211029A07_1,20211030A04_1,True,mean_distance_um_CC_minus_PP,4.6998222892663435
20211029A07_1,20211030A04_1,True,N,180.0
20211029A07_1,20211102A04_1,False,core_fraction,0.08027670527670529
20211029A07_1,20211102A04_1,False,mean_fc_retained_CC_minus_CP,0.07601571630877141
20211029A07_1,20211102A04_1,False,mean_fc_retained_CC_minus_PP,0.1068623062329494
20211029A07_1,20211102A04_1,False,density_CC_minus_CP,0.18736064520009071
20211029A07_1,20211102A04_1,False,density_CC_minus_PP,0.16602230431280163
20211029A07_1,20211102A04_1,False,mean_distance_um_CC_minus_CP,13.541690209236439
20211029A07_1,20211102A04_1,False,mean_distance_um_CC_minus_PP,15.58371239491351
20211029A07_1,20211102A04_1,False,N,44.0
20211029A07_1,20211102A06_1,False,core_fraction,0.0006756756756757243
20211029A07_1,20211102A06_1,False,mean_fc_retained_CC_minus_CP,0.044169938553996
20211029A07_1,20211102A06_1,False,mean_fc_retained_CC_minus_PP,0.0552783968857453
20211029A07_1,20211102A06_1,False,density_CC_minus_CP,0.2399010063977744
20211029A07_1,20211102A06_1,False,density_CC_minus_PP,0.3257096753388602
20211029A07_1,20211102A06_1,False,mean_distance_um_CC_minus_CP,0.771587165438801
20211029A07_1,20211102A06_1,False,mean_distance_um_CC_minus_PP,0.13550285198659195
20211029A07_1,20211102A06_1,False,N,61.0
20211029A07_1,20211102A11_1,False,core_fraction,0.07543051901458979
20211029A07_1,20211102A11_1,False,mean_fc_retained_CC_minus_CP,0.022981263371694302
20211029A07_1,20211102A11_1,False,mean_fc_retained_CC_minus_PP,0.035861435427453
20211029A07_1,20211102A11_1,False,density_CC_minus_CP,0.13982967266911817
20211029A07_1,20211102A11_1,False,density_CC_minus_PP,0.08796788391738397
20211029A07_1,20211102A11_1,False,mean_distance_um_CC_minus_CP,2.050445323371367
20211029A07_1,20211102A11_1,False,mean_distance_um_CC_minus_PP,3.896273201189123
20211029A07_1,20211102A11_1,False,N,70.0
20211029A07_1,20211102A12_1,False,core_fraction,0.08973528322843388
20211029A07_1,20211102A12_1,False,mean_fc_retained_CC_minus_CP,0.030215404643608397
20211029A07_1,20211102A12_1,False,mean_fc_retained_CC_minus_PP,0.0573579445594374
20211029A07_1,20211102A12_1,False,density_CC_minus_CP,0.32511655014349566
20211029A07_1,20211102A12_1,False,density_CC_minus_PP,0.20572774990060017
20211029A07_1,20211102A12_1,False,mean_distance_um_CC_minus_CP,6.342020882556561
20211029A07_1,20211102A12_1,False,mean_distance_um_CC_minus_PP,11.897228095076322
20211029A07_1,20211102A12_1,False,N,4.0
20211029A07_1,20211106A01_1,False,core_fraction,0.048570555480103195
20211029A07_1,20211106A01_1,False,mean_fc_retained_CC_minus_CP,0.0399053525605607
20211029A07_1,20211106A01_1,False,mean_fc_retained_CC_minus_PP,0.0653752328725756
20211029A07_1,20211106A01_1,False,density_CC_minus_CP,0.051672886435408794
20211029A07_1,20211106A01_1,False,density_CC_minus_PP,0.04584977860000522
20211029A07_1,20211106A01_1,False,mean_distance_um_CC_minus_CP,2.7793580287261612
20211029A07_1,20211106A01_1,False,mean_distance_um_CC_minus_PP,4.601850560713029
20211029A07_1,20211106A01_1,False,N,97.0
20211029A07_1,20211106A07_1,False,core_fraction,0.0580199764982374
20211029A07_1,20211106A07_1,False,mean_fc_retained_CC_minus_CP,0.0158779373045128
20211029A07_1,20211106A07_1,False,mean_fc_retained_CC_minus_PP,0.012692583200934499
20211029A07_1,20211106A07_1,False,density_CC_minus_CP,0.1367827812659349
20211029A07_1,20211106A07_1,False,density_CC_minus_PP,0.06294033220625772
20211029A07_1,20211106A07_1,False,mean_distance_um_CC_minus_CP,2.691798109586971
20211029A07_1,20211106A07_1,False,mean_distance_um_CC_minus_PP,4.773029257084248
20211029A07_1,20211106A07_1,False,N,72.0
20211029A07_1,20211106A09_1,False,core_fraction,0.027776207169512596
20211029A07_1,20211106A09_1,False,mean_fc_retained_CC_minus_CP,0.00027566872560880196
20211029A07_1,20211106A09_1,False,mean_fc_retained_CC_minus_PP,0.012725508646301101
20211029A07_1,20211106A09_1,False,density_CC_minus_CP,0.08949737172706107
20211029A07_1,20211106A09_1,False,density_CC_minus_PP,0.0035178954227967907
20211029A07_1,20211106A09_1,False,mean_distance_um_CC_minus_CP,0.5636695356880744
20211029A07_1,20211106A09_1,False,mean_distance_um_CC_minus_PP,0.43829712272612276
20211029A07_1,20211106A09_1,False,N,57.0
20211029A07_1,20211109A07_1,False,core_fraction,0.006615990990991
20211029A07_1,20211109A07_1,False,mean_fc_retained_CC_minus_CP,0.0199436715861762
20211029A07_1,20211109A07_1,False,mean_fc_retained_CC_minus_PP,0.0466011505987376
20211029A07_1,20211109A07_1,False,density_CC_minus_CP,0.02861339335459301
20211029A07_1,20211109A07_1,False,density_CC_minus_PP,0.0915522151213003
20211029A07_1,20211109A07_1,False,mean_distance_um_CC_minus_CP,0.3329421227238159
20211029A07_1,20211109A07_1,False,mean_distance_um_CC_minus_PP,0.26228474198945384
20211029A07_1,20211109A07_1,False,N,104.0
20211029A07_1,20220412A06_1,False,core_fraction,0.042224626439128
20211029A07_1,20220412A06_1,False,mean_fc_retained_CC_minus_CP,0.0084787257298168
20211029A07_1,20220412A06_1,False,mean_fc_retained_CC_minus_PP,0.006865356660413897
20211029A07_1,20220412A06_1,False,density_CC_minus_CP,0.21407783823606935
20211029A07_1,20220412A06_1,False,density_CC_minus_PP,0.17080024985767828
20211029A07_1,20220412A06_1,False,mean_distance_um_CC_minus_CP,1.840545165554774
20211029A07_1,20220412A06_1,False,mean_distance_um_CC_minus_PP,2.4525573411302215
20211029A07_1,20220412A06_1,False,N,35.0
20211030A04_1,20211102A04_1,False,core_fraction,0.0792282430213465
20211030A04_1,20211102A04_1,False,mean_fc_retained_CC_minus_CP,0.0465225230076041
20211030A04_1,20211102A04_1,False,mean_fc_retained_CC_minus_PP,0.06125403781016489
20211030A04_1,20211102A04_1,False,density_CC_minus_CP,0.4488994796147671
20211030A04_1,20211102A04_1,False,density_CC_minus_PP,0.5280796104160512
20211030A04_1,20211102A04_1,False,mean_distance_um_CC_minus_CP,9.895756962981528
20211030A04_1,20211102A04_1,False,mean_distance_um_CC_minus_PP,10.883890105647167
20211030A04_1,20211102A04_1,False,N,136.0
20211030A04_1,20211102A06_1,False,core_fraction,0.001724137931034514
20211030A04_1,20211102A06_1,False,mean_fc_retained_CC_minus_CP,0.0146767452528287
20211030A04_1,20211102A06_1,False,mean_fc_retained_CC_minus_PP,0.009670128462960795
20211030A04_1,20211102A06_1,False,density_CC_minus_CP,0.02163782801690199
20211030A04_1,20211102A06_1,False,density_CC_minus_PP,0.036347630764389405
20211030A04_1,20211102A06_1,False,mean_distance_um_CC_minus_CP,2.8743460808161103
20211030A04_1,20211102A06_1,False,mean_distance_um_CC_minus_PP,4.564319437279751
20211030A04_1,20211102A06_1,False,N,119.0
20211030A04_1,20211102A11_1,False,core_fraction,0.074382056759231
20211030A04_1,20211102A11_1,False,mean_fc_retained_CC_minus_CP,0.006511929929472998
20211030A04_1,20211102A11_1,False,mean_fc_retained_CC_minus_PP,0.009746832995331502
20211030A04_1,20211102A11_1,False,density_CC_minus_CP,0.40136850708379457
20211030A04_1,20211102A11_1,False,density_CC_minus_PP,0.45002519002063357
20211030A04_1,20211102A11_1,False,mean_distance_um_CC_minus_CP,1.5954879228835441
20211030A04_1,20211102A11_1,False,mean_distance_um_CC_minus_PP,0.8035490880772205
20211030A04_1,20211102A11_1,False,N,110.0
20211030A04_1,20211102A12_1,False,core_fraction,0.08868682097307509
20211030A04_1,20211102A12_1,False,mean_fc_retained_CC_minus_CP,0.0007222113424410967
20211030A04_1,20211102A12_1,False,mean_fc_retained_CC_minus_PP,0.011749676136652898
20211030A04_1,20211102A12_1,False,density_CC_minus_CP,0.5866553845581721
20211030A04_1,20211102A12_1,False,density_CC_minus_PP,0.5677850560038498
20211030A04_1,20211102A12_1,False,mean_distance_um_CC_minus_CP,2.69608763630165
20211030A04_1,20211102A12_1,False,mean_distance_um_CC_minus_PP,7.197405805809979
20211030A04_1,20211102A12_1,False,N,176.0
20211030A04_1,20211106A01_1,False,core_fraction,0.047522093224744405
20211030A04_1,20211106A01_1,False,mean_fc_retained_CC_minus_CP,0.0104121592593934
20211030A04_1,20211106A01_1,False,mean_fc_retained_CC_minus_PP,0.01976696444979109
20211030A04_1,20211106A01_1,False,density_CC_minus_CP,0.3132117208500852
20211030A04_1,20211106A01_1,False,density_CC_minus_PP,0.31620752750324443
20211030A04_1,20211106A01_1,False,mean_distance_um_CC_minus_CP,0.8665752175287498
20211030A04_1,20211106A01_1,False,mean_distance_um_CC_minus_PP,0.09797172855331482
20211030A04_1,20211106A01_1,False,N,83.0
20211030A04_1,20211106A07_1,False,core_fraction,0.05697151424287861
20211030A04_1,20211106A07_1,False,mean_fc_retained_CC_minus_CP,0.013615255996654502
20211030A04_1,20211106A07_1,False,mean_fc_retained_CC_minus_PP,0.032915685221850004
20211030A04_1,20211106A07_1,False,density_CC_minus_CP,0.3983216156806113
20211030A04_1,20211106A07_1,False,density_CC_minus_PP,0.4249976383095073
20211030A04_1,20211106A07_1,False,mean_distance_um_CC_minus_CP,0.95413513666794
20211030A04_1,20211106A07_1,False,mean_distance_um_CC_minus_PP,0.07320696781790481
20211030A04_1,20211106A07_1,False,N,252.0
20211030A04_1,20211106A09_1,False,core_fraction,0.026727744914153806
20211030A04_1,20211106A09_1,False,mean_fc_retained_CC_minus_CP,0.0292175245755585
20211030A04_1,20211106A09_1,False,mean_fc_retained_CC_minus_PP,0.0583337770690856
20211030A04_1,20211106A09_1,False,density_CC_minus_CP,0.3510362061417375
20211030A04_1,20211106A09_1,False,density_CC_minus_PP,0.3585394106804528
20211030A04_1,20211106A09_1,False,mean_distance_um_CC_minus_CP,3.0822637105668367
20211030A04_1,20211106A09_1,False,mean_distance_um_CC_minus_PP,4.2615251665402205
20211030A04_1,20211106A09_1,False,N,123.0
20211030A04_1,20211109A07_1,False,core_fraction,0.00556752873563221
20211030A04_1,20211109A07_1,False,mean_fc_retained_CC_minus_CP,0.0095495217149911
20211030A04_1,20211109A07_1,False,mean_fc_retained_CC_minus_PP,0.0009928821759530998
20211030A04_1,20211109A07_1,False,density_CC_minus_CP,0.2329254410600834
20211030A04_1,20211109A07_1,False,density_CC_minus_PP,0.2705050909819493
20211030A04_1,20211109A07_1,False,mean_distance_um_CC_minus_CP,3.978875368978727
20211030A04_1,20211109A07_1,False,mean_distance_um_CC_minus_PP,4.437537547276889
20211030A04_1,20211109A07_1,False,N,76.0
20211030A04_1,20220412A06_1,False,core_fraction,0.04117616418376921
20211030A04_1,20220412A06_1,False,mean_fc_retained_CC_minus_CP,0.0210144675713505
20211030A04_1,20220412A06_1,False,mean_fc_retained_CC_minus_PP,0.0387429117623706
20211030A04_1,20220412A06_1,False,density_CC_minus_CP,0.47561667265074575
20211030A04_1,20220412A06_1,False,density_CC_minus_PP,0.5328575559609279
20211030A04_1,20220412A06_1,False,mean_distance_um_CC_minus_CP,1.805388080700137
20211030A04_1,20220412A06_1,False,mean_distance_um_CC_minus_PP,2.247264948136122
20211030A04_1,20220412A06_1,False,N,215.0
20211102A04_1,20211102A06_1,True,core_fraction,0.08095238095238101
20211102A04_1,20211102A06_1,True,mean_fc_retained_CC_minus_CP,0.0318457777547754
20211102A04_1,20211102A06_1,True,mean_fc_retained_CC_minus_PP,0.051583909347204096
20211102A04_1,20211102A06_1,True,density_CC_minus_CP,0.4272616515978651
20211102A04_1,20211102A06_1,True,density_CC_minus_PP,0.4917319796516618
20211102A04_1,20211102A06_1,True,mean_distance_um_CC_minus_CP,12.770103043797638
20211102A04_1,20211102A06_1,True,mean_distance_um_CC_minus_PP,15.448209542926918
20211102A04_1,20211102A06_1,True,N,17.0
20211102A04_1,20211102A11_1,True,core_fraction,0.004846186262115498
20211102A04_1,20211102A11_1,True,mean_fc_retained_CC_minus_CP,0.0530344529370771
20211102A04_1,20211102A11_1,True,mean_fc_retained_CC_minus_PP,0.07100087080549639
20211102A04_1,20211102A11_1,True,density_CC_minus_CP,0.04753097253097255
20211102A04_1,20211102A11_1,True,density_CC_minus_PP,0.07805442039541766
20211102A04_1,20211102A11_1,True,mean_distance_um_CC_minus_CP,11.491244885865072
20211102A04_1,20211102A11_1,True,mean_distance_um_CC_minus_PP,11.687439193724387
20211102A04_1,20211102A11_1,True,N,26.0
20211102A04_1,20211102A12_1,True,core_fraction,0.009458577951728595
20211102A04_1,20211102A12_1,True,mean_fc_retained_CC_minus_CP,0.045800311665163004
20211102A04_1,20211102A12_1,True,mean_fc_retained_CC_minus_PP,0.04950436167351199
20211102A04_1,20211102A12_1,True,density_CC_minus_CP,0.13775590494340495
20211102A04_1,20211102A12_1,True,density_CC_minus_PP,0.03970544558779854
20211102A04_1,20211102A12_1,True,mean_distance_um_CC_minus_CP,7.199669326679878
20211102A04_1,20211102A12_1,True,mean_distance_um_CC_minus_PP,3.686484299837188
20211102A04_1,20211102A12_1,True,N,40.0
20211102A04_1,20211106A01_1,False,core_fraction,0.03170614979660209
20211102A04_1,20211106A01_1,False,mean_fc_retained_CC_minus_CP,0.0361103637482107
20211102A04_1,20211106A01_1,False,mean_fc_retained_CC_minus_PP,0.0414870733603738
20211102A04_1,20211106A01_1,False,density_CC_minus_CP,0.13568775876468192
20211102A04_1,20211106A01_1,False,density_CC_minus_PP,0.21187208291280685
20211102A04_1,20211106A01_1,False,mean_distance_um_CC_minus_CP,10.762332180510278
20211102A04_1,20211106A01_1,False,mean_distance_um_CC_minus_PP,10.981861834200481
20211102A04_1,20211106A01_1,False,N,53.0
20211102A04_1,20211106A07_1,False,core_fraction,0.02225672877846789
20211102A04_1,20211106A07_1,False,mean_fc_retained_CC_minus_CP,0.0601377790042586
20211102A04_1,20211106A07_1,False,mean_fc_retained_CC_minus_PP,0.0941697230320149
20211102A04_1,20211106A07_1,False,density_CC_minus_CP,0.05057786393415581
20211102A04_1,20211106A07_1,False,density_CC_minus_PP,0.1030819721065439
20211102A04_1,20211106A07_1,False,mean_distance_um_CC_minus_CP,10.849892099649468
20211102A04_1,20211106A07_1,False,mean_distance_um_CC_minus_PP,10.810683137829262
20211102A04_1,20211106A07_1,False,N,116.0
20211102A04_1,20211106A09_1,False,core_fraction,0.05250049810719269
20211102A04_1,20211106A09_1,False,mean_fc_retained_CC_minus_CP,0.0757400475831626
20211102A04_1,20211106A09_1,False,mean_fc_retained_CC_minus_PP,0.11958781487925049
20211102A04_1,20211106A09_1,False,density_CC_minus_CP,0.09786327347302964
20211102A04_1,20211106A09_1,False,density_CC_minus_PP,0.16954019973559842
20211102A04_1,20211106A09_1,False,mean_distance_um_CC_minus_CP,12.978020673548365
20211102A04_1,20211106A09_1,False,mean_distance_um_CC_minus_PP,15.145415272187387
20211102A04_1,20211106A09_1,False,N,13.0
20211102A04_1,20211109A07_1,False,core_fraction,0.07366071428571429
20211102A04_1,20211109A07_1,False,mean_fc_retained_CC_minus_CP,0.0560720447225952
20211102A04_1,20211109A07_1,False,mean_fc_retained_CC_minus_PP,0.06026115563421179
20211102A04_1,20211109A07_1,False,density_CC_minus_CP,0.21597403855468372
20211102A04_1,20211109A07_1,False,density_CC_minus_PP,0.2575745194341019
20211102A04_1,20211109A07_1,False,mean_distance_um_CC_minus_CP,13.874632331960255
20211102A04_1,20211109A07_1,False,mean_distance_um_CC_minus_PP,15.321427652924056
20211102A04_1,20211109A07_1,False,N,60.0
20211102A04_1,20220412A06_1,False,core_fraction,0.03805207883757729
20211102A04_1,20220412A06_1,False,mean_fc_retained_CC_minus_CP,0.0675369905789546
20211102A04_1,20220412A06_1,False,mean_fc_retained_CC_minus_PP,0.09999694957253549
20211102A04_1,20220412A06_1,False,density_CC_minus_CP,0.026717193035978637
20211102A04_1,20220412A06_1,False,density_CC_minus_PP,0.0047779455448766495
20211102A04_1,20220412A06_1,False,mean_distance_um_CC_minus_CP,11.701145043681665
20211102A04_1,20220412A06_1,False,mean_distance_um_CC_minus_PP,13.131155053783289
20211102A04_1,20220412A06_1,False,N,79.0
20211102A06_1,20211102A11_1,True,core_fraction,0.07610619469026551
20211102A06_1,20211102A11_1,True,mean_fc_retained_CC_minus_CP,0.0211886751823017
20211102A06_1,20211102A11_1,True,mean_fc_retained_CC_minus_PP,0.019416961458292296
20211102A06_1,20211102A11_1,True,density_CC_minus_CP,0.37973067906689256
20211102A06_1,20211102A11_1,True,density_CC_minus_PP,0.41367755925624417
20211102A06_1,20211102A11_1,True,mean_distance_um_CC_minus_CP,1.278858157932566
20211102A06_1,20211102A11_1,True,mean_distance_um_CC_minus_PP,3.760770349202531
20211102A06_1,20211102A11_1,True,N,9.0
20211102A06_1,20211102A12_1,True,core_fraction,0.0904109589041096
20211102A06_1,20211102A12_1,True,mean_fc_retained_CC_minus_CP,0.013954533910387604
20211102A06_1,20211102A12_1,True,mean_fc_retained_CC_minus_PP,0.002079547673692103
20211102A06_1,20211102A12_1,True,density_CC_minus_CP,0.5650175565412701
20211102A06_1,20211102A12_1,True,density_CC_minus_PP,0.5314374252394604
20211102A06_1,20211102A12_1,True,mean_distance_um_CC_minus_CP,5.57043371711776
20211102A06_1,20211102A12_1,True,mean_distance_um_CC_minus_PP,11.76172524308973
20211102A06_1,20211102A12_1,True,N,57.0
20211102A06_1,20211106A01_1,False,core_fraction,0.04924623115577892
20211102A06_1,20211106A01_1,False,mean_fc_retained_CC_minus_CP,0.004264585993435301
20211102A06_1,20211106A01_1,False,mean_fc_retained_CC_minus_PP,0.010096835986830296
20211102A06_1,20211106A01_1,False,density_CC_minus_CP,0.2915738928331832
20211102A06_1,20211106A01_1,False,density_CC_minus_PP,0.27985989673885503
20211102A06_1,20211106A01_1,False,mean_distance_um_CC_minus_CP,2.0077708632873605
20211102A06_1,20211106A01_1,False,mean_distance_um_CC_minus_PP,4.4663477087264365
20211102A06_1,20211106A01_1,False,N,36.0
20211102A06_1,20211106A07_1,False,core_fraction,0.05869565217391312
20211102A06_1,20211106A07_1,False,mean_fc_retained_CC_minus_CP,0.028292001249483202
20211102A06_1,20211106A07_1,False,mean_fc_retained_CC_minus_PP,0.0425858136848108
20211102A06_1,20211106A07_1,False,density_CC_minus_CP,0.3766837876637093
20211102A06_1,20211106A07_1,False,density_CC_minus_PP,0.3886500075451179
20211102A06_1,20211106A07_1,False,mean_distance_um_CC_minus_CP,1.92021094414817
20211102A06_1,20211106A07_1,False,mean_distance_um_CC_minus_PP,4.637526405097656
20211102A06_1,20211106A07_1,False,N,133.0
20211102A06_1,20211106A09_1,False,core_fraction,0.02845188284518832
20211102A06_1,20211106A09_1,False,mean_fc_retained_CC_minus_CP,0.0438942698283872
20211102A06_1,20211106A09_1,False,mean_fc_retained_CC_minus_PP,0.0680039055320464
20211102A06_1,20211106A09_1,False,density_CC_minus_CP,0.32939837812483547
20211102A06_1,20211106A09_1,False,density_CC_minus_PP,0.3221917799160634
20211102A06_1,20211106A09_1,False,mean_distance_um_CC_minus_CP,0.20791762975072658
20211102A06_1,20211106A09_1,False,mean_distance_um_CC_minus_PP,0.3027942707395308
20211102A06_1,20211106A09_1,False,N,4.0
20211102A06_1,20211109A07_1,False,core_fraction,0.007291666666666724
20211102A06_1,20211109A07_1,False,mean_fc_retained_CC_minus_CP,0.0242262669678198
20211102A06_1,20211109A07_1,False,mean_fc_retained_CC_minus_PP,0.008677246287007695
20211102A06_1,20211109A07_1,False,density_CC_minus_CP,0.2112876130431814
20211102A06_1,20211109A07_1,False,density_CC_minus_PP,0.23415746021755993
20211102A06_1,20211109A07_1,False,mean_distance_um_CC_minus_CP,1.104529288162617
20211102A06_1,20211109A07_1,False,mean_distance_um_CC_minus_PP,0.12678189000286189
20211102A06_1,20211109A07_1,False,N,43.0
20211102A06_1,20220412A06_1,False,core_fraction,0.04290030211480372
20211102A06_1,20220412A06_1,False,mean_fc_retained_CC_minus_CP,0.0356912128241792
20211102A06_1,20220412A06_1,False,mean_fc_retained_CC_minus_PP,0.0484130402253314
20211102A06_1,20220412A06_1,False,density_CC_minus_CP,0.45397884463384375
20211102A06_1,20220412A06_1,False,density_CC_minus_PP,0.49650992519653847
20211102A06_1,20220412A06_1,False,mean_distance_um_CC_minus_CP,1.068958000115973
20211102A06_1,20220412A06_1,False,mean_distance_um_CC_minus_PP,2.3170544891436293
20211102A06_1,20220412A06_1,False,N,96.0
20211102A11_1,20211102A12_1,True,core_fraction,0.014304764213844093
20211102A11_1,20211102A12_1,True,mean_fc_retained_CC_minus_CP,0.007234141271914095
20211102A11_1,20211102A12_1,True,mean_fc_retained_CC_minus_PP,0.0214965091319844
20211102A11_1,20211102A12_1,True,density_CC_minus_CP,0.1852868774743775
20211102A11_1,20211102A12_1,True,density_CC_minus_PP,0.1177598659832162
20211102A11_1,20211102A12_1,True,mean_distance_um_CC_minus_CP,4.291575559185194
20211102A11_1,20211102A12_1,True,mean_distance_um_CC_minus_PP,8.000954893887199
20211102A11_1,20211102A12_1,True,N,66.0
20211102A11_1,20211106A01_1,False,core_fraction,0.026859963534486594
20211102A11_1,20211106A01_1,False,mean_fc_retained_CC_minus_CP,0.016924089188866398
20211102A11_1,20211106A01_1,False,mean_fc_retained_CC_minus_PP,0.029513797445122593
20211102A11_1,20211106A01_1,False,density_CC_minus_CP,0.08815678623370937
20211102A11_1,20211106A01_1,False,density_CC_minus_PP,0.1338176625173892
20211102A11_1,20211106A01_1,False,mean_distance_um_CC_minus_CP,0.7289127053547944
20211102A11_1,20211106A01_1,False,mean_distance_um_CC_minus_PP,0.7055773595239057
20211102A11_1,20211106A01_1,False,N,27.0
20211102A11_1,20211106A07_1,False,core_fraction,0.017410542516352392
20211102A11_1,20211106A07_1,False,mean_fc_retained_CC_minus_CP,0.0071033260671815035
20211102A11_1,20211106A07_1,False,mean_fc_retained_CC_minus_PP,0.023168852226518502
20211102A11_1,20211106A07_1,False,density_CC_minus_CP,0.0030468914031832606
20211102A11_1,20211106A07_1,False,density_CC_minus_PP,0.02502755171112625
20211102A11_1,20211106A07_1,False,mean_distance_um_CC_minus_CP,0.6413527862156041
20211102A11_1,20211106A07_1,False,mean_distance_um_CC_minus_PP,0.8767560558951253
20211102A11_1,20211106A07_1,False,N,142.0
20211102A11_1,20211106A09_1,False,core_fraction,0.047654311845077194
20211102A11_1,20211106A09_1,False,mean_fc_retained_CC_minus_CP,0.0227055946460855
20211102A11_1,20211106A09_1,False,mean_fc_retained_CC_minus_PP,0.0485869440737541
20211102A11_1,20211106A09_1,False,density_CC_minus_CP,0.050332300942057095
20211102A11_1,20211106A09_1,False,density_CC_minus_PP,0.09148577934018076
20211102A11_1,20211106A09_1,False,mean_distance_um_CC_minus_CP,1.4867757876832925
20211102A11_1,20211106A09_1,False,mean_distance_um_CC_minus_PP,3.457976078463
20211102A11_1,20211106A09_1,False,N,13.0
20211102A11_1,20211109A07_1,False,core_fraction,0.06881452802359879
20211102A11_1,20211109A07_1,False,mean_fc_retained_CC_minus_CP,0.003037591785518101
20211102A11_1,20211109A07_1,False,mean_fc_retained_CC_minus_PP,0.010739715171284601
20211102A11_1,20211109A07_1,False,density_CC_minus_CP,0.16844306602371117
20211102A11_1,20211109A07_1,False,density_CC_minus_PP,0.17952009903868427
20211102A11_1,20211109A07_1,False,mean_distance_um_CC_minus_CP,2.383387446095183
20211102A11_1,20211109A07_1,False,mean_distance_um_CC_minus_PP,3.633988459199669
20211102A11_1,20211109A07_1,False,N,34.0
20211102A11_1,20220412A06_1,False,core_fraction,0.03320589257546179
20211102A11_1,20220412A06_1,False,mean_fc_retained_CC_minus_CP,0.014502537641877502
20211102A11_1,20220412A06_1,False,mean_fc_retained_CC_minus_PP,0.028996078767039104
20211102A11_1,20220412A06_1,False,density_CC_minus_CP,0.07424816556695119
20211102A11_1,20220412A06_1,False,density_CC_minus_PP,0.0828323659402943
20211102A11_1,20220412A06_1,False,mean_distance_um_CC_minus_CP,0.20990015781659288
20211102A11_1,20220412A06_1,False,mean_distance_um_CC_minus_PP,1.4437158600589015
20211102A11_1,20220412A06_1,False,N,105.0
20211102A12_1,20211106A01_1,False,core_fraction,0.04116472774833069
20211102A12_1,20211106A01_1,False,mean_fc_retained_CC_minus_CP,0.009689947916952303
20211102A12_1,20211106A01_1,False,mean_fc_retained_CC_minus_PP,0.008017288313138193
20211102A12_1,20211106A01_1,False,density_CC_minus_CP,0.27344366370808687
20211102A12_1,20211106A01_1,False,density_CC_minus_PP,0.2515775285006054
20211102A12_1,20211106A01_1,False,mean_distance_um_CC_minus_CP,3.5626628538303997
20211102A12_1,20211106A01_1,False,mean_distance_um_CC_minus_PP,7.295377534363293
20211102A12_1,20211106A01_1,False,N,93.0
20211102A12_1,20211106A07_1,False,core_fraction,0.031715306730196485
20211102A12_1,20211106A07_1,False,mean_fc_retained_CC_minus_CP,0.014337467339095598
20211102A12_1,20211106A07_1,False,mean_fc_retained_CC_minus_PP,0.0446653613585029
20211102A12_1,20211106A07_1,False,density_CC_minus_CP,0.18833376887756076
20211102A12_1,20211106A07_1,False,density_CC_minus_PP,0.14278741769434244
20211102A12_1,20211106A07_1,False,mean_distance_um_CC_minus_CP,3.65022277296959
20211102A12_1,20211106A07_1,False,mean_distance_um_CC_minus_PP,7.124198837992074
20211102A12_1,20211106A07_1,False,N,76.0
20211102A12_1,20211106A09_1,False,core_fraction,0.061959076058921286
20211102A12_1,20211106A09_1,False,mean_fc_retained_CC_minus_CP,0.029939735917999595
20211102A12_1,20211106A09_1,False,mean_fc_retained_CC_minus_PP,0.0700834532057385
20211102A12_1,20211106A09_1,False,density_CC_minus_CP,0.2356191784164346
20211102A12_1,20211106A09_1,False,density_CC_minus_PP,0.20924564532339696
20211102A12_1,20211106A09_1,False,mean_distance_um_CC_minus_CP,5.778351346868487
20211102A12_1,20211106A09_1,False,mean_distance_um_CC_minus_PP,11.458930972350199
20211102A12_1,20211106A09_1,False,N,53.0
20211102A12_1,20211109A07_1,False,core_fraction,0.08311929223744288
20211102A12_1,20211109A07_1,False,mean_fc_retained_CC_minus_CP,0.010271733057432196
20211102A12_1,20211109A07_1,False,mean_fc_retained_CC_minus_PP,0.010756793960699798
20211102A12_1,20211109A07_1,False,density_CC_minus_CP,0.3537299434980887
20211102A12_1,20211109A07_1,False,density_CC_minus_PP,0.29727996502190046
20211102A12_1,20211109A07_1,False,mean_distance_um_CC_minus_CP,6.674963005280377
20211102A12_1,20211109A07_1,False,mean_distance_um_CC_minus_PP,11.634943353086868
20211102A12_1,20211109A07_1,False,N,100.0
20211102A12_1,20220412A06_1,False,core_fraction,0.04751065678930588
20211102A12_1,20220412A06_1,False,mean_fc_retained_CC_minus_CP,0.021736678913791597
20211102A12_1,20220412A06_1,False,mean_fc_retained_CC_minus_PP,0.0504925878990235
20211102A12_1,20220412A06_1,False,density_CC_minus_CP,0.11103871190742631
20211102A12_1,20220412A06_1,False,density_CC_minus_PP,0.03492750004292189
20211102A12_1,20220412A06_1,False,mean_distance_um_CC_minus_CP,4.501475717001787
20211102A12_1,20220412A06_1,False,mean_distance_um_CC_minus_PP,9.4446707539461
20211102A12_1,20220412A06_1,False,N,39.0
20211106A01_1,20211106A07_1,True,core_fraction,0.009449421018134202
20211106A01_1,20211106A07_1,True,mean_fc_retained_CC_minus_CP,0.0240274152560479
20211106A01_1,20211106A07_1,True,mean_fc_retained_CC_minus_PP,0.052682649671641095
20211106A01_1,20211106A07_1,True,density_CC_minus_CP,0.08510989483052611
20211106A01_1,20211106A07_1,True,density_CC_minus_PP,0.10879011080626294
20211106A01_1,20211106A07_1,True,mean_distance_um_CC_minus_CP,0.08755991913919026
20211106A01_1,20211106A07_1,True,mean_distance_um_CC_minus_PP,0.17117869637121963
20211106A01_1,20211106A07_1,True,N,169.0
20211106A01_1,20211106A09_1,True,core_fraction,0.0207943483105906
20211106A01_1,20211106A09_1,True,mean_fc_retained_CC_minus_CP,0.0396296838349519
20211106A01_1,20211106A09_1,True,mean_fc_retained_CC_minus_PP,0.07810074151887669
20211106A01_1,20211106A09_1,True,density_CC_minus_CP,0.03782448529165228
20211106A01_1,20211106A09_1,True,density_CC_minus_PP,0.04233188317720843
20211106A01_1,20211106A09_1,True,mean_distance_um_CC_minus_CP,2.215688493038087
20211106A01_1,20211106A09_1,True,mean_distance_um_CC_minus_PP,4.163553437986906
20211106A01_1,20211106A09_1,True,N,40.0
20211106A01_1,20211109A07_1,False,core_fraction,0.041954564489112195
20211106A01_1,20211109A07_1,False,mean_fc_retained_CC_minus_CP,0.0199616809743845
20211106A01_1,20211109A07_1,False,mean_fc_retained_CC_minus_PP,0.01877408227383799
20211106A01_1,20211109A07_1,False,density_CC_minus_CP,0.0802862797900018
20211106A01_1,20211109A07_1,False,density_CC_minus_PP,0.045702436521295076
20211106A01_1,20211109A07_1,False,mean_distance_um_CC_minus_CP,3.1123001514499773
20211106A01_1,20211109A07_1,False,mean_distance_um_CC_minus_PP,4.339565818723575
20211106A01_1,20211109A07_1,False,N,7.0
20211106A01_1,20220412A06_1,False,core_fraction,0.006345929040975196
20211106A01_1,20220412A06_1,False,mean_fc_retained_CC_minus_CP,0.0314266268307439
20211106A01_1,20220412A06_1,False,mean_fc_retained_CC_minus_PP,0.05850987621216169
20211106A01_1,20220412A06_1,False,density_CC_minus_CP,0.16240495180066056
20211106A01_1,20220412A06_1,False,density_CC_minus_PP,0.2166500284576835
20211106A01_1,20220412A06_1,False,mean_distance_um_CC_minus_CP,0.9388128631713872
20211106A01_1,20220412A06_1,False,mean_distance_um_CC_minus_PP,2.149293219582807
20211106A01_1,20220412A06_1,False,N,132.0
20211106A07_1,20211106A09_1,True,core_fraction,0.0302437693287248
20211106A07_1,20211106A09_1,True,mean_fc_retained_CC_minus_CP,0.015602268578903997
20211106A07_1,20211106A09_1,True,mean_fc_retained_CC_minus_PP,0.025418091847235598
20211106A07_1,20211106A09_1,True,density_CC_minus_CP,0.047285409538873835
20211106A07_1,20211106A09_1,True,density_CC_minus_PP,0.06645822762905451
20211106A07_1,20211106A09_1,True,mean_distance_um_CC_minus_CP,2.1281285738988966
20211106A07_1,20211106A09_1,True,mean_distance_um_CC_minus_PP,4.334732134358125
20211106A07_1,20211106A09_1,True,N,129.0
20211106A07_1,20211109A07_1,False,core_fraction,0.0514039855072464
20211106A07_1,20211109A07_1,False,mean_fc_retained_CC_minus_CP,0.004065734281663402
20211106A07_1,20211109A07_1,False,mean_fc_retained_CC_minus_PP,0.033908567397803104
20211106A07_1,20211109A07_1,False,density_CC_minus_CP,0.1653961746205279
20211106A07_1,20211109A07_1,False,density_CC_minus_PP,0.15449254732755802
20211106A07_1,20211109A07_1,False,mean_distance_um_CC_minus_CP,3.024740232310787
20211106A07_1,20211109A07_1,False,mean_distance_um_CC_minus_PP,4.510744515094794
20211106A07_1,20211109A07_1,False,N,176.0
20211106A07_1,20220412A06_1,False,core_fraction,0.015795350059109398
20211106A07_1,20220412A06_1,False,mean_fc_retained_CC_minus_CP,0.007399211574695998
20211106A07_1,20220412A06_1,False,mean_fc_retained_CC_minus_PP,0.005827226540520602
20211106A07_1,20220412A06_1,False,density_CC_minus_CP,0.07729505697013445
20211106A07_1,20220412A06_1,False,density_CC_minus_PP,0.10785991765142056
20211106A07_1,20220412A06_1,False,mean_distance_um_CC_minus_CP,0.851252944032197
20211106A07_1,20220412A06_1,False,mean_distance_um_CC_minus_PP,2.320471915954027
20211106A07_1,20220412A06_1,False,N,37.0
20211106A09_1,20211109A07_1,False,core_fraction,0.021160216178521596
20211106A09_1,20211109A07_1,False,mean_fc_retained_CC_minus_CP,0.0196680028605674
20211106A09_1,20211109A07_1,False,mean_fc_retained_CC_minus_PP,0.0593266592450387
20211106A09_1,20211109A07_1,False,density_CC_minus_CP,0.11811076508165408
20211106A09_1,20211109A07_1,False,density_CC_minus_PP,0.0880343196985035
20211106A09_1,20211109A07_1,False,mean_distance_um_CC_minus_CP,0.8966116584118903
20211106A09_1,20211109A07_1,False,mean_distance_um_CC_minus_PP,0.17601238073666892
20211106A09_1,20211109A07_1,False,N,47.0
20211106A09_1,20220412A06_1,False,core_fraction,0.014448419269615403
20211106A09_1,20220412A06_1,False,mean_fc_retained_CC_minus_CP,0.008203057004207998
20211106A09_1,20220412A06_1,False,mean_fc_retained_CC_minus_PP,0.019590865306715
20211106A09_1,20220412A06_1,False,density_CC_minus_CP,0.12458046650900828
20211106A09_1,20220412A06_1,False,density_CC_minus_PP,0.17431814528047507
20211106A09_1,20220412A06_1,False,mean_distance_um_CC_minus_CP,1.2768756298666997
20211106A09_1,20220412A06_1,False,mean_distance_um_CC_minus_PP,2.0142602184040985
20211106A09_1,20220412A06_1,False,N,92.0
20211109A07_1,20220412A06_1,True,core_fraction,0.035608635448137
20211109A07_1,20220412A06_1,True,mean_fc_retained_CC_minus_CP,0.0114649458563594
20211109A07_1,20220412A06_1,True,mean_fc_retained_CC_minus_PP,0.0397357939383237
20211109A07_1,20220412A06_1,True,density_CC_minus_CP,0.24269123159066236
20211109A07_1,20220412A06_1,True,density_CC_minus_PP,0.2623524649789786
20211109A07_1,20220412A06_1,True,mean_distance_um_CC_minus_CP,2.17348728827859
20211109A07_1,20220412A06_1,True,mean_distance_um_CC_minus_PP,2.1902725991407674
20211109A07_1,20220412A06_1,True,N,139.0
