input,network,condition,method,tp,fp,fn,tn,n_core,accuracy,f1,precision,recall
V02_baseline,2,baseline,AstroMicroNet,25,0,2,73,25,0.98,0.9615384615384616,1.0,0.925925925925926
V02_baseline,2,baseline,BE,27,0,0,73,27,1.0,1.0,1.0,1.0
V02_baseline,2,baseline,Rombach,19,0,8,73,19,0.92,0.8260869565217391,1.0,0.7037037037037037
V02_noise_0.1,2,noise_0.1,AstroMicroNet,25,0,2,73,25,0.98,0.9615384615384616,1.0,0.925925925925926
V02_noise_0.1,2,noise_0.1,BE,27,0,0,73,27,1.0,1.0,1.0,1.0
V02_noise_0.1,2,noise_0.1,Rombach,19,0,8,73,19,0.92,0.8260869565217391,1.0,0.7037037037037037
V02_noise_0.2,2,noise_0.2,AstroMicroNet,25,0,2,73,25,0.98,0.9615384615384616,1.0,0.925925925925926
V02_noise_0.2,2,noise_0.2,BE,27,0,0,73,27,1.0,1.0,1.0,1.0
V02_noise_0.2,2,noise_0.2,Rombach,19,0,8,73,19,0.92,0.8260869565217391,1.0,0.7037037037037037
V02_overlap_0.75,2,overlap_0.75,AstroMicroNet,24,3,3,70,27,0.94,0.8888888888888888,0.8888888888888888,0.8888888888888888
V02_overlap_0.75,2,overlap_0.75,BE,19,4,8,69,23,0.88,0.76,0.8260869565217391,0.7037037037037037
V02_overlap_0.75,2,overlap_0.75,Rombach,19,0,8,73,19,0.92,0.8260869565217391,1.0,0.7037037037037037
V01_baseline,1,baseline,AstroMicroNet,24,0,1,75,24,0.99,0.979591836734694,1.0,0.96
V01_baseline,1,baseline,BE,25,0,0,75,25,1.0,1.0,1.0,1.0
V01_baseline,1,baseline,Rombach,19,0,6,75,19,0.94,0.8636363636363636,1.0,0.76
V01_noise_0.1,1,noise_0.1,AstroMicroNet,24,0,1,75,24,0.99,0.979591836734694,1.0,0.96
V01_noise_0.1,1,noise_0.1,BE,25,0,0,75,25,1.0,1.0,1.0,1.0
V01_noise_0.1,1,noise_0.1,Rombach,19,0,6,75,19,0.94,0.8636363636363636,1.0,0.76
V01_noise_0.2,1,noise_0.2,AstroMicroNet,21,0,4,75,21,0.96,0.9130434782608696,1.0,0.84
V01_noise_0.2,1,noise_0.2,BE,25,0,0,75,25,1.0,1.0,1.0,1.0
V01_noise_0.2,1,noise_0.2,Rombach,19,0,6,75,19,0.94,0.8636363636363636,1.0,0.76
V01_overlap_0.75,1,overlap_0.75,AstroMicroNet,22,4,3,71,26,0.93,0.8627450980392157,0.8461538461538461,0.88
V01_overlap_0.75,1,overlap_0.75,BE,22,11,3,64,33,0.86,0.7586206896551724,0.6666666666666666,0.88
V01_overlap_0.75,1,overlap_0.75,Rombach,15,4,10,71,19,0.86,0.6818181818181818,0.7894736842105263,0.6
V03_baseline,3,baseline,AstroMicroNet,25,0,0,75,25,1.0,1.0,1.0,1.0
V03_baseline,3,baseline,BE,25,0,0,75,25,1.0,1.0,1.0,1.0
V03_baseline,3,baseline,Rombach,19,0,6,75,19,0.94,0.8636363636363636,1.0,0.76
V03_noise_0.1,3,noise_0.1,AstroMicroNet,24,0,1,75,24,0.99,0.979591836734694,1.0,0.96
V03_noise_0.1,3,noise_0.1,BE,25,0,0,75,25,1.0,1.0,1.0,1.0
V03_noise_0.1,3,noise_0.1,Rombach,19,0,6,75,19,0.94,0.8636363636363636,1.0,0.76
V03_noise_0.2,3,noise_0.2,AstroMicroNet,24,1,1,74,25,0.98,0.96,0.96,0.96
V03_noise_0.2,3,noise_0.2,BE,25,0,0,75,25,1.0,1.0,1.0,1.0
V03_noise_0.2,3,noise_0.2,Rombach,19,0,6,75,19,0.94,0.8636363636363636,1.0,0.76
V03_overlap_0.75,3,overlap_0.75,AstroMicroNet,19,1,6,74,20,0.93,0.8444444444444444,0.95,0.76
V03_overlap_0.75,3,overlap_0.75,BE,21,16,4,59,37,0.8,0.6774193548387096,0.5675675675675675,0.84
V03_overlap_0.75,3,overlap_0.75,Rombach,16,3,9,72,19,0.88,0.7272727272727273,0.8421052631578947,0.64
V04_baseline,4,baseline,AstroMicroNet,26,0,2,72,26,0.98,0.9629629629629628,1.0,0.9285714285714286
V04_baseline,4,baseline,BE,28,0,0,72,28,1.0,1.0,1.0,1.0
V04_baseline,4,baseline,Rombach,19,0,9,72,19,0.91,0.8085106382978723,1.0,0.6785714285714286
V04_noise_0.1,4,noise_0.1,AstroMicroNet,26,0,2,72,26,0.98,0.9629629629629628,1.0,0.9285714285714286
V04_noise_0.1,4,noise_0.1,BE,28,0,0,72,28,1.0,1.0,1.0,1.0
V04_noise_0.1,4,noise_0.1,Rombach,19,0,9,72,19,0.91,0.8085106382978723,1.0,0.6785714285714286
V04_noise_0.2,4,noise_0.2,AstroMicroNet,26,0,2,72,26,0.98,0.9629629629629628,1.0,0.9285714285714286
V04_noise_0.2,4,noise_0.2,BE,28,0,0,72,28,1.0,1.0,1.0,1.0
V04_noise_0.2,4,noise_0.2,Rombach,19,0,9,72,19,0.91,0.8085106382978723,1.0,0.6785714285714286
V04_overlap_0.75,4,overlap_0.75,AstroMicroNet,22,6,6,66,28,0.88,0.7857142857142857,0.7857142857142857,0.7857142857142857
V04_overlap_0.75,4,overlap_0.75,BE,24,13,4,59,37,0.83,0.7384615384615385,0.6486486486486487,0.8571428571428571
V04_overlap_0.75,4,overlap_0.75,Rombach,17,2,11,70,19,0.87,0.723404255319149,0.8947368421052632,0.6071428571428571
V06_baseline,6,baseline,AstroMicroNet,25,0,0,75,25,1.0,1.0,1.0,1.0
V06_baseline,6,baseline,BE,25,0,0,75,25,1.0,1.0,1.0,1.0
V06_baseline,6,baseline,Rombach,19,0,6,75,19,0.94,0.8636363636363636,1.0,0.76
V06_noise_0.1,6,noise_0.1,AstroMicroNet,23,0,2,75,23,0.98,0.9583333333333334,1.0,0.92
V06_noise_0.1,6,noise_0.1,BE,25,0,0,75,25,1.0,1.0,1.0,1.0
V06_noise_0.1,6,noise_0.1,Rombach,19,0,6,75,19,0.94,0.8636363636363636,1.0,0.76
V06_noise_0.2,6,noise_0.2,AstroMicroNet,21,0,4,75,21,0.96,0.9130434782608696,1.0,0.84
V06_noise_0.2,6,noise_0.2,BE,25,0,0,75,25,1.0,1.0,1.0,1.0
V06_noise_0.2,6,noise_0.2,Rombach,19,0,6,75,19,0.94,0.8636363636363636,1.0,0.76
V06_overlap_0.75,6,overlap_0.75,AstroMicroNet,24,4,1,71,28,0.95,0.9056603773584906,0.8571428571428571,0.96
V06_overlap_0.75,6,overlap_0.75,BE,22,9,3,66,31,0.88,0.7857142857142857,0.7096774193548387,0.88
V06_overlap_0.75,6,overlap_0.75,Rombach,16,3,9,72,19,0.88,0.7272727272727273,0.8421052631578947,0.64
V05_baseline,5,baseline,AstroMicroNet,23,0,1,76,23,0.99,0.9787234042553192,1.0,0.9583333333333334
V05_baseline,5,baseline,BE,24,0,0,76,24,1.0,1.0,1.0,1.0
V05_baseline,5,baseline,Rombach,19,0,5,76,19,0.95,0.8837209302325582,1.0,0.7916666666666666
V05_noise_0.1,5,noise_0.1,AstroMicroNet,22,0,2,76,22,0.98,0.9565217391304348,1.0,0.9166666666666666
V05_noise_0.1,5,noise_0.1,BE,24,0,0,76,24,1.0,1.0,1.0,1.0
V05_noise_0.1,5,noise_0.1,Rombach,19,0,5,76,19,0.95,0.8837209302325582,1.0,0.7916666666666666
V05_noise_0.2,5,noise_0.2,AstroMicroNet,22,3,2,73,25,0.95,0.8979591836734694,0.88,0.9166666666666666
V05_noise_0.2,5,noise_0.2,BE,24,0,0,76,24,1.0,1.0,1.0,1.0
V05_noise_0.2,5,noise_0.2,Rombach,19,0,5,76,19,0.95,0.8837209302325582,1.0,0.7916666666666666
V05_overlap_0.75,5,overlap_0.75,AstroMicroNet,16,2,8,74,18,0.9,0.7619047619047619,0.8888888888888888,0.6666666666666666
V05_overlap_0.75,5,overlap_0.75,BE,21,15,3,61,36,0.82,0.7,0.5833333333333334,0.875
V05_overlap_0.75,5,overlap_0.75,Rombach,15,4,9,72,19,0.87,0.6976744186046512,0.7894736842105263,0.625
V07_baseline,7,baseline,AstroMicroNet,23,0,1,76,23,0.99,0.9787234042553192,1.0,0.9583333333333334
V07_baseline,7,baseline,BE,24,0,0,76,24,1.0,1.0,1.0,1.0
V07_baseline,7,baseline,Rombach,19,0,5,76,19,0.95,0.8837209302325582,1.0,0.7916666666666666
V07_noise_0.1,7,noise_0.1,AstroMicroNet,22,0,2,76,22,0.98,0.9565217391304348,1.0,0.9166666666666666
V07_noise_0.1,7,noise_0.1,BE,24,0,0,76,24,1.0,1.0,1.0,1.0
V07_noise_0.1,7,noise_0.1,Rombach,19,0,5,76,19,0.95,0.8837209302325582,1.0,0.7916666666666666
V07_noise_0.2,7,noise_0.2,AstroMicroNet,21,2,3,74,23,0.95,0.8936170212765957,0.9130434782608696,0.875
V07_noise_0.2,7,noise_0.2,BE,24,0,0,76,24,1.0,1.0,1.0,1.0
V07_noise_0.2,7,noise_0.2,Rombach,19,0,5,76,19,0.95,0.8837209302325582,1.0,0.7916666666666666
V07_overlap_0.75,7,overlap_0.75,AstroMicroNet,22,6,2,70,28,0.92,0.8461538461538461,0.7857142857142857,0.9166666666666666
V07_overlap_0.75,7,overlap_0.75,BE,23,16,1,60,39,0.83,0.7301587301587301,0.5897435897435898,0.9583333333333334
V07_overlap_0.75,7,overlap_0.75,Rombach,19,0,5,76,19,0.95,0.8837209302325582,1.0,0.7916666666666666
V08_baseline,8,baseline,AstroMicroNet,24,0,2,74,24,0.98,0.96,1.0,0.9230769230769232
V08_baseline,8,baseline,BE,26,0,0,74,26,1.0,1.0,1.0,1.0
V08_baseline,8,baseline,Rombach,19,0,7,74,19,0.93,0.8444444444444444,1.0,0.7307692307692307
V08_noise_0.1,8,noise_0.1,AstroMicroNet,26,0,0,74,26,1.0,1.0,1.0,1.0
V08_noise_0.1,8,noise_0.1,BE,26,0,0,74,26,1.0,1.0,1.0,1.0
V08_noise_0.1,8,noise_0.1,Rombach,19,0,7,74,19,0.93,0.8444444444444444,1.0,0.7307692307692307
V08_noise_0.2,8,noise_0.2,AstroMicroNet,24,0,2,74,24,0.98,0.96,1.0,0.9230769230769232
V08_noise_0.2,8,noise_0.2,BE,26,0,0,74,26,1.0,1.0,1.0,1.0
V08_noise_0.2,8,noise_0.2,Rombach,19,0,7,74,19,0.93,0.8444444444444444,1.0,0.7307692307692307
V08_overlap_0.75,8,overlap_0.75,AstroMicroNet,20,2,6,72,22,0.92,0.8333333333333334,0.9090909090909092,0.7692307692307693
V08_overlap_0.75,8,overlap_0.75,BE,23,4,3,70,27,0.93,0.8679245283018868,0.8518518518518519,0.8846153846153846
V08_overlap_0.75,8,overlap_0.75,Rombach,17,2,9,72,19,0.89,0.7555555555555555,0.8947368421052632,0.6538461538461539
V09_baseline,9,baseline,AstroMicroNet,26,0,1,73,26,0.99,0.981132075471698,1.0,0.9629629629629628
V09_baseline,9,baseline,BE,27,0,0,73,27,1.0,1.0,1.0,1.0
V09_baseline,9,baseline,Rombach,19,0,8,73,19,0.92,0.8260869565217391,1.0,0.7037037037037037
V09_noise_0.1,9,noise_0.1,AstroMicroNet,25,0,2,73,25,0.98,0.9615384615384616,1.0,0.925925925925926
V09_noise_0.1,9,noise_0.1,BE,27,0,0,73,27,1.0,1.0,1.0,1.0
V09_noise_0.1,9,noise_0.1,Rombach,19,0,8,73,19,0.92,0.8260869565217391,1.0,0.7037037037037037
V09_noise_0.2,9,noise_0.2,AstroMicroNet,23,1,4,72,24,0.95,0.9019607843137256,0.9583333333333334,0.8518518518518519
V09_noise_0.2,9,noise_0.2,BE,27,0,0,73,27,1.0,1.0,1.0,1.0
V09_noise_0.2,9,noise_0.2,Rombach,19,0,8,73,19,0.92,0.8260869565217391,1.0,0.7037037037037037
V09_overlap_0.75,9,overlap_0.75,AstroMicroNet,23,3,4,70,26,0.93,0.8679245283018868,0.8846153846153846,0.8518518518518519
V09_overlap_0.75,9,overlap_0.75,BE,24,10,3,63,34,0.87,0.7868852459016393,0.7058823529411765,0.8888888888888888
V09_overlap_0.75,9,overlap_0.75,Rombach,18,1,9,72,19,0.9,0.782608695652174,0.9473684210526316,0.6666666666666666
V10_baseline,10,baseline,AstroMicroNet,25,0,3,72,25,0.97,0.9433962264150944,1.0,0.8928571428571429
V10_baseline,10,baseline,BE,28,0,0,72,28,1.0,1.0,1.0,1.0
V10_baseline,10,baseline,Rombach,19,0,9,72,19,0.91,0.8085106382978723,1.0,0.6785714285714286
V10_noise_0.1,10,noise_0.1,AstroMicroNet,27,0,1,72,27,0.99,0.9818181818181818,1.0,0.9642857142857144
V10_noise_0.1,10,noise_0.1,BE,28,0,0,72,28,1.0,1.0,1.0,1.0
V10_noise_0.1,10,noise_0.1,Rombach,19,0,9,72,19,0.91,0.8085106382978723,1.0,0.6785714285714286
V10_noise_0.2,10,noise_0.2,AstroMicroNet,25,0,3,72,25,0.97,0.9433962264150944,1.0,0.8928571428571429
V10_noise_0.2,10,noise_0.2,BE,28,0,0,72,28,1.0,1.0,1.0,1.0
V10_noise_0.2,10,noise_0.2,Rombach,19,0,9,72,19,0.91,0.8085106382978723,1.0,0.6785714285714286
V10_overlap_0.75,10,overlap_0.75,AstroMicroNet,20,2,8,70,22,0.9,0.8,0.9090909090909092,0.7142857142857143
V10_overlap_0.75,10,overlap_0.75,BE,24,9,4,63,33,0.87,0.7868852459016393,0.7272727272727273,0.8571428571428571
V10_overlap_0.75,10,overlap_0.75,Rombach,17,2,11,70,19,0.87,0.723404255319149,0.8947368421052632,0.6071428571428571
V11_baseline,11,baseline,AstroMicroNet,27,0,1,72,27,0.99,0.9818181818181818,1.0,0.9642857142857144
V11_baseline,11,baseline,BE,28,0,0,72,28,1.0,1.0,1.0,1.0
V11_baseline,11,baseline,Rombach,19,0,9,72,19,0.91,0.8085106382978723,1.0,0.6785714285714286
V11_noise_0.1,11,noise_0.1,AstroMicroNet,27,0,1,72,27,0.99,0.9818181818181818,1.0,0.9642857142857144
V11_noise_0.1,11,noise_0.1,BE,28,0,0,72,28,1.0,1.0,1.0,1.0
V11_noise_0.1,11,noise_0.1,Rombach,19,0,9,72,19,0.91,0.8085106382978723,1.0,0.6785714285714286
V11_noise_0.2,11,noise_0.2,AstroMicroNet,24,0,4,72,24,0.96,0.9230769230769232,1.0,0.8571428571428571
V11_noise_0.2,11,noise_0.2,BE,28,0,0,72,28,1.0,1.0,1.0,1.0
V11_noise_0.2,11,noise_0.2,Rombach,19,0,9,72,19,0.91,0.8085106382978723,1.0,0.6785714285714286
V11_overlap_0.75,11,overlap_0.75,AstroMicroNet,26,2,2,70,28,0.96,0.9285714285714286,0.9285714285714286,0.9285714285714286
V11_overlap_0.75,11,overlap_0.75,BE,24,15,4,57,39,0.81,0.7164179104477612,0.6153846153846154,0.8571428571428571
V11_overlap_0.75,11,overlap_0.75,Rombach,18,1,10,71,19,0.89,0.7659574468085106,0.9473684210526316,0.6428571428571429
V12_baseline,12,baseline,AstroMicroNet,25,0,0,75,25,1.0,1.0,1.0,1.0
V12_baseline,12,baseline,BE,25,0,0,75,25,1.0,1.0,1.0,1.0
V12_baseline,12,baseline,Rombach,19,0,6,75,19,0.94,0.8636363636363636,1.0,0.76
V12_noise_0.1,12,noise_0.1,AstroMicroNet,22,0,3,75,22,0.97,0.9361702127659576,1.0,0.88
V12_noise_0.1,12,noise_0.1,BE,25,0,0,75,25,1.0,1.0,1.0,1.0
V12_noise_0.1,12,noise_0.1,Rombach,19,0,6,75,19,0.94,0.8636363636363636,1.0,0.76
V12_noise_0.2,12,noise_0.2,AstroMicroNet,22,1,3,74,23,0.96,0.9166666666666666,0.9565217391304348,0.88
V12_noise_0.2,12,noise_0.2,BE,25,0,0,75,25,1.0,1.0,1.0,1.0
V12_noise_0.2,12,noise_0.2,Rombach,19,0,6,75,19,0.94,0.8636363636363636,1.0,0.76
V12_overlap_0.75,12,overlap_0.75,AstroMicroNet,22,6,3,69,28,0.91,0.8301886792452831,0.7857142857142857,0.88
V12_overlap_0.75,12,overlap_0.75,BE,20,8,5,67,28,0.87,0.7547169811320755,0.7142857142857143,0.8
V12_overlap_0.75,12,overlap_0.75,Rombach,16,3,9,72,19,0.88,0.7272727272727273,0.8421052631578947,0.64
V13_baseline,13,baseline,AstroMicroNet,27,0,0,73,27,1.0,1.0,1.0,1.0
V13_baseline,13,baseline,BE,27,0,0,73,27,1.0,1.0,1.0,1.0
V13_baseline,13,baseline,Rombach,19,0,8,73,19,0.92,0.8260869565217391,1.0,0.7037037037037037
V13_noise_0.1,13,noise_0.1,AstroMicroNet,26,0,1,73,26,0.99,0.981132075471698,1.0,0.9629629629629628
V13_noise_0.1,13,noise_0.1,BE,27,0,0,73,27,1.0,1.0,1.0,1.0
V13_noise_0.1,13,noise_0.1,Rombach,19,0,8,73,19,0.92,0.8260869565217391,1.0,0.7037037037037037
V13_noise_0.2,13,noise_0.2,AstroMicroNet,24,0,3,73,24,0.97,0.9411764705882352,1.0,0.8888888888888888
V13_noise_0.2,13,noise_0.2,BE,26,0,1,73,26,0.99,0.981132075471698,1.0,0.9629629629629628
V13_noise_0.2,13,noise_0.2,Rombach,19,0,8,73,19,0.92,0.8260869565217391,1.0,0.7037037037037037
V13_overlap_0.75,13,overlap_0.75,AstroMicroNet,24,4,3,69,28,0.93,0.8727272727272727,0.8571428571428571,0.8888888888888888
V13_overlap_0.75,13,overlap_0.75,BE,23,29,4,44,52,0.67,0.5822784810126582,0.4423076923076923,0.8518518518518519
V13_overlap_0.75,13,overlap_0.75,Rombach,16,3,11,70,19,0.86,0.6956521739130435,0.8421052631578947,0.5925925925925926
V14_baseline,14,baseline,AstroMicroNet,26,0,2,72,26,0.98,0.9629629629629628,1.0,0.9285714285714286
V14_baseline,14,baseline,BE,28,0,0,72,28,1.0,1.0,1.0,1.0
V14_baseline,14,baseline,Rombach,19,0,9,72,19,0.91,0.8085106382978723,1.0,0.6785714285714286
V14_noise_0.1,14,noise_0.1,AstroMicroNet,27,0,1,72,27,0.99,0.9818181818181818,1.0,0.9642857142857144
V14_noise_0.1,14,noise_0.1,BE,28,0,0,72,28,1.0,1.0,1.0,1.0
V14_noise_0.1,14,noise_0.1,Rombach,19,0,9,72,19,0.91,0.8085106382978723,1.0,0.6785714285714286
V14_noise_0.2,14,noise_0.2,AstroMicroNet,25,0,3,72,25,0.97,0.9433962264150944,1.0,0.8928571428571429
V14_noise_0.2,14,noise_0.2,BE,28,0,0,72,28,1.0,1.0,1.0,1.0
V14_noise_0.2,14,noise_0.2,Rombach,19,0,9,72,19,0.91,0.8085106382978723,1.0,0.6785714285714286
V14_overlap_0.75,14,overlap_0.75,AstroMicroNet,19,3,9,69,22,0.88,0.76,0.8636363636363636,0.6785714285714286
V14_overlap_0.75,14,overlap_0.75,BE,22,7,6,65,29,0.87,0.7719298245614035,0.7586206896551724,0.7857142857142857
V14_overlap_0.75,14,overlap_0.75,Rombach,18,1,10,71,19,0.89,0.7659574468085106,0.9473684210526316,0.6428571428571429
V15_baseline,15,baseline,AstroMicroNet,24,0,0,76,24,1.0,1.0,1.0,1.0
V15_baseline,15,baseline,BE,24,0,0,76,24,1.0,1.0,1.0,1.0
V15_baseline,15,baseline,Rombach,19,0,5,76,19,0.95,0.8837209302325582,1.0,0.7916666666666666
V15_noise_0.1,15,noise_0.1,AstroMicroNet,24,1,0,75,25,0.99,0.979591836734694,0.96,1.0
V15_noise_0.1,15,noise_0.1,BE,24,0,0,76,24,1.0,1.0,1.0,1.0
V15_noise_0.1,15,noise_0.1,Rombach,19,0,5,76,19,0.95,0.8837209302325582,1.0,0.7916666666666666
V15_noise_0.2,15,noise_0.2,AstroMicroNet,22,0,2,76,22,0.98,0.9565217391304348,1.0,0.9166666666666666
V15_noise_0.2,15,noise_0.2,BE,24,0,0,76,24,1.0,1.0,1.0,1.0
V15_noise_0.2,15,noise_0.2,Rombach,19,0,5,76,19,0.95,0.8837209302325582,1.0,0.7916666666666666
V15_overlap_0.75,15,overlap_0.75,AstroMicroNet,22,2,2,74,24,0.96,0.9166666666666666,0.9166666666666666,0.9166666666666666
V15_overlap_0.75,15,overlap_0.75,BE,20,10,4,66,30,0.86,0.7407407407407407,0.6666666666666666,0.8333333333333334
V15_overlap_0.75,15,overlap_0.75,Rombach,17,2,7,74,19,0.91,0.7906976744186046,0.8947368421052632,0.7083333333333334
V16_baseline,16,baseline,AstroMicroNet,23,0,2,75,23,0.98,0.9583333333333334,1.0,0.92
V16_baseline,16,baseline,BE,25,0,0,75,25,1.0,1.0,1.0,1.0
V16_baseline,16,baseline,Rombach,19,0,6,75,19,0.94,0.8636363636363636,1.0,0.76
V16_noise_0.1,16,noise_0.1,AstroMicroNet,25,0,0,75,25,1.0,1.0,1.0,1.0
V16_noise_0.1,16,noise_0.1,BE,25,0,0,75,25,1.0,1.0,1.0,1.0
V16_noise_0.1,16,noise_0.1,Rombach,19,0,6,75,19,0.94,0.8636363636363636,1.0,0.76
V16_noise_0.2,16,noise_0.2,AstroMicroNet,24,2,1,73,26,0.97,0.9411764705882352,0.9230769230769232,0.96
V16_noise_0.2,16,noise_0.2,BE,25,0,0,75,25,1.0,1.0,1.0,1.0
V16_noise_0.2,16,noise_0.2,Rombach,19,0,6,75,19,0.94,0.8636363636363636,1.0,0.76
V16_overlap_0.75,16,overlap_0.75,AstroMicroNet,24,3,1,72,27,0.96,0.9230769230769232,0.8888888888888888,0.96
V16_overlap_0.75,16,overlap_0.75,BE,21,20,4,55,41,0.76,0.6363636363636364,0.5121951219512195,0.84
V16_overlap_0.75,16,overlap_0.75,Rombach,18,1,7,74,19,0.92,0.8181818181818182,0.9473684210526316,0.72
V17_baseline,17,baseline,AstroMicroNet,24,0,1,75,24,0.99,0.979591836734694,1.0,0.96
V17_baseline,17,baseline,BE,25,0,0,75,25,1.0,1.0,1.0,1.0
V17_baseline,17,baseline,Rombach,19,0,6,75,19,0.94,0.8636363636363636,1.0,0.76
V17_noise_0.1,17,noise_0.1,AstroMicroNet,23,0,2,75,23,0.98,0.9583333333333334,1.0,0.92
V17_noise_0.1,17,noise_0.1,BE,25,0,0,75,25,1.0,1.0,1.0,1.0
V17_noise_0.1,17,noise_0.1,Rombach,19,0,6,75,19,0.94,0.8636363636363636,1.0,0.76
V17_noise_0.2,17,noise_0.2,AstroMicroNet,22,0,3,75,22,0.97,0.9361702127659576,1.0,0.88
V17_noise_0.2,17,noise_0.2,BE,25,0,0,75,25,1.0,1.0,1.0,1.0
V17_noise_0.2,17,noise_0.2,Rombach,19,0,6,75,19,0.94,0.8636363636363636,1.0,0.76
V17_overlap_0.75,17,overlap_0.75,AstroMicroNet,24,2,1,73,26,0.97,0.9411764705882352,0.9230769230769232,0.96
V17_overlap_0.75,17,overlap_0.75,BE,21,2,4,73,23,0.94,0.875,0.9130434782608696,0.84
V17_overlap_0.75,17,overlap_0.75,Rombach,18,1,7,74,19,0.92,0.8181818181818182,0.9473684210526316,0.72
V18_baseline,18,baseline,AstroMicroNet,21,0,3,76,21,0.97,0.9333333333333332,1.0,0.875
V18_baseline,18,baseline,BE,24,0,0,76,24,1.0,1.0,1.0,1.0
V18_baseline,18,baseline,Rombach,19,0,5,76,19,0.95,0.8837209302325582,1.0,0.7916666666666666
V18_noise_0.1,18,noise_0.1,AstroMicroNet,20,0,4,76,20,0.96,0.9090909090909092,1.0,0.8333333333333334
V18_noise_0.1,18,noise_0.1,BE,24,0,0,76,24,1.0,1.0,1.0,1.0
V18_noise_0.1,18,noise_0.1,Rombach,19,0,5,76,19,0.95,0.8837209302325582,1.0,0.7916666666666666
V18_noise_0.2,18,noise_0.2,AstroMicroNet,18,2,6,74,20,0.92,0.8181818181818182,0.9,0.75
V18_noise_0.2,18,noise_0.2,BE,24,0,0,76,24,1.0,1.0,1.0,1.0
V18_noise_0.2,18,noise_0.2,Rombach,19,0,5,76,19,0.95,0.8837209302325582,1.0,0.7916666666666666
V18_overlap_0.75,18,overlap_0.75,AstroMicroNet,17,6,7,70,23,0.87,0.723404255319149,0.7391304347826086,0.7083333333333334
V18_overlap_0.75,18,overlap_0.75,BE,19,11,5,65,30,0.84,0.7037037037037037,0.6333333333333333,0.7916666666666666
V18_overlap_0.75,18,overlap_0.75,Rombach,18,1,6,75,19,0.93,0.8372093023255814,0.9473684210526316,0.75
V20_baseline,20,baseline,AstroMicroNet,26,0,2,72,26,0.98,0.9629629629629628,1.0,0.9285714285714286
V20_baseline,20,baseline,BE,28,0,0,72,28,1.0,1.0,1.0,1.0
V20_baseline,20,baseline,Rombach,19,0,9,72,19,0.91,0.8085106382978723,1.0,0.6785714285714286
V20_noise_0.1,20,noise_0.1,AstroMicroNet,27,0,1,72,27,0.99,0.9818181818181818,1.0,0.9642857142857144
V20_noise_0.1,20,noise_0.1,BE,28,0,0,72,28,1.0,1.0,1.0,1.0
V20_noise_0.1,20,noise_0.1,Rombach,19,0,9,72,19,0.91,0.8085106382978723,1.0,0.6785714285714286
V20_noise_0.2,20,noise_0.2,AstroMicroNet,24,0,4,72,24,0.96,0.9230769230769232,1.0,0.8571428571428571
V20_noise_0.2,20,noise_0.2,BE,28,0,0,72,28,1.0,1.0,1.0,1.0
V20_noise_0.2,20,noise_0.2,Rombach,19,0,9,72,19,0.91,0.8085106382978723,1.0,0.6785714285714286
V20_overlap_0.75,20,overlap_0.75,AstroMicroNet,23,5,5,67,28,0.9,0.8214285714285714,0.8214285714285714,0.8214285714285714
V20_overlap_0.75,20,overlap_0.75,BE,24,8,4,64,32,0.88,0.8,0.75,0.8571428571428571
V20_overlap_0.75,20,overlap_0.75,Rombach,18,1,10,71,19,0.89,0.7659574468085106,0.9473684210526316,0.6428571428571429
V19_baseline,19,baseline,AstroMicroNet,24,0,4,72,24,0.96,0.9230769230769232,1.0,0.8571428571428571
V19_baseline,19,baseline,BE,28,0,0,72,28,1.0,1.0,1.0,1.0
V19_baseline,19,baseline,Rombach,19,0,9,72,19,0.91,0.8085106382978723,1.0,0.6785714285714286
V19_noise_0.1,19,noise_0.1,AstroMicroNet,28,0,0,72,28,1.0,1.0,1.0,1.0
V19_noise_0.1,19,noise_0.1,BE,28,0,0,72,28,1.0,1.0,1.0,1.0
V19_noise_0.1,19,noise_0.1,Rombach,19,0,9,72,19,0.91,0.8085106382978723,1.0,0.6785714285714286
V19_noise_0.2,19,noise_0.2,AstroMicroNet,26,0,2,72,26,0.98,0.9629629629629628,1.0,0.9285714285714286
V19_noise_0.2,19,noise_0.2,BE,28,0,0,72,28,1.0,1.0,1.0,1.0
V19_noise_0.2,19,noise_0.2,Rombach,19,0,9,72,19,0.91,0.8085106382978723,1.0,0.6785714285714286
V19_overlap_0.75,19,overlap_0.75,AstroMicroNet,21,3,7,69,24,0.9,0.8076923076923077,0.875,0.75
V19_overlap_0.75,19,overlap_0.75,BE,25,14,3,58,39,0.83,0.746268656716418,0.6410256410256411,0.8928571428571429
V19_overlap_0.75,19,overlap_0.75,Rombach,19,0,9,72,19,0.91,0.8085106382978723,1.0,0.6785714285714286
