cell,mouse_id,theta,N,C,P,core_fraction,possible_pairs_CC,edge_count_CC,edge_composition_pct_CC,density_CC,mean_fc_retained_CC,mean_fc_all_CC,mean_distance_um_CC,possible_pairs_CP,edge_count_CP,edge_composition_pct_CP,density_CP,mean_fc_retained_CP,mean_fc_all_CP,mean_distance_um_CP,possible_pairs_PP,edge_count_PP,edge_composition_pct_PP,density_PP,mean_fc_retained_PP,mean_fc_all_PP,mean_distance_um_PP
20210805A07_1,M01,0.7293120730587845,197,18,179,0.09137055837563451,153,153,1.3679034421099687,1.0,0.9207062442504093,0.9207062442504093,10.148199600525395,3222,2064,18.453285650424675,0.6405959031657356,0.8533414584678621,0.7764607751931654,12.59835030155253,15931,8968,80.17881090746536,0.5629276253844705,0.8200255373048922,0.7368324123376292,14.47099070102958
20211022A04_1,M01,0.6552491118185195,293,28,265,0.09556313993174062,378,378,2.2171388351222947,1.0,0.8085348413483968,0.8085348413483968,9.874624293477037,7420,3726,21.85465423191976,0.502156334231806,0.7467291643904125,0.6629435185105248,14.832072356110816,34980,12945,75.92820693295795,0.37006861063464835,0.7309648719691818,0.6318906192454393,14.205378174456275
20211029A07_1,M02,0.6928001460848052,296,59,237,0.19932432432432431,1711,1321,9.267574014311773,0.7720631209818819,0.7716234244713798,0.7455225335425218,13.60121716591003,13983,6063,42.535428651606566,0.43359794035614674,0.7492115275014466,0.6881375781120442,13.842082761520338,27966,6870,48.19699733408166,0.24565543874704998,0.7502806161791181,0.6599375552351159,12.157925403430532
20211030A04_1,M02,0.6277330560941002,116,23,93,0.19827586206896552,253,131,5.065738592420727,0.5177865612648221,0.7949102046222618,0.6536627338055718,11.122228179950346,2139,943,36.46558391337974,0.44086021505376344,0.7430051143511613,0.61711815452083,15.009027021815564,4278,1512,58.46867749419953,0.3534361851332398,0.7279591279072156,0.5933026930178003,14.378758706737191
20211102A04_1,M03,0.6629765314330828,252,30,222,0.11904761904761904,435,435,3.9055485724546597,1.0,0.8697495874832264,0.8697495874832264,5.213814100896359,6660,3158,28.353384808762794,0.4741741741741742,0.7713219742045219,0.6695521047618996,18.996369905743105,24531,7545,67.74106661878254,0.3075700134523664,0.7415444729580154,0.6224519809169128,19.354234733330372
20211102A06_1,M03,0.6621974733248512,235,47,188,0.2,1081,609,5.490938598863944,0.5633672525439408,0.8249831011677076,0.7019031257977477,17.563376574605247,8836,4107,37.03002434406275,0.46480307831598006,0.7584012656437784,0.651503080720353,18.575829335654355,17578,6375,57.479037057073306,0.36266924564796904,0.7483618959897006,0.6366927389730209,16.25558766411234
20211102A11_1,M03,0.6238971742135897,226,28,198,0.12389380530973451,378,343,4.065426099324404,0.9074074074074074,0.7405512398855395,0.727491509393,13.559267907953181,5544,2379,28.19722650231125,0.4291125541125541,0.6951580795439121,0.6209470476131285,15.850578826934855,19503,5715,67.73734739836435,0.2930318412551915,0.6833469961658248,0.5941826179592666,16.012249346662806
20211102A12_1,M03,0.6347714798933333,292,32,260,0.1095890410958904,496,496,4.0279356829624815,1.0,0.7950919308538232,0.7950919308538232,6.197868564299593,8320,2799,22.73022575929836,0.33641826923076923,0.7424646292402817,0.6169514328474413,12.780755042466462,33670,9019,73.24183855773916,0.26786456786456786,0.7163911780021242,0.5886987959374725,16.65180489689642
20211106A01_1,M04,0.6685682121675807,199,30,169,0.1507537688442211,435,435,3.9904595908632237,1.0,0.8666233593279988,0.8666233593279988,14.0205138061549,5070,3092,28.364370241262268,0.609861932938856,0.8043061097975049,0.6940328959303964,17.04073743049137,14196,7374,67.64517016787451,0.5194420963651732,0.7799053181631616,0.6714190872066182,17.17907260438843
20211106A07_1,M04,0.6137011205539713,368,52,316,0.14130434782608695,1326,1189,5.079026057240496,0.8966817496229261,0.7068286045066964,0.6949129025716976,17.135728646367827,16432,6925,29.58137548056386,0.42143378773125606,0.6685387702322504,0.6055878397846607,20.068392351565105,49770,15296,65.33959846219564,0.30733373518183643,0.6727932130135003,0.5894338073144688,20.465466140972577
20211106A09_1,M04,0.654316266683675,239,41,198,0.17154811715481172,820,598,8.4594709294101,0.7292682926829268,0.7472829534457939,0.7097805313778637,12.179629369081562,8118,2446,34.60178243032961,0.3013057403301306,0.7245953877502519,0.6245145633861983,12.984164500379944,19503,4025,56.93874664026029,0.20637850587089165,0.7386656537998333,0.6055652401257862,11.174634729328186
20211109A07_1,M05,0.6756122884344513,192,37,155,0.19270833333333334,666,666,5.858035007476471,1.0,0.861190747159906,0.861190747159906,16.900027633679038,5735,3958,34.813967807195006,0.6901482127288578,0.8188351786037966,0.7291227956773787,16.80795110656553,11935,6745,59.32799718532853,0.5651445328864684,0.7932467882689067,0.6876847055424133,15.719020613188993
20220412A06_1,M05,0.6900342688540473,331,52,279,0.15709969788519637,1326,1202,8.316612467999724,0.9064856711915535,0.795550676506577,0.7838102620083464,9.223632570588617,14508,5135,35.528955926105304,0.3539426523297491,0.764660053806827,0.6706105679646042,11.305043331753698,38781,8116,56.15443160589497,0.20927773909904335,0.7673425115539014,0.6419211215470649,10.23289814923934
