slice_id,recording_date,group,core_fraction,density_CC_minus_PP,CC_density,CP_density,PP_density,has_core,mean_pairwise_FC,mean_local_dff_post,peak_local_dff_post,N,C,n_cells,n_core_positive
010323_Slice1,010323,WT,0.17105263157894732,0.6219073877138394,1.0,0.586595152756443,0.37809261228616065,1.0,0.2766022396882546,0.14913323894143102,0.4152158498764038,33.5,5.75,4,4
010323_Slice1,010323,cKO,0.18360398127022165,0.6463512561562407,1.0,0.5538675198499181,0.35364874384375933,1.0,0.26297050273356815,0.12293872423470016,0.40541525185108185,30.625,5.625,8,8
010323_Slice2,010323,WT,0.14315031982942428,0.5205700704060015,1.0,0.5836739749783227,0.4794299295939985,0.75,0.3287884355829003,0.14466316951438782,0.5377037897706031,39.75,6.0,4,3
010323_Slice2,010323,cKO,0.14294704981597725,0.5788771290472936,0.9833333333333333,0.48409753171451975,0.4044562042860398,0.8,0.262268309127686,0.04980513625778256,0.28219125270843504,45.0,7.0,5,4
010323_Slice3,010323,WT,0.13806193806193806,0.6917718315396334,1.0,0.6259682539682541,0.3082281684603666,0.7142857142857143,0.35192790043715233,0.3426984946376511,1.1193190131868636,25.285714285714285,3.2857142857142856,7,5
010323_Slice3,010323,cKO,0.14733863867495578,0.600898621595513,1.0,0.5290675218766676,0.3991013784044869,0.8333333333333334,0.27623190305296813,0.1421486717396571,0.6714122630655766,31.25,4.416666666666667,12,10
010423_Slice1,010423,WT,0.1927707199032063,0.5575056397812358,1.0,0.6361427649888111,0.4424943602187641,1.0,0.3732086036289321,0.8255120639999708,1.6959980924924214,37.0,7.166666666666667,6,6
010423_Slice1,010423,cKO,0.1588374921531701,0.5563192441196861,0.9619047619047619,0.6052293375085327,0.40558551778507573,0.875,0.2651894188203357,0.24968787375837562,0.8389867916703224,37.0,6.25,8,7
010423_Slice2,010423,WT,0.17656817356572255,0.2666636258590281,1.0,0.8703242646181891,0.7333363741409719,1.0,0.550227760869045,1.102963462471962,2.4667271176973977,33.0,5.833333333333333,6,6
010423_Slice2,010423,cKO,0.16900066297911767,0.6151583320525013,1.0,0.6107743679449106,0.3848416679474987,1.0,0.28717003023460436,0.24875766287247336,0.6062658031781515,38.833333333333336,6.666666666666667,6,6
010423_Slice3,010423,WT,0.17316341829085455,0.6582125603864735,1.0,0.7228070175438597,0.34178743961352653,1.0,0.4239553117081978,0.5228306353092194,2.665596842765808,26.0,4.5,2,2
010423_Slice3,010423,cKO,0.10120684933138044,0.5930381784153002,0.9434523809523809,0.4723924782114437,0.3504142025370807,0.5714285714285714,0.2409085190762541,0.04848995571956035,0.4539875941617148,29.428571428571427,3.4285714285714284,7,4
010523_Slice1,010523,WT,0.1761688708023212,0.5723603748563653,0.9954545454545455,0.6292698580489279,0.42309417059818016,1.0,0.35243333018818856,0.25204098969697947,0.7567122280597687,47.75,8.25,4,4
010523_Slice1,010523,cKO,0.18216181023489988,0.6681562618144073,1.0,0.4652182603281912,0.3318437381855926,1.0,0.24797188124389913,0.08391157537698742,0.31167863806088764,43.833333333333336,8.0,6,6
010523_Slice2,010523,WT,0.19259259259259257,0.624401246025402,1.0,0.580216127801355,0.3755987539745979,1.0,0.3089596063585777,0.24628314127524686,0.8643628259499868,46.666666666666664,9.0,3,3
010523_Slice2,010523,cKO,0.18476857953365142,0.5333669721826676,0.9640878090366581,0.41444249661122906,0.43072083685399054,1.0,0.24079385131138384,-0.013206965367620166,0.2463474000493685,75.5,14.166666666666666,6,6
010523_Slice3,010523,WT,0.2,0.6744186046511628,1.0,0.5929752066115702,0.3255813953488372,1.0,0.271414440827579,0.2210279107093811,0.8590511083602905,55.0,11.0,1,1
010523_Slice3,010523,cKO,0.18957792207792207,0.6935516069699718,0.9812698412698413,0.37022261705685616,0.2877182342998695,1.0,0.24843779812517694,0.07181847756728527,0.4638693034648895,38.0,7.2,5,5
