cell_id,slice_id,recording_date,aqua_roi_id,imagej_name,group,local_roi_count,local_roi_area_um2,included,exclusion_reason,author_cell_area_um2,N,C,core_fraction,CC_density,CC_fc_allpairs,CC_fc_retained,CP_density,CP_fc_allpairs,CP_fc_retained,PP_density,PP_fc_allpairs,PP_fc_retained,has_core,gate_p,theta,density_CC_minus_PP,mean_pairwise_FC,mean_local_dff_post,peak_local_dff_post,mean_local_dff_baseline,n_frames,frame_interval_s,full_lag_limit_s,search_all_converged,runtime_s
010323_Slice1_ROI01,010323_Slice1,010323,1,WT2,WT,38,4.3264000000000005,True,,2210.7904000000003,38,7,0.1842105263157894,1.0,0.4274737539951377,0.4274737539951377,0.5806451612903226,0.303095067053284,0.3576072789063526,0.3634408602150538,0.2762710806463696,0.3462956285277133,True,0.002,0.2952259456492413,0.6365591397849462,0.2890677537482538,0.1612466722726822,0.4532455503940582,0.0511298850178718,85,1.40845070422535,118.3098591549294,True,0.6497383000096306
010323_Slice1_ROI02,010323_Slice1,010323,2,KO6,cKO,28,4.3264000000000005,True,,2414.1312000000003,28,5,0.1785714285714285,1.0,0.5046768965460068,0.5046768965460068,0.4434782608695652,0.2412159409314081,0.3547436775283417,0.3241106719367589,0.2313108419233975,0.3154280938711873,True,0.002,0.2613514161668492,0.6758893280632411,0.2415562041777554,0.1092986613512039,0.3977726101875305,0.0444429814815521,85,1.40845070422535,118.3098591549294,True,0.4289607000537216
010323_Slice1_ROI03,010323_Slice1,010323,3,WT3,WT,30,4.3264000000000005,True,,1833.312,30,5,0.1666666666666666,1.0,0.5019078992933809,0.5019078992933809,0.616,0.3089442368081535,0.3918400422115635,0.3933333333333333,0.2556304030581178,0.3389517267391411,True,0.002,0.2815117041335703,0.6066666666666667,0.2766120218652605,0.1775212883949279,0.3719793260097503,0.0373356603085994,85,1.40845070422535,118.3098591549294,True,0.4945715999929234
010323_Slice1_ROI04,010323_Slice1,010323,4,KO2,cKO,33,4.3264000000000005,True,,1926.3296000000005,33,6,0.1818181818181818,1.0,0.5060184432292671,0.5060184432292671,0.5185185185185185,0.3010261599815438,0.3684573872862517,0.2364672364672364,0.2616088921977373,0.3447527500663236,True,0.002,0.3015819227100127,0.7635327635327636,0.2806462797857101,0.1586242616176605,0.4423953890800476,0.0401935502886772,85,1.40845070422535,118.3098591549294,True,0.4970736999530345
010323_Slice1_ROI05,010323_Slice1,010323,5,KO7,cKO,35,4.3264000000000005,True,,2441.1712,35,7,0.2,1.0,0.4192019888421116,0.4192019888421116,0.4897959183673469,0.2429335695672297,0.3210057617525761,0.3201058201058201,0.2315099311010467,0.3022085568073257,True,0.002,0.2549334600712412,0.6798941798941799,0.2418974375748857,0.077878400683403,0.2748621702194214,0.0324687361717224,85,1.40845070422535,118.3098591549294,True,0.535828199936077
010323_Slice1_ROI06,010323_Slice1,010323,6,KO1,cKO,25,4.3264000000000005,True,,1509.9136,25,5,0.2,1.0,0.4796411939545221,0.4796411939545221,0.54,0.2941382590907488,0.3555161636214102,0.2210526315789473,0.2560183807379094,0.335696348768966,True,0.002,0.2950478060025833,0.7789473684210526,0.2761791006294097,0.1694094091653823,0.6089168787002563,0.0576022118330001,85,1.40845070422535,118.3098591549294,True,0.4100936000468209
010323_Slice1_ROI07,010323_Slice1,010323,7,KO5,cKO,39,4.3264000000000005,True,,2406.5600000000004,39,7,0.1794871794871795,1.0,0.4417776656405935,0.4417776656405935,0.6026785714285714,0.2741182177681848,0.3419666850674572,0.407258064516129,0.2444420554641263,0.3191996317176166,True,0.002,0.261484926743236,0.592741935483871,0.2590054942897875,0.1204872131347656,0.342776358127594,0.0595603808760643,85,1.40845070422535,118.3098591549294,True,0.6164117000298575
010323_Slice1_ROI08,010323_Slice1,010323,8,WT4,WT,33,4.3264000000000005,True,,1836.5568000000003,33,6,0.1818181818181818,1.0,0.4174628852840724,0.4174628852840724,0.5925925925925926,0.2869364605481859,0.3425232933311954,0.3931623931623931,0.2556886392826759,0.3159261034899259,True,0.002,0.2732280927179348,0.6068376068376069,0.2698718982505425,0.1321250647306442,0.4463372826576233,0.0613717548549175,85,1.40845070422535,118.3098591549294,True,0.5525731999659911
010323_Slice1_ROI09,010323_Slice1,010323,9,KO4,cKO,34,4.3264000000000005,True,,2339.5008000000003,34,6,0.1764705882352941,1.0,0.3710100743087871,0.3710100743087871,0.6845238095238095,0.2708928650728331,0.3217980156925952,0.5767195767195767,0.2451587467262892,0.2987322851931398,True,0.002,0.2393584701549838,0.4232804232804232,0.2562302294285296,0.0904236733913421,0.3319806456565857,0.0594294965267181,85,1.40845070422535,118.3098591549294,True,0.4759610000764951
010323_Slice1_ROI10,010323_Slice1,010323,10,WT1,WT,33,4.3264000000000005,True,,1877.6576,33,5,0.1515151515151515,1.0,0.4122548132539051,0.4122548132539051,0.5571428571428572,0.2833902477489476,0.3448585219984221,0.3624338624338624,0.2624747714391004,0.3262152010772305,True,0.002,0.2793066306248357,0.6375661375661376,0.2708572848889615,0.1256399303674698,0.3893012404441833,0.0568886399269104,85,1.40845070422535,118.3098591549294,True,0.5752010999713093
010323_Slice1_ROI11,010323_Slice1,010323,11,KO3,cKO,23,4.3264000000000005,True,,1446.0992,23,4,0.1739130434782608,1.0,0.4535526418893053,0.4535526418893053,0.4736842105263157,0.2907741369440623,0.3512120262296427,0.2573099415204678,0.2661845212104938,0.339812843885352,True,0.002,0.2960832864243847,0.7426900584795322,0.2780146378896403,0.1345603615045547,0.4026512205600738,0.038374688476324,85,1.40845070422535,118.3098591549294,True,0.400578900007531
010323_Slice1_ROI12,010323_Slice1,010323,12,KO8,cKO,28,4.3264000000000005,True,,1750.0288000000005,28,5,0.1785714285714285,1.0,0.4092465824925687,0.4092465824925687,0.6782608695652174,0.2830117686281709,0.3230038332249577,0.4861660079051383,0.2589323082289458,0.3096820909457333,True,0.002,0.2637675899889976,0.5138339920948616,0.2702346380928271,0.1228278130292892,0.4419667422771454,0.0577174685895442,85,1.40845070422535,118.3098591549294,True,0.4379376000724733
010323_Slice2_ROI01,010323_Slice2,010323,1,WT2,WT,34,4.3264000000000005,True,,2723.4688,34,0,0.0,,,,,,,0.4349376114081996,0.2419613134349111,0.3314277004545035,False,0.224,0.2522626482179242,,0.2419613134349111,0.0113490931689739,0.246014654636383,0.0465366058051586,85,1.40845070422535,118.3098591549294,True,0.4703683000989258
010323_Slice2_ROI02,010323_Slice2,010323,2,KO6,cKO,30,4.3264000000000005,True,,2334.0928000000004,30,0,0.0,,,,,,,0.503448275862069,0.2443021926243458,0.3087076348296899,False,0.104,0.2438549326090309,,0.2443021926243458,0.0165494363754987,0.2031673789024353,0.0289087537676095,85,1.40845070422535,118.3098591549294,True,0.5037192999152467
010323_Slice2_ROI03,010323_Slice2,010323,3,WT1,WT,28,4.3264000000000005,True,,2393.5808,28,5,0.1785714285714285,1.0,0.344384935885078,0.344384935885078,0.4347826086956521,0.2376650296136931,0.2993252767460749,0.3992094861660079,0.2488548306869558,0.3029405100462057,True,0.002,0.2552570262508267,0.6007905138339921,0.2479777775878976,0.0181538704782724,0.2688768208026886,0.0294507350772619,85,1.40845070422535,118.3098591549294,True,0.413704700069502
010323_Slice2_ROI04,010323_Slice2,010323,4,WT4,WT,67,4.3264000000000005,True,,3275.0848000000005,67,13,0.1940298507462686,1.0,0.3947694592474783,0.3947694592474783,0.4829059829059829,0.2572090270469593,0.320717568890545,0.3542976939203354,0.2464297761363735,0.3049066189722734,True,0.002,0.2639993011058288,0.6457023060796645,0.2550853751512525,0.0786662623286247,0.2454676032066345,0.0317880734801292,85,1.40845070422535,118.3098591549294,True,1.042075900011696
010323_Slice2_ROI05,010323_Slice2,010323,5,KO1,cKO,49,4.3264000000000005,True,,3198.291200000001,49,8,0.1632653061224489,1.0,0.3809145822689981,0.3809145822689981,0.4969512195121951,0.2369439639597437,0.3110089747907552,0.4817073170731707,0.237732531283805,0.290412934430485,True,0.002,0.2411235329211492,0.5182926829268293,0.2409216871896667,0.0465808659791946,0.2541308104991913,0.0360950641334056,85,1.40845070422535,118.3098591549294,True,0.7283552999142557
010323_Slice2_ROI06,010323_Slice2,010323,6,KO5,cKO,53,4.3264000000000005,True,,2840.2816000000003,53,10,0.1886792452830188,1.0,0.3672635809723614,0.3672635809723614,0.4302325581395348,0.235710994595838,0.3057731547609986,0.512735326688815,0.2506828804952221,0.2921566620013987,True,0.002,0.2495210803461165,0.4872646733111849,0.2498180188005458,-0.0232773814350366,0.1522242128849029,0.0312568061053752,85,1.40845070422535,118.3098591549294,True,0.8107247999869287
010323_Slice2_ROI07,010323_Slice2,010323,7,WT3,WT,30,4.3264000000000005,True,,2458.4768000000004,30,6,0.2,1.0,0.7749838103252764,0.7749838103252764,0.8333333333333334,0.6258694575679392,0.6926676744081431,0.6847826086956522,0.5299140437821286,0.6394493604907829,True,0.002,0.4786876910869876,0.3152173913043478,0.5701292761575399,0.4704834520816803,1.3904560804367063,0.028880288824439,85,1.40845070422535,118.3098591549294,True,0.4867139001144096
010323_Slice2_ROI08,010323_Slice2,010323,8,KO7,cKO,50,4.3264000000000005,True,,3564.9536000000003,50,10,0.2,0.9333333333333332,0.3271257332548126,0.3325514511190547,0.41,0.2456587865631084,0.3046722360241942,0.3884615384615384,0.2449433786178708,0.3026443554596235,True,0.002,0.2565177860613412,0.5448717948717949,0.2481959248519586,-0.0012643884401768,0.2062340378761291,0.0180207770317792,85,1.40845070422535,118.3098591549294,True,0.8393483000108972
010323_Slice2_ROI09,010323_Slice2,010323,9,KO4,cKO,43,4.3264000000000005,True,,3160.4352000000003,43,7,0.1627906976744186,1.0,0.6737139268146227,0.6737139268146227,0.5992063492063492,0.3831815844365173,0.4741457223831852,0.2349206349206349,0.2945522371113144,0.4149031751291215,True,0.002,0.3578184333145435,0.765079365079365,0.3281037221719132,0.2104371488094329,0.5951998233795166,0.0297296103090047,85,1.40845070422535,118.3098591549294,True,0.6521336999721825
010323_Slice3_ROI01,010323_Slice3,010323,1,KO6,cKO,39,4.3264000000000005,True,,2701.8368000000005,39,7,0.1794871794871795,1.0,0.4694953374232738,0.4694953374232738,0.4598214285714285,0.2563890189356622,0.3561766057637347,0.3044354838709677,0.2300486764087041,0.3291018650471942,True,0.002,0.2663494875365756,0.6955645161290323,0.2447971468639599,0.1296138763427734,0.4741086363792419,0.0822127163410186,85,1.40845070422535,118.3098591549294,True,0.5657809999538586
010323_Slice3_ROI02,010323_Slice3,010323,2,KO12,cKO,34,4.3264000000000005,True,,2539.5968000000003,34,0,0.0,,,,,,,0.4723707664884135,0.2239135630845899,0.309562402289058,False,0.984,0.2283985529753641,,0.2239135630845899,-0.0054139071144163,0.3505573570728302,0.0686922147870063,85,1.40845070422535,118.3098591549294,True,0.5194024998927489
010323_Slice3_ROI03,010323_Slice3,010323,3,KO7,cKO,28,4.3264000000000005,True,,1819.2512,28,4,0.1428571428571428,1.0,0.5502681496859344,0.5502681496859344,0.6458333333333334,0.2554172356464135,0.3148483327249441,0.4166666666666667,0.2211117008368221,0.3115645881098648,True,0.002,0.2376782935123148,0.5833333333333333,0.2350489231511487,0.0625330880284309,0.7685362696647644,0.0395935624837875,85,1.40845070422535,118.3098591549294,True,0.3984672999940812
010323_Slice3_ROI04,010323_Slice3,010323,4,WT6,WT,25,4.3264000000000005,True,,1592.1152000000002,25,5,0.2,1.0,0.6344447503962982,0.6344447503962982,0.71,0.4397268304104589,0.5047469960134007,0.4052631578947368,0.3457078580761463,0.4450272071011959,True,0.002,0.381197166582145,0.5947368421052632,0.3866720785982556,0.5266461372375488,1.29072368144989,0.0762301459908485,85,1.40845070422535,118.3098591549294,True,0.3972941000247374
010323_Slice3_ROI05,010323_Slice3,010323,5,WT4,WT,21,4.3264000000000005,True,,1237.3504,21,0,0.0,,,,,,,0.419047619047619,0.2318809982802152,0.3030663821925927,False,0.06,0.2418002730876778,,0.2318809982802152,0.0786645486950874,0.3809062540531158,0.065930463373661,85,1.40845070422535,118.3098591549294,True,0.3240728001110255
010323_Slice3_ROI06,010323_Slice3,010323,6,KO8,cKO,24,4.3264000000000005,True,,1673.2352,24,4,0.1666666666666666,1.0,0.3725241245721709,0.3725241245721709,0.5125,0.2273075913669549,0.2918257419028084,0.5210526315789473,0.2429772967352395,0.290897851066185,True,0.008,0.2379739676762588,0.4789473684210527,0.2412515885379888,-0.0009512031683698,0.5173724293708801,0.0532552748918533,85,1.40845070422535,118.3098591549294,True,0.3196818999713287
010323_Slice3_ROI07,010323_Slice3,010323,7,KO11,cKO,42,4.3264000000000005,True,,2402.2336000000005,42,0,0.0,,,,,,,0.429732868757259,0.2327857527305638,0.3017031217056427,False,0.084,0.2412776077672077,,0.2327857527305638,-0.0159211698919534,0.2944751679897308,0.0585884787142276,85,1.40845070422535,118.3098591549294,True,0.6683926999103278
010323_Slice3_ROI08,010323_Slice3,010323,8,WT1,WT,26,4.3264000000000005,True,,1934.9824,26,5,0.1923076923076923,1.0,0.7707943644681812,0.7707943644681812,0.5047619047619047,0.3857880282317146,0.5874155748648797,0.2571428571428571,0.2873524802913801,0.4966755988442832,True,0.002,0.3837253011171466,0.7428571428571429,0.334029869139082,0.3372297585010528,1.7097632884979248,0.0782557800412178,85,1.40845070422535,118.3098591549294,True,0.4251281000906601
010323_Slice3_ROI09,010323_Slice3,010323,9,KO3,cKO,35,4.3264000000000005,True,,2116.6912,35,7,0.2,1.0,0.3812149906993067,0.3812149906993067,0.3316326530612244,0.225018666101925,0.3065028024700872,0.4153439153439153,0.2393070261400518,0.2942552268061649,True,0.002,0.2497404594045462,0.5846560846560847,0.2396087886413484,-0.0261553768068552,0.3666263520717621,0.0592500157654285,85,1.40845070422535,118.3098591549294,True,0.5512476000003517
010323_Slice3_ROI10,010323_Slice3,010323,10,KO10,cKO,34,4.3264000000000005,True,,2322.1952,34,5,0.1470588235294117,1.0,0.4920530079437503,0.4920530079437503,0.5103448275862069,0.315946917469684,0.3959583291746638,0.2610837438423645,0.2698397861702708,0.3531704297564746,True,0.002,0.3080202090169457,0.7389162561576355,0.2857179791402346,0.1590788513422012,0.4599416255950928,0.094351902604103,85,1.40845070422535,118.3098591549294,True,0.5127253000391647
010323_Slice3_ROI11,010323_Slice3,010323,11,KO2,cKO,36,4.3264000000000005,True,,2038.8160000000005,36,7,0.1944444444444444,1.0,0.391474833623849,0.391474833623849,0.5024630541871922,0.2382256996632842,0.3021012390707291,0.396551724137931,0.2332497577036467,0.2969629186248534,True,0.002,0.2460109823025544,0.603448275862069,0.2401272859768699,0.0089106205850839,0.1997812539339065,0.0578152239322662,85,1.40845070422535,118.3098591549294,True,0.5274730001110584
010323_Slice3_ROI12,010323_Slice3,010323,12,KO1,cKO,25,4.3264000000000005,True,,2148.0576,25,5,0.2,1.0,0.524200314202122,0.524200314202122,0.36,0.2394248947035641,0.4003084273361778,0.1842105263157894,0.2271245711171142,0.3367590842937717,True,0.002,0.2874476049619187,0.8157894736842105,0.2411272037487644,0.1420262902975082,0.5237296223640442,0.0515476427972316,85,1.40845070422535,118.3098591549294,True,0.3892416999442503
010323_Slice3_ROI13,010323_Slice3,010323,13,KO9,cKO,23,4.3264000000000005,True,,1571.5648,23,4,0.1739130434782608,1.0,0.7754213135825978,0.7754213135825978,0.9078947368421052,0.5432162673067761,0.5690379108060628,0.7894736842105263,0.4851477509248662,0.5407877149151169,True,0.002,0.4176280831590713,0.2105263157894736,0.509475215829892,0.7269275784492493,2.480763435363769,0.0533192753791809,85,1.40845070422535,118.3098591549294,True,0.3671695999801159
010323_Slice3_ROI14,010323_Slice3,010323,14,WT7,WT,20,4.3264000000000005,True,,1535.872,20,4,0.2,1.0,0.8021725856197385,0.8021725856197385,0.75,0.5953852573634852,0.6578410219912698,0.3416666666666667,0.4885022884386344,0.6112657185916166,True,0.002,0.5344103505137774,0.6583333333333333,0.534410350513777,0.8785284757614136,2.2029922008514404,0.0875239893794059,85,1.40845070422535,118.3098591549294,True,0.3403222999768331
010323_Slice3_ROI16,010323_Slice3,010323,16,WT8,WT,26,4.3264000000000005,True,,1706.7648000000002,26,5,0.1923076923076923,1.0,0.587769647575185,0.587769647575185,0.6095238095238096,0.428068155316729,0.4889026324059419,0.2952380952380952,0.3621501131392658,0.4623582387245192,True,0.002,0.403524199048147,0.7047619047619047,0.3903888509023206,0.3696963191032409,1.1493128538131714,0.0698238611221313,85,1.40845070422535,118.3098591549294,True,0.4370345000643283
010323_Slice3_ROI17,010323_Slice3,010323,17,WT3,WT,37,4.3264000000000005,True,,2156.7104000000004,37,0,0.0,,,,,,,0.3798798798798798,0.2379926603877145,0.2903946008909265,False,0.12,0.2481431573374891,,0.2379926603877145,-0.0103227766230702,0.2761636674404144,0.0515320412814617,85,1.40845070422535,118.3098591549294,True,0.5538883999688551
010323_Slice3_ROI18,010323_Slice3,010323,18,KO5,cKO,22,4.3264000000000005,True,,1857.1072,22,4,0.1818181818181818,1.0,0.7430095259531386,0.7430095259531386,0.5416666666666666,0.4431494256040243,0.5809980432165327,0.2549019607843137,0.3249909403332803,0.5383608426179328,True,0.002,0.4155551698899582,0.7450980392156863,0.3726771847194826,0.4603783190250397,1.2749212980270386,0.0499366484582424,85,1.40845070422535,118.3098591549294,True,0.3307223999872803
010323_Slice3_ROI19,010323_Slice3,010323,19,WT2,WT,22,4.3264000000000005,True,,1719.744,22,4,0.1818181818181818,1.0,0.6177323800593736,0.6177323800593736,0.5555555555555556,0.3805061407333346,0.4660983284103652,0.2418300653594771,0.3223071763855142,0.46691712453874,True,0.002,0.3765150285663217,0.7581699346405228,0.3481204952387013,0.2184469997882843,0.8253711462020874,0.0975549072027206,85,1.40845070422535,118.3098591549294,True,0.3445145000005141
010323_Slice3_ROI20,010323_Slice3,010323,20,KO4,cKO,33,4.3264000000000005,True,,2440.0896,33,6,0.1818181818181818,1.0,0.4814996745790051,0.4814996745790051,0.5185185185185185,0.2436115168039726,0.3260971500982125,0.4472934472934473,0.2404262193229645,0.3023233754638129,True,0.002,0.2503807498675761,0.5527065527065527,0.2482522042107749,0.0647570937871933,0.3461337089538574,0.0718102678656578,85,1.40845070422535,118.3098591549294,True,0.4745462998980656
010423_Slice1_ROI01,010423_Slice1,010423,1,WT6,WT,40,4.3264000000000005,True,,2639.1040000000003,40,8,0.2,1.0,0.3870286968950882,0.3870286968950882,0.51171875,0.2585936971511147,0.3156732330113931,0.3891129032258064,0.2490922772700576,0.3059551633354544,True,0.002,0.2623880199197899,0.6108870967741935,0.257162255781662,0.2001129537820816,0.4761791229248047,0.1799545735120773,85,1.40845070422535,118.3098591549294,True,0.6951721000950783
010423_Slice1_ROI02,010423_Slice1,010423,2,WT2,WT,45,4.3264000000000005,True,,3373.510400000001,45,9,0.2,1.0,0.6677441237981259,0.6677441237981259,0.654320987654321,0.4027977392012905,0.5496133234949165,0.4841269841269841,0.3127794710393073,0.4954151501274283,True,0.002,0.3322844566070952,0.5158730158730158,0.3551478007199134,0.5895817875862122,1.5868101119995115,0.1550526320934295,85,1.40845070422535,118.3098591549294,True,0.6927032000385225
010423_Slice1_ROI03,010423_Slice1,010423,3,WT3,WT,40,4.3264000000000005,True,,2740.7744,40,8,0.2,1.0,0.4107010441990212,0.4107010441990212,0.5703125,0.2697251292377755,0.3288615582781065,0.4052419354838709,0.2478508941078363,0.304769399400459,True,0.002,0.263142063064177,0.594758064516129,0.2608760330768332,0.2569842934608459,0.7040796279907227,0.1851319223642349,85,1.40845070422535,118.3098591549294,True,0.6944671999663115
010423_Slice1_ROI04,010423_Slice1,010423,4,KO1,cKO,27,4.3264000000000005,True,,2343.8272,27,4,0.1481481481481481,1.0,0.4999994966639325,0.4999994966639325,0.717391304347826,0.3260655069617995,0.4133208469615879,0.5533596837944664,0.253197038543533,0.3429605782029161,True,0.002,0.2521484430132151,0.4466403162055335,0.2765153116010911,0.2995623052120209,0.9721530675888062,0.1643324047327041,85,1.40845070422535,118.3098591549294,True,0.4105416999664157
010423_Slice1_ROI05,010423_Slice1,010423,5,KO2,cKO,36,4.3264000000000005,True,,2833.7920000000004,36,7,0.1944444444444444,1.0,0.6920159233417434,0.6920159233417434,0.6847290640394089,0.3913490336007861,0.4714169869824642,0.3251231527093596,0.2900690285863653,0.4161214343561223,True,0.002,0.3446883732914555,0.6748768472906403,0.3361019266939691,0.5689170956611633,1.3743295669555664,0.1389103531837463,85,1.40845070422535,118.3098591549294,True,0.5664521000580862
010423_Slice1_ROI06,010423_Slice1,010423,6,KO4,cKO,59,4.3264000000000005,True,,3129.0688000000005,59,11,0.1864406779661017,1.0,0.4049923682091376,0.4049923682091376,0.5454545454545454,0.2788151440702817,0.3332941422912963,0.3572695035460992,0.2565830708109217,0.3142249570451016,True,0.002,0.2750299105955921,0.6427304964539007,0.2682143075367218,0.2303863763809204,0.7167176604270935,0.1779028475284576,85,1.40845070422535,118.3098591549294,True,0.9235377999721096
010423_Slice1_ROI07,010423_Slice1,010423,7,WT1,WT,29,4.3264000000000005,True,,2506.0672000000004,29,5,0.1724137931034483,1.0,0.7789913257230897,0.7789913257230897,0.7833333333333333,0.6255281522016977,0.6856930861408298,0.5434782608695652,0.5258815364730386,0.6236228855802114,True,0.002,0.5309872133730996,0.4565217391304348,0.5615679694285549,2.082920789718628,3.389847755432129,0.1999600678682327,85,1.40845070422535,118.3098591549294,True,0.4258699000347405
010423_Slice1_ROI08,010423_Slice1,010423,8,KO5,cKO,30,4.3264000000000005,True,,1784.64,30,5,0.1666666666666666,1.0,0.577806112051185,0.577806112051185,0.52,0.2760138337884094,0.421050481347232,0.4133333333333333,0.2444791999842289,0.3493243570869414,True,0.002,0.2708478977189008,0.5866666666666667,0.2612035639984636,0.2990177273750305,1.1969704627990725,0.1562896519899368,85,1.40845070422535,118.3098591549294,True,0.4801019999431446
010423_Slice1_ROI09,010423_Slice1,010423,9,KO8,cKO,40,4.3264000000000005,True,,2574.208,40,8,0.2,1.0,0.399946008126461,0.399946008126461,0.5703125,0.2597037112904774,0.3303941697957632,0.4334677419354839,0.2404012753712525,0.301863667299972,True,0.002,0.2526354658211744,0.5665322580645161,0.2524636806436466,0.1980626732110977,0.634142279624939,0.1755555123090744,85,1.40845070422535,118.3098591549294,True,0.6208818999584764
010423_Slice1_ROI10,010423_Slice1,010423,10,WT5,WT,30,4.3264000000000005,True,,2245.4016,30,6,0.2,1.0,0.6400187884586687,0.6400187884586687,0.4861111111111111,0.4051518989815675,0.5132211289692622,0.2028985507246377,0.3302070162611628,0.4887160377822582,True,0.002,0.4050627268999744,0.7971014492753623,0.3656995213064521,0.5842112898826599,2.031022548675537,0.2163113206624984,85,1.40845070422535,118.3098591549294,True,0.4758546000812202
010423_Slice1_ROI11,010423_Slice1,010423,11,WT4,WT,38,4.3264000000000005,True,,2852.1792000000005,38,7,0.1842105263157894,1.0,0.6962602599077566,0.6962602599077566,0.8110599078341014,0.5016582142946562,0.5710920769507809,0.6301075268817204,0.3978359681430128,0.5049480615810896,True,0.002,0.375005484566524,0.3698924731182795,0.4387980414601767,1.239261269569397,1.988049387931824,0.237282857298851,85,1.40845070422535,118.3098591549294,True,0.5691083000274375
010423_Slice1_ROI12,010423_Slice1,010423,12,KO6,cKO,24,4.3264000000000005,True,,2248.6464,24,0,0.0,,,,,,,0.322463768115942,0.2258187702254611,0.3935409572961548,False,0.994,0.2697673646985304,,0.2258187702254611,0.1060506626963615,0.5460878014564514,0.1630740314722061,85,1.40845070422535,118.3098591549294,True,0.3420480999629944
010423_Slice1_ROI13,010423_Slice1,010423,13,KO7,cKO,32,4.3264000000000005,True,,1893.8816,32,6,0.1875,0.7333333333333333,0.3375589221574531,0.367242367847813,0.6346153846153846,0.2814801475586,0.3191858806406438,0.3692307692307692,0.2490914956851973,0.3044844636652064,True,0.002,0.2654630158353951,0.364102564102564,0.2619536753007914,0.1911978721618652,0.6734651327133179,0.1925858110189438,85,1.40845070422535,118.3098591549294,True,0.4952381000621244
010423_Slice1_ROI14,010423_Slice1,010423,14,KO3,cKO,48,4.3264000000000005,True,,2855.4240000000004,48,9,0.1875,1.0,0.421117592652766,0.421117592652766,0.5641025641025641,0.2464811689135274,0.3131223064954367,0.3873144399460189,0.2269800777360305,0.3006862862849204,True,0.002,0.2445209927983071,0.6126855600539811,0.239244114562541,0.1043082773685455,0.5980283617973328,0.1489526778459549,85,1.40845070422535,118.3098591549294,True,0.7470281000714749
010423_Slice2_ROI01,010423_Slice2,010423,1,WT1,WT,34,4.3264000000000005,True,,2663.9808000000003,34,5,0.1470588235294117,1.0,0.6363984617543914,0.6363984617543914,0.6896551724137931,0.3650833169213769,0.4544215079914995,0.4310344827586206,0.2828039391341594,0.4073424798322344,True,0.002,0.3083919899599765,0.5689655172413793,0.3103733776463678,0.333549827337265,0.6754679679870605,0.0809491947293281,85,1.40845070422535,118.3098591549294,True,0.5324647999368608
010423_Slice2_ROI02,010423_Slice2,010423,2,WT4,WT,36,4.3264000000000005,True,,2854.3424000000005,36,7,0.1944444444444444,1.0,0.8747661914254398,0.8747661914254398,0.9655172413793104,0.7665901233375838,0.7901978988962115,0.91871921182266,0.7003190333550027,0.7436975732508573,True,0.002,0.477771891300258,0.0812807881773398,0.7274879565072934,2.107974052429199,4.189290046691895,0.076353870332241,85,1.40845070422535,118.3098591549294,True,0.5291253000032157
010423_Slice2_ROI03,010423_Slice2,010423,3,WT3,WT,27,4.3264000000000005,True,,2216.1984,27,5,0.1851851851851851,1.0,0.789278502096621,0.789278502096621,0.8636363636363636,0.6303473704376118,0.6961836220315792,0.7142857142857143,0.5171656329836496,0.6311067626317277,True,0.002,0.4443349723739852,0.2857142857142857,0.5603881965479389,1.0927220582962036,2.5355443954467773,0.1156795099377632,85,1.40845070422535,118.3098591549294,True,0.3875522998860106
010423_Slice2_ROI04,010423_Slice2,010423,4,WT2,WT,32,4.3264000000000005,True,,2959.2576000000004,32,5,0.15625,1.0,0.8018130609930957,0.8018130609930957,0.925925925925926,0.6709332425890917,0.7083355002499433,0.8518518518518519,0.5683798789648162,0.6309587197352221,True,0.002,0.4324514275123619,0.1481481481481481,0.600998902976026,1.1153048276901243,3.405514001846313,0.1077725291252136,85,1.40845070422535,118.3098591549294,True,0.4904308000113815
010423_Slice2_ROI05,010423_Slice2,010423,5,KO4,cKO,53,4.3264000000000005,True,,3479.5072000000005,53,10,0.1886792452830188,1.0,0.4671420546745007,0.4671420546745007,0.5674418604651162,0.2993223976944644,0.3706307656357612,0.3499446290143964,0.2627875031278973,0.336488840714071,True,0.002,0.2894587245401668,0.6500553709856036,0.2808614940446035,0.2829137146472931,0.5968883037567139,0.0852162018418312,85,1.40845070422535,118.3098591549294,True,0.8357153000542894
010423_Slice2_ROI06,010423_Slice2,010423,6,KO3,cKO,42,4.3264000000000005,True,,2769.9776,42,6,0.1428571428571428,1.0,0.5104156754223236,0.5104156754223236,0.7314814814814815,0.31260758982875,0.3790452867850998,0.5904761904761905,0.2565483540075965,0.3286253106619471,True,0.002,0.2485073266563756,0.4095238095238095,0.27503477068424,0.2190281301736831,0.6133772134780884,0.0941049009561538,85,1.40845070422535,118.3098591549294,True,0.6416724000591785
010423_Slice2_ROI07,010423_Slice2,010423,7,WT5,WT,34,4.3264000000000005,True,,2267.0336,34,6,0.1764705882352941,1.0,0.7354945799860712,0.7354945799860712,0.8690476190476191,0.5108114355159934,0.5513482236977898,0.7142857142857143,0.422981577874812,0.4888023455831507,True,0.002,0.3870948232541296,0.2857142857142857,0.4576395299521513,0.7434747219085693,1.252099633216858,0.0627319291234016,85,1.40845070422535,118.3098591549294,True,0.4907103999285027
010423_Slice2_ROI09,010423_Slice2,010423,9,WT6,WT,35,4.3264000000000005,True,,2374.112,35,7,0.2,1.0,0.8161918159232532,0.8161918159232532,0.9081632653061223,0.6952924477660877,0.7335048969486554,0.7698412698412699,0.608591058323364,0.6819164458056295,True,0.002,0.5309351396160763,0.2301587301587301,0.6444786015844925,1.2247552871704102,2.7424466609954834,0.056024394929409,85,1.40845070422535,118.3098591549294,True,0.5634470999939367
010423_Slice2_ROI10,010423_Slice2,010423,10,KO6,cKO,46,4.3264000000000005,True,,2951.6864000000005,46,9,0.1956521739130435,1.0,0.4023883020531474,0.4023883020531474,0.6276276276276276,0.2909457856765225,0.3392613781529476,0.3933933933933934,0.2638546227708063,0.3204931734963957,True,0.002,0.2785161452735668,0.6066066066066066,0.2773894727242051,0.1989221423864364,0.5697920322418213,0.068482331931591,85,1.40845070422535,118.3098591549294,True,0.7290300000458956
010423_Slice2_ROI11,010423_Slice2,010423,11,KO2,cKO,29,4.3264000000000005,True,,2249.728,29,5,0.1724137931034483,1.0,0.5861315790166569,0.5861315790166569,0.6083333333333333,0.3723432287763242,0.4487805177961753,0.3405797101449275,0.3102810720266996,0.4093824865352615,True,0.002,0.346795140571192,0.6594202898550725,0.3354189140953067,0.3607270717620849,0.6807701587677002,0.0954239666461944,85,1.40845070422535,118.3098591549294,True,0.430320999934338
010423_Slice2_ROI12,010423_Slice2,010423,12,KO1,cKO,29,4.3264000000000005,True,,2059.3664000000003,29,4,0.1379310344827586,1.0,0.4894465927123483,0.4894465927123483,0.6,0.3215515762352574,0.398834695782669,0.3833333333333333,0.2651032798202893,0.3399902502191086,True,0.002,0.2903525940728845,0.6166666666666667,0.2823222195218882,0.2302355617284774,0.6187648773193359,0.0773046985268592,85,1.40845070422535,118.3098591549294,True,0.4293917999602854
010423_Slice2_ROI13,010423_Slice2,010423,13,KO5,cKO,34,4.3264000000000005,True,,2972.2368,34,6,0.1764705882352941,1.0,0.5185861002866304,0.5185861002866304,0.5297619047619048,0.2959504067581505,0.3763949050967256,0.2513227513227513,0.251560283755563,0.3411340283107316,True,0.002,0.2941213352993262,0.7486772486772486,0.2719933103373825,0.2007193565368652,0.558002233505249,0.0743710026144981,85,1.40845070422535,118.3098591549294,True,0.499215199961327
010423_Slice3_ROI01,010423_Slice3,010423,1,KO4,cKO,27,4.3264000000000005,True,,1856.0256,27,0,0.0,,,,,,,0.4985754985754986,0.2243057395784753,0.2872649965989976,False,0.866,0.2244846011041019,,0.2243057395784753,0.0149102341383695,0.2564540803432464,0.0839501246809959,85,1.40845070422535,118.3098591549294,True,0.4238333000103012
010423_Slice3_ROI03,010423_Slice3,010423,3,KO6,cKO,24,4.3264000000000005,True,,1389.8560000000002,24,4,0.1666666666666666,1.0,0.4224744990656797,0.4224744990656797,0.475,0.2381466866441117,0.3039475814582118,0.3473684210526316,0.2350808053319099,0.3034668745855808,True,0.026,0.2518641373709172,0.6526315789473685,0.2400432425325576,0.0216002110391855,0.7037506103515625,0.0797947943210601,85,1.40845070422535,118.3098591549294,True,0.3429323999444023
010423_Slice3_ROI07,010423_Slice3,010423,7,KO9,cKO,25,4.3264000000000005,True,,1814.9248,25,0,0.0,,,,,,,0.3333333333333333,0.2310537975370036,0.3281697181653734,False,0.056,0.2553327776940959,,0.2310537975370036,0.1513241082429886,0.5931052565574646,0.0524781309068203,85,1.40845070422535,118.3098591549294,True,0.4200231999857351
010423_Slice3_ROI08,010423_Slice3,010423,8,WT1,WT,23,4.3264000000000005,True,,1475.3024000000005,23,4,0.1739130434782608,1.0,0.7580206111458218,0.7580206111458218,0.8289473684210527,0.5571590652042261,0.6006182795680856,0.4444444444444444,0.4355088830882935,0.5422043551152965,True,0.002,0.4631166396708138,0.5555555555555556,0.4797005202786336,0.484369158744812,3.957363367080689,0.0770749598741531,85,1.40845070422535,118.3098591549294,True,0.3783826999133453
010423_Slice3_ROI09,010423_Slice3,010423,9,WT2,WT,29,4.3264000000000005,True,,2104.7936000000004,29,5,0.1724137931034483,1.0,0.701664001128383,0.701664001128383,0.6166666666666667,0.4251217974355523,0.5130525826639196,0.2391304347826087,0.3313842252550046,0.4540955678303839,True,0.002,0.3954296376724343,0.7608695652173914,0.368210103137762,0.5612921118736267,1.3738303184509275,0.0897910967469215,85,1.40845070422535,118.3098591549294,True,0.414369500009343
010423_Slice3_ROI10,010423_Slice3,010423,10,KO1,cKO,43,4.3264000000000005,True,,2296.2368,43,8,0.1860465116279069,0.8214285714285714,0.3252597519642219,0.3441663425193803,0.3785714285714285,0.2430298925902772,0.3035367500113615,0.3260504201680672,0.2407551573817777,0.2983104777714701,True,0.002,0.2571988945212382,0.4953781512605041,0.2440807991389076,0.0047837519086897,0.3776642680168152,0.0602233856916427,85,1.40845070422535,118.3098591549294,True,0.6283656000159681
010423_Slice3_ROI11,010423_Slice3,010423,11,KO3,cKO,36,4.3264000000000005,True,,2272.4416,36,7,0.1944444444444444,0.9523809523809524,0.3552738047638558,0.3615679886415743,0.4975369458128079,0.2374117815073176,0.2903986939268976,0.3866995073891626,0.2344652150887149,0.2876484764426617,True,0.002,0.2451728320559721,0.5656814449917897,0.2394416172572138,0.0509271956980228,0.3806245028972626,0.0976678133010864,85,1.40845070422535,118.3098591549294,True,0.602850400027819
010423_Slice3_ROI13,010423_Slice3,010423,13,KO2,cKO,31,4.3264000000000005,True,,2028.0,31,5,0.1612903225806451,1.0,0.5371884276978762,0.5371884276978762,0.5384615384615384,0.2830383755390001,0.4086242335802279,0.3415384615384615,0.2397560235866047,0.3516668743340591,True,0.002,0.2770341272500178,0.6584615384615384,0.2582528618552587,0.1662053316831588,0.6139789819717407,0.0682099387049675,85,1.40845070422535,118.3098591549294,True,0.516784799983725
010423_Slice3_ROI14,010423_Slice3,010423,14,KO10,cKO,20,4.3264000000000005,True,,1248.1664,20,0,0.0,,,,,,,0.5105263157894737,0.249181575634362,0.2976812805257856,False,0.142,0.2481385712280947,,0.249181575634362,-0.0703211426734924,0.2523354589939117,0.0753578394651413,85,1.40845070422535,118.3098591549294,True,0.3251443000044673
010523_Slice1_ROI01,010523_Slice1,010523,1,KO1,cKO,45,4.3264000000000005,True,,3072.8256,45,9,0.2,1.0,0.3714297011140416,0.3714297011140416,0.4290123456790123,0.2344102363743615,0.3040959899186873,0.3682539682539683,0.2378495738311786,0.291897241134323,True,0.002,0.2508669832195077,0.6317460317460317,0.2415814316555971,0.0625879168510437,0.2403307557106018,0.0306719727814197,85,1.40845070422535,118.3098591549294,True,0.7422182000009343
010523_Slice1_ROI02,010523_Slice1,010523,2,WT4,WT,51,4.3264000000000005,True,,2612.0640000000003,51,8,0.1568627450980392,1.0,0.4384632667214566,0.4384632667214566,0.5872093023255814,0.3064667519333937,0.3616369694170772,0.3322259136212624,0.2673150484912096,0.3371489718750016,True,0.002,0.2917660798802521,0.6677740863787376,0.2816368807222356,0.1520984470844268,0.501588761806488,0.0377340801060199,85,1.40845070422535,118.3098591549294,True,0.8302138999570161
010523_Slice1_ROI03,010523_Slice1,010523,3,KO4,cKO,37,4.3264000000000005,True,,2578.5344000000005,37,6,0.1621621621621621,1.0,0.4286358377038779,0.4286358377038779,0.4838709677419355,0.2372946778360819,0.3193183445940845,0.410752688172043,0.2340676581045195,0.2868684214046097,True,0.002,0.2458078688222938,0.589247311827957,0.239351064056563,0.0655060783028602,0.3100573718547821,0.0292840395122766,85,1.40845070422535,118.3098591549294,True,0.5766350000631064
010523_Slice1_ROI04,010523_Slice1,010523,4,KO3,cKO,52,4.3264000000000005,True,,2064.7744,52,10,0.1923076923076923,1.0,0.369914071460398,0.369914071460398,0.4904761904761904,0.2634572733539058,0.3096347551572487,0.2950058072009291,0.2469511757546457,0.3051340879463062,True,0.002,0.2672044903933931,0.7049941927990708,0.2563523004141089,0.091794952750206,0.2857165038585663,0.0304759684950113,85,1.40845070422535,118.3098591549294,True,0.8264145000139251
010523_Slice1_ROI05,010523_Slice1,010523,5,WT1,WT,37,4.3264000000000005,True,,2649.92,37,7,0.1891891891891892,1.0,0.7325733994766791,0.7325733994766791,0.8,0.573399421776551,0.6330842379526428,0.5770114942528736,0.4766021607579175,0.5762351700716881,True,0.002,0.4724859867610164,0.4229885057471264,0.5151949848224926,0.4848732352256775,1.523418426513672,0.0490044429898262,85,1.40845070422535,118.3098591549294,True,0.5543007000815123
010523_Slice1_ROI06,010523_Slice1,010523,6,KO2,cKO,37,4.3264000000000005,True,,2591.5136,37,7,0.1891891891891892,1.0,0.3844623162885996,0.3844623162885996,0.3904761904761905,0.2272571987557729,0.2981689574695456,0.3195402298850575,0.2370523005802749,0.2987064715034781,True,0.002,0.2530675426109961,0.6804597701149425,0.238611818518307,0.052542395889759,0.2843464016914367,0.0398928113281726,85,1.40845070422535,118.3098591549294,True,0.6520678999368101
010523_Slice1_ROI07,010523_Slice1,010523,7,WT2,WT,67,4.3264000000000005,True,,3608.2176,67,11,0.1641791044776119,0.9818181818181818,0.3361040002161873,0.3380658026397899,0.4155844155844156,0.2415240145035066,0.2996781956882047,0.3668831168831168,0.2382799394315358,0.2876154624912342,True,0.002,0.2506993416094193,0.6149350649350649,0.2416171956900115,0.0502892434597015,0.2510051727294922,0.0408448055386543,85,1.40845070422535,118.3098591549294,True,1.2019531999249011
010523_Slice1_ROI08,010523_Slice1,010523,8,KO7,cKO,43,4.3264000000000005,True,,2742.9376,43,8,0.1860465116279069,1.0,0.408362455629746,0.408362455629746,0.5035714285714286,0.2705576173621433,0.3324433713430449,0.3109243697478991,0.2496443828605727,0.3124359356278953,True,0.002,0.2729391701801218,0.6890756302521008,0.2610505973655302,0.1177601218223571,0.4112750589847564,0.0465047918260097,85,1.40845070422535,118.3098591549294,True,0.6883764000376686
010523_Slice1_ROI09,010523_Slice1,010523,9,WT3,WT,36,4.3264000000000005,True,,2737.5296000000003,36,7,0.1944444444444444,1.0,0.5807129503370787,0.5807129503370787,0.7142857142857143,0.4114105387940403,0.4684793611674687,0.4162561576354679,0.3403886013893604,0.4252106329207841,True,0.002,0.3656976469500532,0.583743842364532,0.3712842595180145,0.3209030330181122,0.7508365511894226,0.0477455481886863,85,1.40845070422535,118.3098591549294,True,0.5644521999638528
010523_Slice1_ROI10,010523_Slice1,010523,10,KO5,cKO,49,4.3264000000000005,True,,3934.8608,49,8,0.1632653061224489,1.0,0.4518700665636784,0.4518700665636784,0.4939024390243902,0.2651787838570829,0.3524149578802339,0.2865853658536585,0.2383032558099526,0.3170869565382361,True,0.002,0.2701030804027764,0.7134146341463414,0.2508840754532886,0.1132779866456985,0.3383457362651825,0.0368305332958698,85,1.40845070422535,118.3098591549294,True,0.7394119000528008
010523_Slice2_ROI01,010523_Slice2,010523,1,KO5,cKO,65,4.3264000000000005,True,,3335.6544000000004,65,12,0.1846153846153846,1.0,0.3719717087385304,0.3719717087385304,0.4748427672955975,0.2370027130488795,0.3038749881846245,0.4267053701015965,0.2410332123304389,0.2944249475703354,True,0.002,0.2483505129156348,0.5732946298984034,0.2439555888784496,-0.0321535654366016,0.1978029012680053,0.076944351196289,85,1.40845070422535,118.3098591549294,True,1.0198301000054926
010523_Slice2_ROI03,010523_Slice2,010523,3,WT4,WT,45,4.3264000000000005,True,,2540.6784,45,8,0.1777777777777777,1.0,0.4074720503941589,0.4074720503941589,0.4391891891891892,0.2477736101969425,0.3245936547435645,0.2807807807807808,0.2365489122995467,0.3000095654950448,True,0.002,0.2617753489310601,0.7192192192192193,0.2447391733543733,0.0658690705895423,0.3772738873958587,0.0884073078632354,85,1.40845070422535,118.3098591549294,True,0.7621362000936642
010523_Slice2_ROI04,010523_Slice2,010523,4,WT2,WT,40,4.3264000000000005,True,,3063.0912000000003,40,8,0.2,1.0,0.6484946825867851,0.6484946825867851,0.7890625,0.4860435407184277,0.5524925822698115,0.5362903225806451,0.3816781097766747,0.4908659972787652,True,0.002,0.3884269882132591,0.4637096774193548,0.4255094102379206,0.5351963043212891,1.7057918310165403,0.08203686773777,85,1.40845070422535,118.3098591549294,True,0.6035936999833211
010523_Slice2_ROI05,010523_Slice2,010523,5,WT3,WT,55,4.3264000000000005,True,,2454.1504000000004,55,11,0.2,1.0,0.4087461586472669,0.4087461586472669,0.512396694214876,0.2646098842823912,0.3373290610109186,0.3097251585623679,0.2437036754488692,0.3126488389948517,True,0.002,0.269015379651124,0.6902748414376321,0.2566302354834393,0.1377840489149093,0.510022759437561,0.0944029688835144,85,1.40845070422535,118.3098591549294,True,0.9137933999300004
010523_Slice2_ROI06,010523_Slice2,010523,6,KO6,cKO,59,4.3264000000000005,True,,2806.7520000000004,59,10,0.1694915254237288,1.0,0.3787276895063006,0.3787276895063006,0.4387755102040816,0.2336347868427106,0.3044472323631154,0.4243197278911564,0.2400642867208766,0.2905621455077649,True,0.002,0.2477341617300464,0.5756802721088435,0.2418698964140635,-0.0485460683703422,0.1836217045783996,0.0686504915356636,85,1.40845070422535,118.3098591549294,True,0.93069840001408
010523_Slice2_ROI07,010523_Slice2,010523,7,KO4,cKO,79,4.3264000000000005,True,,3606.0544,79,14,0.1772151898734177,1.0,0.3552797971170275,0.3552797971170275,0.4626373626373626,0.2264273113979636,0.2990343950353957,0.473076923076923,0.2396331677165475,0.2871379468913348,True,0.002,0.2407061341467192,0.5269230769230769,0.2391484270562204,-0.0303664803504943,0.2247982770204544,0.0736949145793914,85,1.40845070422535,118.3098591549294,True,1.338784400024451
010523_Slice2_ROI08,010523_Slice2,010523,8,KO1,cKO,39,4.3264000000000005,True,,2882.4640000000004,39,7,0.1794871794871795,1.0,0.4273313086703321,0.4273313086703321,0.3660714285714285,0.2200055546508501,0.3031747673595116,0.3911290322580645,0.2410168871977024,0.2933332403317471,True,0.026,0.2508015300992436,0.6088709677419355,0.2399454490876219,0.034115482121706,0.438051164150238,0.0790507793426513,85,1.40845070422535,118.3098591549294,True,0.6091465000063181
010523_Slice2_ROI09,010523_Slice2,010523,9,KO3,cKO,120,4.3264000000000005,True,,3890.5152,120,24,0.2,0.9021739130434784,0.3071301925861023,0.3150403654491127,0.3706597222222222,0.2309075602960649,0.2873624294031232,0.3964912280701754,0.2428683241778651,0.292706377956297,True,0.002,0.2495267342883584,0.5056826849733028,0.2414927885611993,0.0028160889632999,0.2541604936122894,0.1142762750387191,85,1.40845070422535,118.3098591549294,True,2.526116400025785
010523_Slice2_ROI10,010523_Slice2,010523,10,KO2,cKO,91,4.3264000000000005,True,,4351.276800000001,91,18,0.1978021978021978,0.8823529411764706,0.3239292845177584,0.3486547999245835,0.3736681887366819,0.219059668312597,0.2958589213988825,0.4726027397260274,0.2430143028107859,0.2896598376950264,True,0.002,0.2429615246599023,0.4097502014504431,0.2383509578707484,-0.0051072491332888,0.1796498596668243,0.0834203287959098,85,1.40845070422535,118.3098591549294,True,1.633866999996826
010523_Slice3_ROI03,010523_Slice3,010523,3,WT1,WT,55,4.3264000000000005,True,,2468.2112,55,11,0.2,1.0,0.4304658493032812,0.4304658493032812,0.5929752066115702,0.2862134021752276,0.3413150909832084,0.3255813953488372,0.2545957042964737,0.3227312859016441,True,0.002,0.2790180860911201,0.6744186046511628,0.271414440827579,0.2210279107093811,0.8590511083602905,0.1227467656135559,85,1.40845070422535,118.3098591549294,True,0.8613412999548018
010523_Slice3_ROI04,010523_Slice3,010523,4,KO4,cKO,32,4.3264000000000005,True,,1810.5984,32,6,0.1875,1.0,0.3972016293090714,0.3972016293090714,0.4294871794871794,0.2496400970834088,0.3222945359336405,0.3353846153846154,0.2399204296514439,0.3017670402760457,True,0.002,0.2605782968443131,0.6646153846153846,0.2477339097204982,0.1217045411467552,0.5046591758728027,0.0864946246147155,85,1.40845070422535,118.3098591549294,True,0.4905574000440538
010523_Slice3_ROI05,010523_Slice3,010523,5,KO1,cKO,22,4.3264000000000005,True,,1618.0736000000002,22,4,0.1818181818181818,1.0,0.3481471783220756,0.3481471783220756,0.4166666666666667,0.2724864204927275,0.3365772659961111,0.2026143790849673,0.2532955320345654,0.3435035876151739,True,0.002,0.285126453714037,0.7973856209150327,0.2617407867822395,0.1254609823226928,0.6943247318267822,0.139975219964981,85,1.40845070422535,118.3098591549294,True,0.3262659000465646
010523_Slice3_ROI06,010523_Slice3,010523,6,KO5,cKO,40,4.3264000000000005,True,,1593.1968000000002,40,8,0.2,0.9285714285714286,0.3367223816901785,0.3455286869795075,0.37890625,0.2416768351629498,0.3031221176712915,0.314516129032258,0.2347307036813393,0.2936056117726895,True,0.002,0.2542046660398619,0.6140552995391706,0.2406716993781852,0.0367337465286254,0.3548457622528076,0.0849635526537895,85,1.40845070422535,118.3098591549294,True,0.6069825000595301
010523_Slice3_ROI07,010523_Slice3,010523,7,KO2,cKO,40,4.3264000000000005,True,,2773.2224,40,8,0.2,1.0,0.5369413575803249,0.5369413575803249,0.26953125,0.2539710506886266,0.3742767189596326,0.1532258064516129,0.2348200788461589,0.3437640023712072,True,0.002,0.3003017255913255,0.8467741935483871,0.2519509052515799,0.0812626630067825,0.5152503252029419,0.0740701258182525,85,1.40845070422535,118.3098591549294,True,0.6478353999555111
010523_Slice3_ROI08,010523_Slice3,010523,8,KO3,cKO,56,4.3264000000000005,True,,2726.7136000000005,56,10,0.1785714285714285,0.9777777777777776,0.3430405558927214,0.3452505216772236,0.3565217391304348,0.2213193258193059,0.2990173038320871,0.4328502415458937,0.243958924567879,0.2899176824320656,True,0.002,0.2472891964932904,0.544927536231884,0.2400916894933818,-0.0060695451684296,0.2502665221691131,0.1245736852288246,85,1.40845070422535,118.3098591549294,True,1.0363475000485778
