cell,condition,stage,rho,reference,variant_core_overlap,n_removed,n_added,candidate_jaccard,jaccard,default_retention,small_retention,n_default,n_variant
20210805A07_1,lag0,refine_first_tau020_before_gate,0.2,same_frozen_tau_same_unique_input_full,0.3333333333333333,11,14,,0.21875,0.3888888888888889,0.3888888888888889,18,21
20210805A07_1,lag0,refine_first_tau020_after_gate,0.2,same_frozen_tau_same_unique_input_full,0.3333333333333333,11,14,,0.21875,0.3888888888888889,0.3888888888888889,18,21
20210805A07_1,lag1,refine_first_tau020_before_gate,0.2,same_frozen_tau_same_unique_input_full,0.5555555555555556,8,8,,0.3846153846153846,0.5555555555555556,0.5555555555555556,18,18
20210805A07_1,lag1,refine_first_tau020_after_gate,0.2,same_frozen_tau_same_unique_input_full,0.5555555555555556,8,8,,0.3846153846153846,0.5555555555555556,0.5555555555555556,18,18
20210805A07_1,lag2,refine_first_tau020_before_gate,0.2,same_frozen_tau_same_unique_input_full,1.0,0,0,,1.0,1.0,1.0,18,18
20210805A07_1,lag2,refine_first_tau020_after_gate,0.2,same_frozen_tau_same_unique_input_full,1.0,0,0,,1.0,1.0,1.0,18,18
20210805A07_1,lag5,refine_first_tau020_before_gate,0.2,same_frozen_tau_same_unique_input_full,1.0,0,0,,1.0,1.0,1.0,18,18
20210805A07_1,lag5,refine_first_tau020_after_gate,0.2,same_frozen_tau_same_unique_input_full,1.0,0,0,,1.0,1.0,1.0,18,18
20210805A07_1,lag10,refine_first_tau020_before_gate,0.2,same_frozen_tau_same_unique_input_full,1.0,0,0,,1.0,1.0,1.0,18,18
20210805A07_1,lag10,refine_first_tau020_after_gate,0.2,same_frozen_tau_same_unique_input_full,1.0,0,0,,1.0,1.0,1.0,18,18
20210805A07_1,lag30,refine_first_tau020_before_gate,0.2,same_frozen_tau_same_unique_input_full,1.0,0,0,,1.0,1.0,1.0,18,18
20210805A07_1,lag30,refine_first_tau020_after_gate,0.2,same_frozen_tau_same_unique_input_full,1.0,0,0,,1.0,1.0,1.0,18,18
20210805A07_1,lag60,refine_first_tau020_before_gate,0.2,same_frozen_tau_same_unique_input_full,1.0,0,0,,1.0,1.0,1.0,18,18
20210805A07_1,lag60,refine_first_tau020_after_gate,0.2,same_frozen_tau_same_unique_input_full,1.0,0,0,,1.0,1.0,1.0,18,18
20210805A07_1,lag120,refine_first_tau020_before_gate,0.2,same_frozen_tau_same_unique_input_full,1.0,0,0,,1.0,1.0,1.0,18,18
20210805A07_1,lag120,refine_first_tau020_after_gate,0.2,same_frozen_tau_same_unique_input_full,1.0,0,0,,1.0,1.0,1.0,18,18
20210805A07_1,lag300,refine_first_tau020_before_gate,0.2,same_frozen_tau_same_unique_input_full,1.0,0,0,,1.0,1.0,1.0,18,18
20210805A07_1,lag300,refine_first_tau020_after_gate,0.2,same_frozen_tau_same_unique_input_full,1.0,0,0,,1.0,1.0,1.0,18,18
20210805A07_1,full,refine_first_tau020_before_gate,0.2,same_frozen_tau_same_unique_input_full,1.0,0,0,,1.0,1.0,1.0,18,18
20210805A07_1,full,refine_first_tau020_after_gate,0.2,same_frozen_tau_same_unique_input_full,1.0,0,0,,1.0,1.0,1.0,18,18
20211022A04_1,lag0,refine_first_tau020_before_gate,0.2,same_frozen_tau_same_unique_input_full,0.9523809523809524,8,1,,0.6896551724137931,0.7142857142857143,0.9523809523809524,28,21
20211022A04_1,lag0,refine_first_tau020_after_gate,0.2,same_frozen_tau_same_unique_input_full,0.9523809523809524,8,1,,0.6896551724137931,0.7142857142857143,0.9523809523809524,28,21
20211022A04_1,lag1,refine_first_tau020_before_gate,0.2,same_frozen_tau_same_unique_input_full,0.9090909090909092,8,2,,0.6666666666666666,0.7142857142857143,0.9090909090909092,28,22
20211022A04_1,lag1,refine_first_tau020_after_gate,0.2,same_frozen_tau_same_unique_input_full,0.9090909090909092,8,2,,0.6666666666666666,0.7142857142857143,0.9090909090909092,28,22
20211022A04_1,lag2,refine_first_tau020_before_gate,0.2,same_frozen_tau_same_unique_input_full,0.9090909090909092,8,2,,0.6666666666666666,0.7142857142857143,0.9090909090909092,28,22
20211022A04_1,lag2,refine_first_tau020_after_gate,0.2,same_frozen_tau_same_unique_input_full,0.9090909090909092,8,2,,0.6666666666666666,0.7142857142857143,0.9090909090909092,28,22
20211022A04_1,lag5,refine_first_tau020_before_gate,0.2,same_frozen_tau_same_unique_input_full,0.9523809523809524,8,1,,0.6896551724137931,0.7142857142857143,0.9523809523809524,28,21
20211022A04_1,lag5,refine_first_tau020_after_gate,0.2,same_frozen_tau_same_unique_input_full,0.9523809523809524,8,1,,0.6896551724137931,0.7142857142857143,0.9523809523809524,28,21
20211022A04_1,lag10,refine_first_tau020_before_gate,0.2,same_frozen_tau_same_unique_input_full,0.9523809523809524,8,1,,0.6896551724137931,0.7142857142857143,0.9523809523809524,28,21
20211022A04_1,lag10,refine_first_tau020_after_gate,0.2,same_frozen_tau_same_unique_input_full,0.9523809523809524,8,1,,0.6896551724137931,0.7142857142857143,0.9523809523809524,28,21
20211022A04_1,lag30,refine_first_tau020_before_gate,0.2,same_frozen_tau_same_unique_input_full,1.0,4,0,,0.8571428571428571,0.8571428571428571,1.0,28,24
20211022A04_1,lag30,refine_first_tau020_after_gate,0.2,same_frozen_tau_same_unique_input_full,1.0,4,0,,0.8571428571428571,0.8571428571428571,1.0,28,24
20211022A04_1,lag60,refine_first_tau020_before_gate,0.2,same_frozen_tau_same_unique_input_full,0.96,4,1,,0.8275862068965517,0.8571428571428571,0.96,28,25
20211022A04_1,lag60,refine_first_tau020_after_gate,0.2,same_frozen_tau_same_unique_input_full,0.96,4,1,,0.8275862068965517,0.8571428571428571,0.96,28,25
20211022A04_1,lag120,refine_first_tau020_before_gate,0.2,same_frozen_tau_same_unique_input_full,1.0,1,0,,0.9642857142857144,0.9642857142857144,1.0,28,27
20211022A04_1,lag120,refine_first_tau020_after_gate,0.2,same_frozen_tau_same_unique_input_full,1.0,1,0,,0.9642857142857144,0.9642857142857144,1.0,28,27
20211022A04_1,lag300,refine_first_tau020_before_gate,0.2,same_frozen_tau_same_unique_input_full,1.0,0,0,,1.0,1.0,1.0,28,28
20211022A04_1,lag300,refine_first_tau020_after_gate,0.2,same_frozen_tau_same_unique_input_full,1.0,0,0,,1.0,1.0,1.0,28,28
20211022A04_1,full,refine_first_tau020_before_gate,0.2,same_frozen_tau_same_unique_input_full,1.0,0,0,,1.0,1.0,1.0,28,28
20211022A04_1,full,refine_first_tau020_after_gate,0.2,same_frozen_tau_same_unique_input_full,1.0,0,0,,1.0,1.0,1.0,28,28
20211029A07_1,lag0,refine_first_tau020_before_gate,0.2,same_frozen_tau_same_unique_input_full,0.711864406779661,17,17,,0.5526315789473685,0.711864406779661,0.711864406779661,59,59
20211029A07_1,lag0,refine_first_tau020_after_gate,0.2,same_frozen_tau_same_unique_input_full,0.711864406779661,17,17,,0.5526315789473685,0.711864406779661,0.711864406779661,59,59
20211029A07_1,lag1,refine_first_tau020_before_gate,0.2,same_frozen_tau_same_unique_input_full,0.7457627118644068,15,15,,0.5945945945945946,0.7457627118644068,0.7457627118644068,59,59
20211029A07_1,lag1,refine_first_tau020_after_gate,0.2,same_frozen_tau_same_unique_input_full,0.7457627118644068,15,15,,0.5945945945945946,0.7457627118644068,0.7457627118644068,59,59
20211029A07_1,lag2,refine_first_tau020_before_gate,0.2,same_frozen_tau_same_unique_input_full,0.7627118644067796,14,14,,0.6164383561643836,0.7627118644067796,0.7627118644067796,59,59
20211029A07_1,lag2,refine_first_tau020_after_gate,0.2,same_frozen_tau_same_unique_input_full,0.7627118644067796,14,14,,0.6164383561643836,0.7627118644067796,0.7627118644067796,59,59
20211029A07_1,lag5,refine_first_tau020_before_gate,0.2,same_frozen_tau_same_unique_input_full,0.7627118644067796,14,14,,0.6164383561643836,0.7627118644067796,0.7627118644067796,59,59
20211029A07_1,lag5,refine_first_tau020_after_gate,0.2,same_frozen_tau_same_unique_input_full,0.7627118644067796,14,14,,0.6164383561643836,0.7627118644067796,0.7627118644067796,59,59
20211029A07_1,lag10,refine_first_tau020_before_gate,0.2,same_frozen_tau_same_unique_input_full,0.847457627118644,9,9,,0.7352941176470589,0.847457627118644,0.847457627118644,59,59
20211029A07_1,lag10,refine_first_tau020_after_gate,0.2,same_frozen_tau_same_unique_input_full,0.847457627118644,9,9,,0.7352941176470589,0.847457627118644,0.847457627118644,59,59
20211029A07_1,lag30,refine_first_tau020_before_gate,0.2,same_frozen_tau_same_unique_input_full,0.8813559322033898,7,7,,0.7878787878787878,0.8813559322033898,0.8813559322033898,59,59
20211029A07_1,lag30,refine_first_tau020_after_gate,0.2,same_frozen_tau_same_unique_input_full,0.8813559322033898,7,7,,0.7878787878787878,0.8813559322033898,0.8813559322033898,59,59
20211029A07_1,lag60,refine_first_tau020_before_gate,0.2,same_frozen_tau_same_unique_input_full,0.8983050847457628,6,6,,0.8153846153846154,0.8983050847457628,0.8983050847457628,59,59
20211029A07_1,lag60,refine_first_tau020_after_gate,0.2,same_frozen_tau_same_unique_input_full,0.8983050847457628,6,6,,0.8153846153846154,0.8983050847457628,0.8983050847457628,59,59
20211029A07_1,lag120,refine_first_tau020_before_gate,0.2,same_frozen_tau_same_unique_input_full,0.9322033898305084,4,4,,0.873015873015873,0.9322033898305084,0.9322033898305084,59,59
20211029A07_1,lag120,refine_first_tau020_after_gate,0.2,same_frozen_tau_same_unique_input_full,0.9322033898305084,4,4,,0.873015873015873,0.9322033898305084,0.9322033898305084,59,59
20211029A07_1,lag300,refine_first_tau020_before_gate,0.2,same_frozen_tau_same_unique_input_full,1.0,0,0,,1.0,1.0,1.0,59,59
20211029A07_1,lag300,refine_first_tau020_after_gate,0.2,same_frozen_tau_same_unique_input_full,1.0,0,0,,1.0,1.0,1.0,59,59
20211029A07_1,full,refine_first_tau020_before_gate,0.2,same_frozen_tau_same_unique_input_full,1.0,0,0,,1.0,1.0,1.0,59,59
20211029A07_1,full,refine_first_tau020_after_gate,0.2,same_frozen_tau_same_unique_input_full,1.0,0,0,,1.0,1.0,1.0,59,59
20211030A04_1,lag0,refine_first_tau020_before_gate,0.2,same_frozen_tau_same_unique_input_full,0.7142857142857143,13,4,,0.3703703703703703,0.4347826086956521,0.7142857142857143,23,14
20211030A04_1,lag0,refine_first_tau020_after_gate,0.2,same_frozen_tau_same_unique_input_full,0.7142857142857143,13,4,,0.3703703703703703,0.4347826086956521,0.7142857142857143,23,14
20211030A04_1,lag1,refine_first_tau020_before_gate,0.2,same_frozen_tau_same_unique_input_full,0.7692307692307693,13,3,,0.3846153846153846,0.4347826086956521,0.7692307692307693,23,13
20211030A04_1,lag1,refine_first_tau020_after_gate,0.2,same_frozen_tau_same_unique_input_full,0.7692307692307693,13,3,,0.3846153846153846,0.4347826086956521,0.7692307692307693,23,13
20211030A04_1,lag2,refine_first_tau020_before_gate,0.2,same_frozen_tau_same_unique_input_full,0.7692307692307693,13,3,,0.3846153846153846,0.4347826086956521,0.7692307692307693,23,13
20211030A04_1,lag2,refine_first_tau020_after_gate,0.2,same_frozen_tau_same_unique_input_full,0.7692307692307693,13,3,,0.3846153846153846,0.4347826086956521,0.7692307692307693,23,13
20211030A04_1,lag5,refine_first_tau020_before_gate,0.2,same_frozen_tau_same_unique_input_full,0.7692307692307693,13,3,,0.3846153846153846,0.4347826086956521,0.7692307692307693,23,13
20211030A04_1,lag5,refine_first_tau020_after_gate,0.2,same_frozen_tau_same_unique_input_full,0.7692307692307693,13,3,,0.3846153846153846,0.4347826086956521,0.7692307692307693,23,13
20211030A04_1,lag10,refine_first_tau020_before_gate,0.2,same_frozen_tau_same_unique_input_full,0.7142857142857143,13,4,,0.3703703703703703,0.4347826086956521,0.7142857142857143,23,14
20211030A04_1,lag10,refine_first_tau020_after_gate,0.2,same_frozen_tau_same_unique_input_full,0.7142857142857143,13,4,,0.3703703703703703,0.4347826086956521,0.7142857142857143,23,14
20211030A04_1,lag30,refine_first_tau020_before_gate,0.2,same_frozen_tau_same_unique_input_full,0.7142857142857143,13,4,,0.3703703703703703,0.4347826086956521,0.7142857142857143,23,14
20211030A04_1,lag30,refine_first_tau020_after_gate,0.2,same_frozen_tau_same_unique_input_full,0.7142857142857143,13,4,,0.3703703703703703,0.4347826086956521,0.7142857142857143,23,14
20211030A04_1,lag60,refine_first_tau020_before_gate,0.2,same_frozen_tau_same_unique_input_full,0.9285714285714286,10,1,,0.5416666666666666,0.5652173913043478,0.9285714285714286,23,14
20211030A04_1,lag60,refine_first_tau020_after_gate,0.2,same_frozen_tau_same_unique_input_full,0.9285714285714286,10,1,,0.5416666666666666,0.5652173913043478,0.9285714285714286,23,14
20211030A04_1,lag120,refine_first_tau020_before_gate,0.2,same_frozen_tau_same_unique_input_full,0.8260869565217391,4,4,,0.7037037037037037,0.8260869565217391,0.8260869565217391,23,23
20211030A04_1,lag120,refine_first_tau020_after_gate,0.2,same_frozen_tau_same_unique_input_full,0.8260869565217391,4,4,,0.7037037037037037,0.8260869565217391,0.8260869565217391,23,23
20211030A04_1,lag300,refine_first_tau020_before_gate,0.2,same_frozen_tau_same_unique_input_full,1.0,0,0,,1.0,1.0,1.0,23,23
20211030A04_1,lag300,refine_first_tau020_after_gate,0.2,same_frozen_tau_same_unique_input_full,1.0,0,0,,1.0,1.0,1.0,23,23
20211030A04_1,full,refine_first_tau020_before_gate,0.2,same_frozen_tau_same_unique_input_full,1.0,0,0,,1.0,1.0,1.0,23,23
20211030A04_1,full,refine_first_tau020_after_gate,0.2,same_frozen_tau_same_unique_input_full,1.0,0,0,,1.0,1.0,1.0,23,23
20211102A04_1,lag0,refine_first_tau020_before_gate,0.2,same_frozen_tau_same_unique_input_full,0.2,20,40,,0.1428571428571428,0.3333333333333333,0.3333333333333333,30,50
20211102A04_1,lag0,refine_first_tau020_after_gate,0.2,same_frozen_tau_same_unique_input_full,0.2,20,40,,0.1428571428571428,0.3333333333333333,0.3333333333333333,30,50
20211102A04_1,lag1,refine_first_tau020_before_gate,0.2,same_frozen_tau_same_unique_input_full,0.2,20,40,,0.1428571428571428,0.3333333333333333,0.3333333333333333,30,50
20211102A04_1,lag1,refine_first_tau020_after_gate,0.2,same_frozen_tau_same_unique_input_full,0.2,20,40,,0.1428571428571428,0.3333333333333333,0.3333333333333333,30,50
20211102A04_1,lag2,refine_first_tau020_before_gate,0.2,same_frozen_tau_same_unique_input_full,0.2,20,40,,0.1428571428571428,0.3333333333333333,0.3333333333333333,30,50
20211102A04_1,lag2,refine_first_tau020_after_gate,0.2,same_frozen_tau_same_unique_input_full,0.2,20,40,,0.1428571428571428,0.3333333333333333,0.3333333333333333,30,50
20211102A04_1,lag5,refine_first_tau020_before_gate,0.2,same_frozen_tau_same_unique_input_full,0.24,18,38,,0.1764705882352941,0.4,0.4,30,50
20211102A04_1,lag5,refine_first_tau020_after_gate,0.2,same_frozen_tau_same_unique_input_full,0.24,18,38,,0.1764705882352941,0.4,0.4,30,50
20211102A04_1,lag10,refine_first_tau020_before_gate,0.2,same_frozen_tau_same_unique_input_full,0.24,18,38,,0.1764705882352941,0.4,0.4,30,50
20211102A04_1,lag10,refine_first_tau020_after_gate,0.2,same_frozen_tau_same_unique_input_full,0.24,18,38,,0.1764705882352941,0.4,0.4,30,50
20211102A04_1,lag30,refine_first_tau020_before_gate,0.2,same_frozen_tau_same_unique_input_full,0.28,16,36,,0.2121212121212121,0.4666666666666667,0.4666666666666667,30,50
20211102A04_1,lag30,refine_first_tau020_after_gate,0.2,same_frozen_tau_same_unique_input_full,0.28,16,36,,0.2121212121212121,0.4666666666666667,0.4666666666666667,30,50
20211102A04_1,lag60,refine_first_tau020_before_gate,0.2,same_frozen_tau_same_unique_input_full,0.3,15,35,,0.2307692307692307,0.5,0.5,30,50
20211102A04_1,lag60,refine_first_tau020_after_gate,0.2,same_frozen_tau_same_unique_input_full,0.3,15,35,,0.2307692307692307,0.5,0.5,30,50
20211102A04_1,lag120,refine_first_tau020_before_gate,0.2,same_frozen_tau_same_unique_input_full,0.7916666666666666,11,5,,0.5428571428571428,0.6333333333333333,0.7916666666666666,30,24
20211102A04_1,lag120,refine_first_tau020_after_gate,0.2,same_frozen_tau_same_unique_input_full,0.7916666666666666,11,5,,0.5428571428571428,0.6333333333333333,0.7916666666666666,30,24
20211102A04_1,lag300,refine_first_tau020_before_gate,0.2,same_frozen_tau_same_unique_input_full,0.9666666666666668,1,1,,0.935483870967742,0.9666666666666668,0.9666666666666668,30,30
20211102A04_1,lag300,refine_first_tau020_after_gate,0.2,same_frozen_tau_same_unique_input_full,0.9666666666666668,1,1,,0.935483870967742,0.9666666666666668,0.9666666666666668,30,30
20211102A04_1,full,refine_first_tau020_before_gate,0.2,same_frozen_tau_same_unique_input_full,1.0,0,0,,1.0,1.0,1.0,30,30
20211102A04_1,full,refine_first_tau020_after_gate,0.2,same_frozen_tau_same_unique_input_full,1.0,0,0,,1.0,1.0,1.0,30,30
20211102A06_1,lag0,refine_first_tau020_before_gate,0.2,same_frozen_tau_same_unique_input_full,0.8235294117647058,19,6,,0.5283018867924528,0.5957446808510638,0.8235294117647058,47,34
20211102A06_1,lag0,refine_first_tau020_after_gate,0.2,same_frozen_tau_same_unique_input_full,0.8235294117647058,19,6,,0.5283018867924528,0.5957446808510638,0.8235294117647058,47,34
20211102A06_1,lag1,refine_first_tau020_before_gate,0.2,same_frozen_tau_same_unique_input_full,0.7567567567567568,19,9,,0.5,0.5957446808510638,0.7567567567567568,47,37
20211102A06_1,lag1,refine_first_tau020_after_gate,0.2,same_frozen_tau_same_unique_input_full,0.7567567567567568,19,9,,0.5,0.5957446808510638,0.7567567567567568,47,37
20211102A06_1,lag2,refine_first_tau020_before_gate,0.2,same_frozen_tau_same_unique_input_full,0.7368421052631579,19,10,,0.4912280701754385,0.5957446808510638,0.7368421052631579,47,38
20211102A06_1,lag2,refine_first_tau020_after_gate,0.2,same_frozen_tau_same_unique_input_full,0.7368421052631579,19,10,,0.4912280701754385,0.5957446808510638,0.7368421052631579,47,38
20211102A06_1,lag5,refine_first_tau020_before_gate,0.2,same_frozen_tau_same_unique_input_full,0.8108108108108109,17,7,,0.5555555555555556,0.6382978723404256,0.8108108108108109,47,37
20211102A06_1,lag5,refine_first_tau020_after_gate,0.2,same_frozen_tau_same_unique_input_full,0.8108108108108109,17,7,,0.5555555555555556,0.6382978723404256,0.8108108108108109,47,37
20211102A06_1,lag10,refine_first_tau020_before_gate,0.2,same_frozen_tau_same_unique_input_full,0.7894736842105263,17,8,,0.5454545454545454,0.6382978723404256,0.7894736842105263,47,38
20211102A06_1,lag10,refine_first_tau020_after_gate,0.2,same_frozen_tau_same_unique_input_full,0.7894736842105263,17,8,,0.5454545454545454,0.6382978723404256,0.7894736842105263,47,38
20211102A06_1,lag30,refine_first_tau020_before_gate,0.2,same_frozen_tau_same_unique_input_full,0.9393939393939394,16,2,,0.6326530612244898,0.6595744680851063,0.9393939393939394,47,33
20211102A06_1,lag30,refine_first_tau020_after_gate,0.2,same_frozen_tau_same_unique_input_full,0.9393939393939394,16,2,,0.6326530612244898,0.6595744680851063,0.9393939393939394,47,33
20211102A06_1,lag60,refine_first_tau020_before_gate,0.2,same_frozen_tau_same_unique_input_full,0.9393939393939394,16,2,,0.6326530612244898,0.6595744680851063,0.9393939393939394,47,33
20211102A06_1,lag60,refine_first_tau020_after_gate,0.2,same_frozen_tau_same_unique_input_full,0.9393939393939394,16,2,,0.6326530612244898,0.6595744680851063,0.9393939393939394,47,33
20211102A06_1,lag120,refine_first_tau020_before_gate,0.2,same_frozen_tau_same_unique_input_full,0.9393939393939394,16,2,,0.6326530612244898,0.6595744680851063,0.9393939393939394,47,33
20211102A06_1,lag120,refine_first_tau020_after_gate,0.2,same_frozen_tau_same_unique_input_full,0.9393939393939394,16,2,,0.6326530612244898,0.6595744680851063,0.9393939393939394,47,33
20211102A06_1,lag300,refine_first_tau020_before_gate,0.2,same_frozen_tau_same_unique_input_full,1.0,0,0,,1.0,1.0,1.0,47,47
20211102A06_1,lag300,refine_first_tau020_after_gate,0.2,same_frozen_tau_same_unique_input_full,1.0,0,0,,1.0,1.0,1.0,47,47
20211102A06_1,full,refine_first_tau020_before_gate,0.2,same_frozen_tau_same_unique_input_full,1.0,0,0,,1.0,1.0,1.0,47,47
20211102A06_1,full,refine_first_tau020_after_gate,0.2,same_frozen_tau_same_unique_input_full,1.0,0,0,,1.0,1.0,1.0,47,47
20211102A11_1,lag0,refine_first_tau020_before_gate,0.2,same_frozen_tau_same_unique_input_full,0.2,19,36,,0.140625,0.3214285714285714,0.3214285714285714,28,45
20211102A11_1,lag0,refine_first_tau020_after_gate,0.2,same_frozen_tau_same_unique_input_full,0.2,19,36,,0.140625,0.3214285714285714,0.3214285714285714,28,45
20211102A11_1,lag1,refine_first_tau020_before_gate,0.2,same_frozen_tau_same_unique_input_full,0.1333333333333333,22,39,,0.0895522388059701,0.2142857142857142,0.2142857142857142,28,45
20211102A11_1,lag1,refine_first_tau020_after_gate,0.2,same_frozen_tau_same_unique_input_full,0.1333333333333333,22,39,,0.0895522388059701,0.2142857142857142,0.2142857142857142,28,45
20211102A11_1,lag2,refine_first_tau020_before_gate,0.2,same_frozen_tau_same_unique_input_full,0.1333333333333333,22,39,,0.0895522388059701,0.2142857142857142,0.2142857142857142,28,45
20211102A11_1,lag2,refine_first_tau020_after_gate,0.2,same_frozen_tau_same_unique_input_full,0.1333333333333333,22,39,,0.0895522388059701,0.2142857142857142,0.2142857142857142,28,45
20211102A11_1,lag5,refine_first_tau020_before_gate,0.2,same_frozen_tau_same_unique_input_full,0.1111111111111111,23,40,,0.0735294117647058,0.1785714285714285,0.1785714285714285,28,45
20211102A11_1,lag5,refine_first_tau020_after_gate,0.2,same_frozen_tau_same_unique_input_full,0.1111111111111111,23,40,,0.0735294117647058,0.1785714285714285,0.1785714285714285,28,45
20211102A11_1,lag10,refine_first_tau020_before_gate,0.2,same_frozen_tau_same_unique_input_full,0.0909090909090909,24,40,,0.0588235294117647,0.1428571428571428,0.1428571428571428,28,44
20211102A11_1,lag10,refine_first_tau020_after_gate,0.2,same_frozen_tau_same_unique_input_full,0.0909090909090909,24,40,,0.0588235294117647,0.1428571428571428,0.1428571428571428,28,44
20211102A11_1,lag30,refine_first_tau020_before_gate,0.2,same_frozen_tau_same_unique_input_full,0.1219512195121951,23,36,,0.078125,0.1785714285714285,0.1785714285714285,28,41
20211102A11_1,lag30,refine_first_tau020_after_gate,0.2,same_frozen_tau_same_unique_input_full,0.1219512195121951,23,36,,0.078125,0.1785714285714285,0.1785714285714285,28,41
20211102A11_1,lag60,refine_first_tau020_before_gate,0.2,same_frozen_tau_same_unique_input_full,0.2444444444444444,17,34,,0.1774193548387097,0.3928571428571428,0.3928571428571428,28,45
20211102A11_1,lag60,refine_first_tau020_after_gate,0.2,same_frozen_tau_same_unique_input_full,0.2444444444444444,17,34,,0.1774193548387097,0.3928571428571428,0.3928571428571428,28,45
20211102A11_1,lag120,refine_first_tau020_before_gate,0.2,same_frozen_tau_same_unique_input_full,0.7407407407407407,8,7,,0.5714285714285714,0.7142857142857143,0.7407407407407407,28,27
20211102A11_1,lag120,refine_first_tau020_after_gate,0.2,same_frozen_tau_same_unique_input_full,0.7407407407407407,8,7,,0.5714285714285714,0.7142857142857143,0.7407407407407407,28,27
20211102A11_1,lag300,refine_first_tau020_before_gate,0.2,same_frozen_tau_same_unique_input_full,1.0,0,0,,1.0,1.0,1.0,28,28
20211102A11_1,lag300,refine_first_tau020_after_gate,0.2,same_frozen_tau_same_unique_input_full,1.0,0,0,,1.0,1.0,1.0,28,28
20211102A11_1,full,refine_first_tau020_before_gate,0.2,same_frozen_tau_same_unique_input_full,1.0,0,0,,1.0,1.0,1.0,28,28
20211102A11_1,full,refine_first_tau020_after_gate,0.2,same_frozen_tau_same_unique_input_full,1.0,0,0,,1.0,1.0,1.0,28,28
20211102A12_1,lag0,refine_first_tau020_before_gate,0.2,same_frozen_tau_same_unique_input_full,0.9583333333333334,9,1,,0.696969696969697,0.71875,0.9583333333333334,32,24
20211102A12_1,lag0,refine_first_tau020_after_gate,0.2,same_frozen_tau_same_unique_input_full,0.9583333333333334,9,1,,0.696969696969697,0.71875,0.9583333333333334,32,24
20211102A12_1,lag1,refine_first_tau020_before_gate,0.2,same_frozen_tau_same_unique_input_full,1.0,8,0,,0.75,0.75,1.0,32,24
20211102A12_1,lag1,refine_first_tau020_after_gate,0.2,same_frozen_tau_same_unique_input_full,1.0,8,0,,0.75,0.75,1.0,32,24
20211102A12_1,lag2,refine_first_tau020_before_gate,0.2,same_frozen_tau_same_unique_input_full,1.0,8,0,,0.75,0.75,1.0,32,24
20211102A12_1,lag2,refine_first_tau020_after_gate,0.2,same_frozen_tau_same_unique_input_full,1.0,8,0,,0.75,0.75,1.0,32,24
20211102A12_1,lag5,refine_first_tau020_before_gate,0.2,same_frozen_tau_same_unique_input_full,1.0,3,0,,0.90625,0.90625,1.0,32,29
20211102A12_1,lag5,refine_first_tau020_after_gate,0.2,same_frozen_tau_same_unique_input_full,1.0,3,0,,0.90625,0.90625,1.0,32,29
20211102A12_1,lag10,refine_first_tau020_before_gate,0.2,same_frozen_tau_same_unique_input_full,1.0,3,0,,0.90625,0.90625,1.0,32,29
20211102A12_1,lag10,refine_first_tau020_after_gate,0.2,same_frozen_tau_same_unique_input_full,1.0,3,0,,0.90625,0.90625,1.0,32,29
20211102A12_1,lag30,refine_first_tau020_before_gate,0.2,same_frozen_tau_same_unique_input_full,1.0,3,0,,0.90625,0.90625,1.0,32,29
20211102A12_1,lag30,refine_first_tau020_after_gate,0.2,same_frozen_tau_same_unique_input_full,1.0,3,0,,0.90625,0.90625,1.0,32,29
20211102A12_1,lag60,refine_first_tau020_before_gate,0.2,same_frozen_tau_same_unique_input_full,0.9655172413793104,4,1,,0.8484848484848485,0.875,0.9655172413793104,32,29
20211102A12_1,lag60,refine_first_tau020_after_gate,0.2,same_frozen_tau_same_unique_input_full,0.9655172413793104,4,1,,0.8484848484848485,0.875,0.9655172413793104,32,29
20211102A12_1,lag120,refine_first_tau020_before_gate,0.2,same_frozen_tau_same_unique_input_full,0.9411764705882352,0,2,,0.9411764705882352,1.0,1.0,32,34
20211102A12_1,lag120,refine_first_tau020_after_gate,0.2,same_frozen_tau_same_unique_input_full,0.9411764705882352,0,2,,0.9411764705882352,1.0,1.0,32,34
20211102A12_1,lag300,refine_first_tau020_before_gate,0.2,same_frozen_tau_same_unique_input_full,1.0,0,0,,1.0,1.0,1.0,32,32
20211102A12_1,lag300,refine_first_tau020_after_gate,0.2,same_frozen_tau_same_unique_input_full,1.0,0,0,,1.0,1.0,1.0,32,32
20211102A12_1,full,refine_first_tau020_before_gate,0.2,same_frozen_tau_same_unique_input_full,1.0,0,0,,1.0,1.0,1.0,32,32
20211102A12_1,full,refine_first_tau020_after_gate,0.2,same_frozen_tau_same_unique_input_full,1.0,0,0,,1.0,1.0,1.0,32,32
20211106A01_1,lag0,refine_first_tau020_before_gate,0.2,same_frozen_tau_same_unique_input_full,0.8484848484848485,2,5,,0.8,0.9333333333333332,0.9333333333333332,30,33
20211106A01_1,lag0,refine_first_tau020_after_gate,0.2,same_frozen_tau_same_unique_input_full,0.8484848484848485,2,5,,0.8,0.9333333333333332,0.9333333333333332,30,33
20211106A01_1,lag1,refine_first_tau020_before_gate,0.2,same_frozen_tau_same_unique_input_full,0.84375,3,5,,0.7714285714285715,0.9,0.9,30,32
20211106A01_1,lag1,refine_first_tau020_after_gate,0.2,same_frozen_tau_same_unique_input_full,0.84375,3,5,,0.7714285714285715,0.9,0.9,30,32
20211106A01_1,lag2,refine_first_tau020_before_gate,0.2,same_frozen_tau_same_unique_input_full,0.9,3,3,,0.8181818181818182,0.9,0.9,30,30
20211106A01_1,lag2,refine_first_tau020_after_gate,0.2,same_frozen_tau_same_unique_input_full,0.9,3,3,,0.8181818181818182,0.9,0.9,30,30
20211106A01_1,lag5,refine_first_tau020_before_gate,0.2,same_frozen_tau_same_unique_input_full,0.9666666666666668,1,1,,0.935483870967742,0.9666666666666668,0.9666666666666668,30,30
20211106A01_1,lag5,refine_first_tau020_after_gate,0.2,same_frozen_tau_same_unique_input_full,0.9666666666666668,1,1,,0.935483870967742,0.9666666666666668,0.9666666666666668,30,30
20211106A01_1,lag10,refine_first_tau020_before_gate,0.2,same_frozen_tau_same_unique_input_full,1.0,0,0,,1.0,1.0,1.0,30,30
20211106A01_1,lag10,refine_first_tau020_after_gate,0.2,same_frozen_tau_same_unique_input_full,1.0,0,0,,1.0,1.0,1.0,30,30
20211106A01_1,lag30,refine_first_tau020_before_gate,0.2,same_frozen_tau_same_unique_input_full,1.0,0,0,,1.0,1.0,1.0,30,30
20211106A01_1,lag30,refine_first_tau020_after_gate,0.2,same_frozen_tau_same_unique_input_full,1.0,0,0,,1.0,1.0,1.0,30,30
20211106A01_1,lag60,refine_first_tau020_before_gate,0.2,same_frozen_tau_same_unique_input_full,1.0,0,0,,1.0,1.0,1.0,30,30
20211106A01_1,lag60,refine_first_tau020_after_gate,0.2,same_frozen_tau_same_unique_input_full,1.0,0,0,,1.0,1.0,1.0,30,30
20211106A01_1,lag120,refine_first_tau020_before_gate,0.2,same_frozen_tau_same_unique_input_full,1.0,0,0,,1.0,1.0,1.0,30,30
20211106A01_1,lag120,refine_first_tau020_after_gate,0.2,same_frozen_tau_same_unique_input_full,1.0,0,0,,1.0,1.0,1.0,30,30
20211106A01_1,lag300,refine_first_tau020_before_gate,0.2,same_frozen_tau_same_unique_input_full,1.0,0,0,,1.0,1.0,1.0,30,30
20211106A01_1,lag300,refine_first_tau020_after_gate,0.2,same_frozen_tau_same_unique_input_full,1.0,0,0,,1.0,1.0,1.0,30,30
20211106A01_1,full,refine_first_tau020_before_gate,0.2,same_frozen_tau_same_unique_input_full,1.0,0,0,,1.0,1.0,1.0,30,30
20211106A01_1,full,refine_first_tau020_after_gate,0.2,same_frozen_tau_same_unique_input_full,1.0,0,0,,1.0,1.0,1.0,30,30
20211106A07_1,lag0,refine_first_tau020_before_gate,0.2,same_frozen_tau_same_unique_input_full,0.2909090909090909,36,39,,0.1758241758241758,0.3076923076923077,0.3076923076923077,52,55
20211106A07_1,lag0,refine_first_tau020_after_gate,0.2,same_frozen_tau_same_unique_input_full,0.2909090909090909,36,39,,0.1758241758241758,0.3076923076923077,0.3076923076923077,52,55
20211106A07_1,lag1,refine_first_tau020_before_gate,0.2,same_frozen_tau_same_unique_input_full,0.3157894736842105,34,39,,0.1978021978021978,0.3461538461538461,0.3461538461538461,52,57
20211106A07_1,lag1,refine_first_tau020_after_gate,0.2,same_frozen_tau_same_unique_input_full,0.3157894736842105,34,39,,0.1978021978021978,0.3461538461538461,0.3461538461538461,52,57
20211106A07_1,lag2,refine_first_tau020_before_gate,0.2,same_frozen_tau_same_unique_input_full,0.2857142857142857,36,40,,0.1739130434782608,0.3076923076923077,0.3076923076923077,52,56
20211106A07_1,lag2,refine_first_tau020_after_gate,0.2,same_frozen_tau_same_unique_input_full,0.2857142857142857,36,40,,0.1739130434782608,0.3076923076923077,0.3076923076923077,52,56
20211106A07_1,lag5,refine_first_tau020_before_gate,0.2,same_frozen_tau_same_unique_input_full,0.2666666666666666,36,44,,0.1666666666666666,0.3076923076923077,0.3076923076923077,52,60
20211106A07_1,lag5,refine_first_tau020_after_gate,0.2,same_frozen_tau_same_unique_input_full,0.2666666666666666,36,44,,0.1666666666666666,0.3076923076923077,0.3076923076923077,52,60
20211106A07_1,lag10,refine_first_tau020_before_gate,0.2,same_frozen_tau_same_unique_input_full,0.3076923076923077,36,36,,0.1818181818181818,0.3076923076923077,0.3076923076923077,52,52
20211106A07_1,lag10,refine_first_tau020_after_gate,0.2,same_frozen_tau_same_unique_input_full,0.3076923076923077,36,36,,0.1818181818181818,0.3076923076923077,0.3076923076923077,52,52
20211106A07_1,lag30,refine_first_tau020_before_gate,0.2,same_frozen_tau_same_unique_input_full,0.2878787878787879,33,47,,0.1919191919191919,0.3653846153846153,0.3653846153846153,52,66
20211106A07_1,lag30,refine_first_tau020_after_gate,0.2,same_frozen_tau_same_unique_input_full,0.2878787878787879,33,47,,0.1919191919191919,0.3653846153846153,0.3653846153846153,52,66
20211106A07_1,lag60,refine_first_tau020_before_gate,0.2,same_frozen_tau_same_unique_input_full,0.2876712328767123,31,52,,0.2019230769230769,0.4038461538461538,0.4038461538461538,52,73
20211106A07_1,lag60,refine_first_tau020_after_gate,0.2,same_frozen_tau_same_unique_input_full,0.2876712328767123,31,52,,0.2019230769230769,0.4038461538461538,0.4038461538461538,52,73
20211106A07_1,lag120,refine_first_tau020_before_gate,0.2,same_frozen_tau_same_unique_input_full,0.8,12,10,,0.6451612903225806,0.7692307692307693,0.8,52,50
20211106A07_1,lag120,refine_first_tau020_after_gate,0.2,same_frozen_tau_same_unique_input_full,0.8,12,10,,0.6451612903225806,0.7692307692307693,0.8,52,50
20211106A07_1,lag300,refine_first_tau020_before_gate,0.2,same_frozen_tau_same_unique_input_full,1.0,1,0,,0.9807692307692308,0.9807692307692308,1.0,52,51
20211106A07_1,lag300,refine_first_tau020_after_gate,0.2,same_frozen_tau_same_unique_input_full,1.0,1,0,,0.9807692307692308,0.9807692307692308,1.0,52,51
20211106A07_1,full,refine_first_tau020_before_gate,0.2,same_frozen_tau_same_unique_input_full,1.0,0,0,,1.0,1.0,1.0,52,52
20211106A07_1,full,refine_first_tau020_after_gate,0.2,same_frozen_tau_same_unique_input_full,1.0,0,0,,1.0,1.0,1.0,52,52
20211106A09_1,lag0,refine_first_tau020_before_gate,0.2,same_frozen_tau_same_unique_input_full,0.4878048780487805,21,21,,0.3225806451612903,0.4878048780487805,0.4878048780487805,41,41
20211106A09_1,lag0,refine_first_tau020_after_gate,0.2,same_frozen_tau_same_unique_input_full,0.4878048780487805,21,21,,0.3225806451612903,0.4878048780487805,0.4878048780487805,41,41
20211106A09_1,lag1,refine_first_tau020_before_gate,0.2,same_frozen_tau_same_unique_input_full,0.7391304347826086,24,6,,0.3617021276595745,0.4146341463414634,0.7391304347826086,41,23
20211106A09_1,lag1,refine_first_tau020_after_gate,0.2,same_frozen_tau_same_unique_input_full,0.7391304347826086,24,6,,0.3617021276595745,0.4146341463414634,0.7391304347826086,41,23
20211106A09_1,lag2,refine_first_tau020_before_gate,0.2,same_frozen_tau_same_unique_input_full,0.76,22,6,,0.4042553191489361,0.4634146341463415,0.76,41,25
20211106A09_1,lag2,refine_first_tau020_after_gate,0.2,same_frozen_tau_same_unique_input_full,0.76,22,6,,0.4042553191489361,0.4634146341463415,0.76,41,25
20211106A09_1,lag5,refine_first_tau020_before_gate,0.2,same_frozen_tau_same_unique_input_full,0.782608695652174,23,5,,0.391304347826087,0.4390243902439024,0.782608695652174,41,23
20211106A09_1,lag5,refine_first_tau020_after_gate,0.2,same_frozen_tau_same_unique_input_full,0.782608695652174,23,5,,0.391304347826087,0.4390243902439024,0.782608695652174,41,23
20211106A09_1,lag10,refine_first_tau020_before_gate,0.2,same_frozen_tau_same_unique_input_full,0.71875,18,9,,0.46,0.5609756097560976,0.71875,41,32
20211106A09_1,lag10,refine_first_tau020_after_gate,0.2,same_frozen_tau_same_unique_input_full,0.71875,18,9,,0.46,0.5609756097560976,0.71875,41,32
20211106A09_1,lag30,refine_first_tau020_before_gate,0.2,same_frozen_tau_same_unique_input_full,0.8709677419354839,14,4,,0.6,0.6585365853658537,0.8709677419354839,41,31
20211106A09_1,lag30,refine_first_tau020_after_gate,0.2,same_frozen_tau_same_unique_input_full,0.8709677419354839,14,4,,0.6,0.6585365853658537,0.8709677419354839,41,31
20211106A09_1,lag60,refine_first_tau020_before_gate,0.2,same_frozen_tau_same_unique_input_full,0.902439024390244,4,4,,0.8222222222222222,0.902439024390244,0.902439024390244,41,41
20211106A09_1,lag60,refine_first_tau020_after_gate,0.2,same_frozen_tau_same_unique_input_full,0.902439024390244,4,4,,0.8222222222222222,0.902439024390244,0.902439024390244,41,41
20211106A09_1,lag120,refine_first_tau020_before_gate,0.2,same_frozen_tau_same_unique_input_full,0.951219512195122,2,2,,0.9069767441860463,0.951219512195122,0.951219512195122,41,41
20211106A09_1,lag120,refine_first_tau020_after_gate,0.2,same_frozen_tau_same_unique_input_full,0.951219512195122,2,2,,0.9069767441860463,0.951219512195122,0.951219512195122,41,41
20211106A09_1,lag300,refine_first_tau020_before_gate,0.2,same_frozen_tau_same_unique_input_full,1.0,0,0,,1.0,1.0,1.0,41,41
20211106A09_1,lag300,refine_first_tau020_after_gate,0.2,same_frozen_tau_same_unique_input_full,1.0,0,0,,1.0,1.0,1.0,41,41
20211106A09_1,full,refine_first_tau020_before_gate,0.2,same_frozen_tau_same_unique_input_full,1.0,0,0,,1.0,1.0,1.0,41,41
20211106A09_1,full,refine_first_tau020_after_gate,0.2,same_frozen_tau_same_unique_input_full,1.0,0,0,,1.0,1.0,1.0,41,41
20211109A07_1,lag0,refine_first_tau020_before_gate,0.2,same_frozen_tau_same_unique_input_full,0.7105263157894737,10,11,,0.5625,0.7297297297297297,0.7297297297297297,37,38
20211109A07_1,lag0,refine_first_tau020_after_gate,0.2,same_frozen_tau_same_unique_input_full,0.7105263157894737,10,11,,0.5625,0.7297297297297297,0.7297297297297297,37,38
20211109A07_1,lag1,refine_first_tau020_before_gate,0.2,same_frozen_tau_same_unique_input_full,0.8421052631578947,5,6,,0.7441860465116279,0.8648648648648649,0.8648648648648649,37,38
20211109A07_1,lag1,refine_first_tau020_after_gate,0.2,same_frozen_tau_same_unique_input_full,0.8421052631578947,5,6,,0.7441860465116279,0.8648648648648649,0.8648648648648649,37,38
20211109A07_1,lag2,refine_first_tau020_before_gate,0.2,same_frozen_tau_same_unique_input_full,0.9444444444444444,3,2,,0.8717948717948718,0.918918918918919,0.9444444444444444,37,36
20211109A07_1,lag2,refine_first_tau020_after_gate,0.2,same_frozen_tau_same_unique_input_full,0.9444444444444444,3,2,,0.8717948717948718,0.918918918918919,0.9444444444444444,37,36
20211109A07_1,lag5,refine_first_tau020_before_gate,0.2,same_frozen_tau_same_unique_input_full,0.945945945945946,2,2,,0.8974358974358975,0.945945945945946,0.945945945945946,37,37
20211109A07_1,lag5,refine_first_tau020_after_gate,0.2,same_frozen_tau_same_unique_input_full,0.945945945945946,2,2,,0.8974358974358975,0.945945945945946,0.945945945945946,37,37
20211109A07_1,lag10,refine_first_tau020_before_gate,0.2,same_frozen_tau_same_unique_input_full,0.945945945945946,2,2,,0.8974358974358975,0.945945945945946,0.945945945945946,37,37
20211109A07_1,lag10,refine_first_tau020_after_gate,0.2,same_frozen_tau_same_unique_input_full,0.945945945945946,2,2,,0.8974358974358975,0.945945945945946,0.945945945945946,37,37
20211109A07_1,lag30,refine_first_tau020_before_gate,0.2,same_frozen_tau_same_unique_input_full,0.9473684210526316,1,2,,0.9230769230769232,0.972972972972973,0.972972972972973,37,38
20211109A07_1,lag30,refine_first_tau020_after_gate,0.2,same_frozen_tau_same_unique_input_full,0.9473684210526316,1,2,,0.9230769230769232,0.972972972972973,0.972972972972973,37,38
20211109A07_1,lag60,refine_first_tau020_before_gate,0.2,same_frozen_tau_same_unique_input_full,0.9736842105263158,0,1,,0.9736842105263158,1.0,1.0,37,38
20211109A07_1,lag60,refine_first_tau020_after_gate,0.2,same_frozen_tau_same_unique_input_full,0.9736842105263158,0,1,,0.9736842105263158,1.0,1.0,37,38
20211109A07_1,lag120,refine_first_tau020_before_gate,0.2,same_frozen_tau_same_unique_input_full,0.9736842105263158,0,1,,0.9736842105263158,1.0,1.0,37,38
20211109A07_1,lag120,refine_first_tau020_after_gate,0.2,same_frozen_tau_same_unique_input_full,0.9736842105263158,0,1,,0.9736842105263158,1.0,1.0,37,38
20211109A07_1,lag300,refine_first_tau020_before_gate,0.2,same_frozen_tau_same_unique_input_full,1.0,0,0,,1.0,1.0,1.0,37,37
20211109A07_1,lag300,refine_first_tau020_after_gate,0.2,same_frozen_tau_same_unique_input_full,1.0,0,0,,1.0,1.0,1.0,37,37
20211109A07_1,full,refine_first_tau020_before_gate,0.2,same_frozen_tau_same_unique_input_full,1.0,0,0,,1.0,1.0,1.0,37,37
20211109A07_1,full,refine_first_tau020_after_gate,0.2,same_frozen_tau_same_unique_input_full,1.0,0,0,,1.0,1.0,1.0,37,37
20220412A06_1,lag0,refine_first_tau020_before_gate,0.2,same_frozen_tau_same_unique_input_full,0.9285714285714286,13,3,,0.7090909090909091,0.75,0.9285714285714286,52,42
20220412A06_1,lag0,refine_first_tau020_after_gate,0.2,same_frozen_tau_same_unique_input_full,0.9285714285714286,13,3,,0.7090909090909091,0.75,0.9285714285714286,52,42
20220412A06_1,lag1,refine_first_tau020_before_gate,0.2,same_frozen_tau_same_unique_input_full,0.9565217391304348,8,2,,0.8148148148148148,0.8461538461538461,0.9565217391304348,52,46
20220412A06_1,lag1,refine_first_tau020_after_gate,0.2,same_frozen_tau_same_unique_input_full,0.9565217391304348,8,2,,0.8148148148148148,0.8461538461538461,0.9565217391304348,52,46
20220412A06_1,lag2,refine_first_tau020_before_gate,0.2,same_frozen_tau_same_unique_input_full,0.9565217391304348,8,2,,0.8148148148148148,0.8461538461538461,0.9565217391304348,52,46
20220412A06_1,lag2,refine_first_tau020_after_gate,0.2,same_frozen_tau_same_unique_input_full,0.9565217391304348,8,2,,0.8148148148148148,0.8461538461538461,0.9565217391304348,52,46
20220412A06_1,lag5,refine_first_tau020_before_gate,0.2,same_frozen_tau_same_unique_input_full,0.9534883720930232,11,2,,0.7592592592592593,0.7884615384615384,0.9534883720930232,52,43
20220412A06_1,lag5,refine_first_tau020_after_gate,0.2,same_frozen_tau_same_unique_input_full,0.9534883720930232,11,2,,0.7592592592592593,0.7884615384615384,0.9534883720930232,52,43
20220412A06_1,lag10,refine_first_tau020_before_gate,0.2,same_frozen_tau_same_unique_input_full,0.9523809523809524,12,2,,0.7407407407407407,0.7692307692307693,0.9523809523809524,52,42
20220412A06_1,lag10,refine_first_tau020_after_gate,0.2,same_frozen_tau_same_unique_input_full,0.9523809523809524,12,2,,0.7407407407407407,0.7692307692307693,0.9523809523809524,52,42
20220412A06_1,lag30,refine_first_tau020_before_gate,0.2,same_frozen_tau_same_unique_input_full,0.96,4,2,,0.8888888888888888,0.9230769230769232,0.96,52,50
20220412A06_1,lag30,refine_first_tau020_after_gate,0.2,same_frozen_tau_same_unique_input_full,0.96,4,2,,0.8888888888888888,0.9230769230769232,0.96,52,50
20220412A06_1,lag60,refine_first_tau020_before_gate,0.2,same_frozen_tau_same_unique_input_full,1.0,0,0,,1.0,1.0,1.0,52,52
20220412A06_1,lag60,refine_first_tau020_after_gate,0.2,same_frozen_tau_same_unique_input_full,1.0,0,0,,1.0,1.0,1.0,52,52
20220412A06_1,lag120,refine_first_tau020_before_gate,0.2,same_frozen_tau_same_unique_input_full,1.0,0,0,,1.0,1.0,1.0,52,52
20220412A06_1,lag120,refine_first_tau020_after_gate,0.2,same_frozen_tau_same_unique_input_full,1.0,0,0,,1.0,1.0,1.0,52,52
20220412A06_1,lag300,refine_first_tau020_before_gate,0.2,same_frozen_tau_same_unique_input_full,1.0,0,0,,1.0,1.0,1.0,52,52
20220412A06_1,lag300,refine_first_tau020_after_gate,0.2,same_frozen_tau_same_unique_input_full,1.0,0,0,,1.0,1.0,1.0,52,52
20220412A06_1,full,refine_first_tau020_before_gate,0.2,same_frozen_tau_same_unique_input_full,1.0,0,0,,1.0,1.0,1.0,52,52
20220412A06_1,full,refine_first_tau020_after_gate,0.2,same_frozen_tau_same_unique_input_full,1.0,0,0,,1.0,1.0,1.0,52,52
