input,condition,method,f1,network
V02_baseline,baseline,AstroMicroNet,0.9615384615384616,2
V02_baseline,baseline,Rombach,0.8260869565217391,2
V02_noise_0.1,noise_0.1,AstroMicroNet,0.9615384615384616,2
V02_noise_0.1,noise_0.1,Rombach,0.8260869565217391,2
V02_noise_0.2,noise_0.2,AstroMicroNet,0.9615384615384616,2
V02_noise_0.2,noise_0.2,Rombach,0.8260869565217391,2
V02_overlap_0.75,overlap_0.75,AstroMicroNet,0.8888888888888888,2
V02_overlap_0.75,overlap_0.75,Rombach,0.8260869565217391,2
V01_baseline,baseline,AstroMicroNet,0.979591836734694,1
V01_baseline,baseline,Rombach,0.8636363636363636,1
V01_noise_0.1,noise_0.1,AstroMicroNet,0.979591836734694,1
V01_noise_0.1,noise_0.1,Rombach,0.8636363636363636,1
V01_noise_0.2,noise_0.2,AstroMicroNet,0.9130434782608696,1
V01_noise_0.2,noise_0.2,Rombach,0.8636363636363636,1
V01_overlap_0.75,overlap_0.75,AstroMicroNet,0.8627450980392157,1
V01_overlap_0.75,overlap_0.75,Rombach,0.6818181818181818,1
V03_baseline,baseline,AstroMicroNet,1.0,3
V03_baseline,baseline,Rombach,0.8636363636363636,3
V03_noise_0.1,noise_0.1,AstroMicroNet,0.979591836734694,3
V03_noise_0.1,noise_0.1,Rombach,0.8636363636363636,3
V03_noise_0.2,noise_0.2,AstroMicroNet,0.96,3
V03_noise_0.2,noise_0.2,Rombach,0.8636363636363636,3
V03_overlap_0.75,overlap_0.75,AstroMicroNet,0.8444444444444444,3
V03_overlap_0.75,overlap_0.75,Rombach,0.7272727272727273,3
V04_baseline,baseline,AstroMicroNet,0.9629629629629628,4
V04_baseline,baseline,Rombach,0.8085106382978723,4
V04_noise_0.1,noise_0.1,AstroMicroNet,0.9629629629629628,4
V04_noise_0.1,noise_0.1,Rombach,0.8085106382978723,4
V04_noise_0.2,noise_0.2,AstroMicroNet,0.9629629629629628,4
V04_noise_0.2,noise_0.2,Rombach,0.8085106382978723,4
V04_overlap_0.75,overlap_0.75,AstroMicroNet,0.7857142857142857,4
V04_overlap_0.75,overlap_0.75,Rombach,0.723404255319149,4
V06_baseline,baseline,AstroMicroNet,1.0,6
V06_baseline,baseline,Rombach,0.8636363636363636,6
V06_noise_0.1,noise_0.1,AstroMicroNet,0.9583333333333334,6
V06_noise_0.1,noise_0.1,Rombach,0.8636363636363636,6
V06_noise_0.2,noise_0.2,AstroMicroNet,0.9130434782608696,6
V06_noise_0.2,noise_0.2,Rombach,0.8636363636363636,6
V06_overlap_0.75,overlap_0.75,AstroMicroNet,0.9056603773584906,6
V06_overlap_0.75,overlap_0.75,Rombach,0.7272727272727273,6
V05_baseline,baseline,AstroMicroNet,0.9787234042553192,5
V05_baseline,baseline,Rombach,0.8837209302325582,5
V05_noise_0.1,noise_0.1,AstroMicroNet,0.9565217391304348,5
V05_noise_0.1,noise_0.1,Rombach,0.8837209302325582,5
V05_noise_0.2,noise_0.2,AstroMicroNet,0.8979591836734694,5
V05_noise_0.2,noise_0.2,Rombach,0.8837209302325582,5
V05_overlap_0.75,overlap_0.75,AstroMicroNet,0.7619047619047619,5
V05_overlap_0.75,overlap_0.75,Rombach,0.6976744186046512,5
V07_baseline,baseline,AstroMicroNet,0.9787234042553192,7
V07_baseline,baseline,Rombach,0.8837209302325582,7
V07_noise_0.1,noise_0.1,AstroMicroNet,0.9565217391304348,7
V07_noise_0.1,noise_0.1,Rombach,0.8837209302325582,7
V07_noise_0.2,noise_0.2,AstroMicroNet,0.8936170212765957,7
V07_noise_0.2,noise_0.2,Rombach,0.8837209302325582,7
V07_overlap_0.75,overlap_0.75,AstroMicroNet,0.8461538461538461,7
V07_overlap_0.75,overlap_0.75,Rombach,0.8837209302325582,7
V08_baseline,baseline,AstroMicroNet,0.96,8
V08_baseline,baseline,Rombach,0.8444444444444444,8
V08_noise_0.1,noise_0.1,AstroMicroNet,1.0,8
V08_noise_0.1,noise_0.1,Rombach,0.8444444444444444,8
V08_noise_0.2,noise_0.2,AstroMicroNet,0.96,8
V08_noise_0.2,noise_0.2,Rombach,0.8444444444444444,8
V08_overlap_0.75,overlap_0.75,AstroMicroNet,0.8333333333333334,8
V08_overlap_0.75,overlap_0.75,Rombach,0.7555555555555555,8
V09_baseline,baseline,AstroMicroNet,0.981132075471698,9
V09_baseline,baseline,Rombach,0.8260869565217391,9
V09_noise_0.1,noise_0.1,AstroMicroNet,0.9615384615384616,9
V09_noise_0.1,noise_0.1,Rombach,0.8260869565217391,9
V09_noise_0.2,noise_0.2,AstroMicroNet,0.9019607843137256,9
V09_noise_0.2,noise_0.2,Rombach,0.8260869565217391,9
V09_overlap_0.75,overlap_0.75,AstroMicroNet,0.8679245283018868,9
V09_overlap_0.75,overlap_0.75,Rombach,0.782608695652174,9
V10_baseline,baseline,AstroMicroNet,0.9433962264150944,10
V10_baseline,baseline,Rombach,0.8085106382978723,10
V10_noise_0.1,noise_0.1,AstroMicroNet,0.9818181818181818,10
V10_noise_0.1,noise_0.1,Rombach,0.8085106382978723,10
V10_noise_0.2,noise_0.2,AstroMicroNet,0.9433962264150944,10
V10_noise_0.2,noise_0.2,Rombach,0.8085106382978723,10
V10_overlap_0.75,overlap_0.75,AstroMicroNet,0.8,10
V10_overlap_0.75,overlap_0.75,Rombach,0.723404255319149,10
V11_baseline,baseline,AstroMicroNet,0.9818181818181818,11
V11_baseline,baseline,Rombach,0.8085106382978723,11
V11_noise_0.1,noise_0.1,AstroMicroNet,0.9818181818181818,11
V11_noise_0.1,noise_0.1,Rombach,0.8085106382978723,11
V11_noise_0.2,noise_0.2,AstroMicroNet,0.9230769230769232,11
V11_noise_0.2,noise_0.2,Rombach,0.8085106382978723,11
V11_overlap_0.75,overlap_0.75,AstroMicroNet,0.9285714285714286,11
V11_overlap_0.75,overlap_0.75,Rombach,0.7659574468085106,11
V12_baseline,baseline,AstroMicroNet,1.0,12
V12_baseline,baseline,Rombach,0.8636363636363636,12
V12_noise_0.1,noise_0.1,AstroMicroNet,0.9361702127659576,12
V12_noise_0.1,noise_0.1,Rombach,0.8636363636363636,12
V12_noise_0.2,noise_0.2,AstroMicroNet,0.9166666666666666,12
V12_noise_0.2,noise_0.2,Rombach,0.8636363636363636,12
V12_overlap_0.75,overlap_0.75,AstroMicroNet,0.8301886792452831,12
V12_overlap_0.75,overlap_0.75,Rombach,0.7272727272727273,12
V13_baseline,baseline,AstroMicroNet,1.0,13
V13_baseline,baseline,Rombach,0.8260869565217391,13
V13_noise_0.1,noise_0.1,AstroMicroNet,0.981132075471698,13
V13_noise_0.1,noise_0.1,Rombach,0.8260869565217391,13
V13_noise_0.2,noise_0.2,AstroMicroNet,0.9411764705882352,13
V13_noise_0.2,noise_0.2,Rombach,0.8260869565217391,13
V13_overlap_0.75,overlap_0.75,AstroMicroNet,0.8727272727272727,13
V13_overlap_0.75,overlap_0.75,Rombach,0.6956521739130435,13
V14_baseline,baseline,AstroMicroNet,0.9629629629629628,14
V14_baseline,baseline,Rombach,0.8085106382978723,14
V14_noise_0.1,noise_0.1,AstroMicroNet,0.9818181818181818,14
V14_noise_0.1,noise_0.1,Rombach,0.8085106382978723,14
V14_noise_0.2,noise_0.2,AstroMicroNet,0.9433962264150944,14
V14_noise_0.2,noise_0.2,Rombach,0.8085106382978723,14
V14_overlap_0.75,overlap_0.75,AstroMicroNet,0.76,14
V14_overlap_0.75,overlap_0.75,Rombach,0.7659574468085106,14
V15_baseline,baseline,AstroMicroNet,1.0,15
V15_baseline,baseline,Rombach,0.8837209302325582,15
V15_noise_0.1,noise_0.1,AstroMicroNet,0.979591836734694,15
V15_noise_0.1,noise_0.1,Rombach,0.8837209302325582,15
V15_noise_0.2,noise_0.2,AstroMicroNet,0.9565217391304348,15
V15_noise_0.2,noise_0.2,Rombach,0.8837209302325582,15
V15_overlap_0.75,overlap_0.75,AstroMicroNet,0.9166666666666666,15
V15_overlap_0.75,overlap_0.75,Rombach,0.7906976744186046,15
V16_baseline,baseline,AstroMicroNet,0.9583333333333334,16
V16_baseline,baseline,Rombach,0.8636363636363636,16
V16_noise_0.1,noise_0.1,AstroMicroNet,1.0,16
V16_noise_0.1,noise_0.1,Rombach,0.8636363636363636,16
V16_noise_0.2,noise_0.2,AstroMicroNet,0.9411764705882352,16
V16_noise_0.2,noise_0.2,Rombach,0.8636363636363636,16
V16_overlap_0.75,overlap_0.75,AstroMicroNet,0.9230769230769232,16
V16_overlap_0.75,overlap_0.75,Rombach,0.8181818181818182,16
V17_baseline,baseline,AstroMicroNet,0.979591836734694,17
V17_baseline,baseline,Rombach,0.8636363636363636,17
V17_noise_0.1,noise_0.1,AstroMicroNet,0.9583333333333334,17
V17_noise_0.1,noise_0.1,Rombach,0.8636363636363636,17
V17_noise_0.2,noise_0.2,AstroMicroNet,0.9361702127659576,17
V17_noise_0.2,noise_0.2,Rombach,0.8636363636363636,17
V17_overlap_0.75,overlap_0.75,AstroMicroNet,0.9411764705882352,17
V17_overlap_0.75,overlap_0.75,Rombach,0.8181818181818182,17
V18_baseline,baseline,AstroMicroNet,0.9333333333333332,18
V18_baseline,baseline,Rombach,0.8837209302325582,18
V18_noise_0.1,noise_0.1,AstroMicroNet,0.9090909090909092,18
V18_noise_0.1,noise_0.1,Rombach,0.8837209302325582,18
V18_noise_0.2,noise_0.2,AstroMicroNet,0.8181818181818182,18
V18_noise_0.2,noise_0.2,Rombach,0.8837209302325582,18
V18_overlap_0.75,overlap_0.75,AstroMicroNet,0.723404255319149,18
V18_overlap_0.75,overlap_0.75,Rombach,0.8372093023255814,18
V20_baseline,baseline,AstroMicroNet,0.9629629629629628,20
V20_baseline,baseline,Rombach,0.8085106382978723,20
V20_noise_0.1,noise_0.1,AstroMicroNet,0.9818181818181818,20
V20_noise_0.1,noise_0.1,Rombach,0.8085106382978723,20
V20_noise_0.2,noise_0.2,AstroMicroNet,0.9230769230769232,20
V20_noise_0.2,noise_0.2,Rombach,0.8085106382978723,20
V20_overlap_0.75,overlap_0.75,AstroMicroNet,0.8214285714285714,20
V20_overlap_0.75,overlap_0.75,Rombach,0.7659574468085106,20
V19_baseline,baseline,AstroMicroNet,0.9230769230769232,19
V19_baseline,baseline,Rombach,0.8085106382978723,19
V19_noise_0.1,noise_0.1,AstroMicroNet,1.0,19
V19_noise_0.1,noise_0.1,Rombach,0.8085106382978723,19
V19_noise_0.2,noise_0.2,AstroMicroNet,0.9629629629629628,19
V19_noise_0.2,noise_0.2,Rombach,0.8085106382978723,19
V19_overlap_0.75,overlap_0.75,AstroMicroNet,0.8076923076923077,19
V19_overlap_0.75,overlap_0.75,Rombach,0.8085106382978723,19
V01_baseline,baseline,BE,0.8620689655172413,1
V01_noise_0.1,noise_0.1,BE,0.746268656716418,1
V01_noise_0.2,noise_0.2,BE,0.625,1
V01_overlap_0.75,overlap_0.75,BE,0.7692307692307693,1
V02_baseline,baseline,BE,0.7941176470588235,2
V02_noise_0.1,noise_0.1,BE,0.6506024096385542,2
V02_noise_0.2,noise_0.2,BE,0.5684210526315789,2
V02_overlap_0.75,overlap_0.75,BE,0.782608695652174,2
V03_baseline,baseline,BE,0.8928571428571429,3
V03_noise_0.1,noise_0.1,BE,0.8333333333333334,3
V03_noise_0.2,noise_0.2,BE,0.8620689655172413,3
V03_overlap_0.75,overlap_0.75,BE,0.6493506493506493,3
V04_baseline,baseline,BE,0.4912280701754385,4
V04_noise_0.1,noise_0.1,BE,0.6746987951807228,4
V04_noise_0.2,noise_0.2,BE,0.8235294117647058,4
V04_overlap_0.75,overlap_0.75,BE,0.8115942028985508,4
V05_baseline,baseline,BE,0.6857142857142857,5
V05_noise_0.1,noise_0.1,BE,0.7741935483870968,5
V05_noise_0.2,noise_0.2,BE,0.75,5
V05_overlap_0.75,overlap_0.75,BE,0.5393258426966292,5
V06_baseline,baseline,BE,0.684931506849315,6
V06_noise_0.1,noise_0.1,BE,0.6410256410256411,6
V06_noise_0.2,noise_0.2,BE,0.7246376811594203,6
V06_overlap_0.75,overlap_0.75,BE,0.7692307692307693,6
V07_baseline,baseline,BE,0.8275862068965517,7
V07_noise_0.1,noise_0.1,BE,0.6857142857142857,7
V07_noise_0.2,noise_0.2,BE,0.6956521739130435,7
V07_overlap_0.75,overlap_0.75,BE,0.7741935483870968,7
V08_baseline,baseline,BE,0.6933333333333334,8
V08_noise_0.1,noise_0.1,BE,0.8125,8
V08_noise_0.2,noise_0.2,BE,0.8524590163934426,8
V08_overlap_0.75,overlap_0.75,BE,0.6341463414634146,8
V09_baseline,baseline,BE,0.8571428571428571,9
V09_noise_0.1,noise_0.1,BE,0.8852459016393442,9
V09_noise_0.2,noise_0.2,BE,0.6666666666666666,9
V09_overlap_0.75,overlap_0.75,BE,0.8181818181818182,9
V10_baseline,baseline,BE,0.9333333333333332,10
V10_noise_0.1,noise_0.1,BE,0.8484848484848485,10
V10_noise_0.2,noise_0.2,BE,0.7368421052631579,10
V10_overlap_0.75,overlap_0.75,BE,0.6829268292682927,10
V11_baseline,baseline,BE,0.835820895522388,11
V11_noise_0.1,noise_0.1,BE,0.8484848484848485,11
V11_noise_0.2,noise_0.2,BE,0.7466666666666667,11
V11_overlap_0.75,overlap_0.75,BE,0.8888888888888888,11
V12_baseline,baseline,BE,0.7352941176470589,12
V12_noise_0.1,noise_0.1,BE,0.847457627118644,12
V12_noise_0.2,noise_0.2,BE,0.6578947368421053,12
V12_overlap_0.75,overlap_0.75,BE,0.78125,12
V13_baseline,baseline,BE,0.9,13
V13_noise_0.1,noise_0.1,BE,0.8181818181818182,13
V13_noise_0.2,noise_0.2,BE,0.8307692307692308,13
V13_overlap_0.75,overlap_0.75,BE,0.72,13
V14_baseline,baseline,BE,0.8888888888888888,14
V14_noise_0.1,noise_0.1,BE,0.835820895522388,14
V14_noise_0.2,noise_0.2,BE,0.691358024691358,14
V14_overlap_0.75,overlap_0.75,BE,0.9032258064516128,14
V15_baseline,baseline,BE,0.9411764705882352,15
V15_noise_0.1,noise_0.1,BE,0.7058823529411765,15
V15_noise_0.2,noise_0.2,BE,0.5333333333333333,15
V15_overlap_0.75,overlap_0.75,BE,0.7384615384615385,15
V16_baseline,baseline,BE,0.78125,16
V16_noise_0.1,noise_0.1,BE,0.5747126436781609,16
V16_noise_0.2,noise_0.2,BE,0.6944444444444444,16
V16_overlap_0.75,overlap_0.75,BE,0.6578947368421053,16
V17_baseline,baseline,BE,0.6097560975609756,17
V17_noise_0.1,noise_0.1,BE,0.7352941176470589,17
V17_noise_0.2,noise_0.2,BE,0.7142857142857143,17
V17_overlap_0.75,overlap_0.75,BE,0.6493506493506493,17
V18_baseline,baseline,BE,0.6857142857142857,18
V18_noise_0.1,noise_0.1,BE,0.7384615384615385,18
V18_noise_0.2,noise_0.2,BE,0.7384615384615385,18
V18_overlap_0.75,overlap_0.75,BE,0.8421052631578947,18
V19_baseline,baseline,BE,0.8235294117647058,19
V19_noise_0.1,noise_0.1,BE,0.8484848484848485,19
V19_noise_0.2,noise_0.2,BE,0.7272727272727273,19
V19_overlap_0.75,overlap_0.75,BE,0.8615384615384616,19
V20_baseline,baseline,BE,0.8888888888888888,20
V20_noise_0.1,noise_0.1,BE,0.9333333333333332,20
V20_noise_0.2,noise_0.2,BE,0.9032258064516128,20
V20_overlap_0.75,overlap_0.75,BE,0.8615384615384616,20
