family,condition,a,b,n,p,mean_difference,adjusted_p
S09_BE_quantile005_v8,baseline,AstroMicroNet,BE,20,1.9073486328125e-06,0.18177577502010955,4.57763671875e-06
S09_BE_quantile005_v8,baseline,AstroMicroNet,Rombach,20,1.9073486328125e-06,0.1278838429655315,4.57763671875e-06
S09_BE_quantile005_v8,baseline,BE,Rombach,20,0.14017677307128906,-0.053891932054578054,0.1529201160777699
S09_BE_quantile005_v8,noise_0.1,AstroMicroNet,BE,20,1.9073486328125e-06,0.19850050108993683,4.57763671875e-06
S09_BE_quantile005_v8,noise_0.1,AstroMicroNet,Rombach,20,1.9073486328125e-06,0.1258860209613743,4.57763671875e-06
S09_BE_quantile005_v8,noise_0.1,BE,Rombach,20,0.023895263671875,-0.0726144801285625,0.02867431640625
S09_BE_quantile005_v8,noise_0.2,AstroMicroNet,BE,20,1.9073486328125e-06,0.20134693568136558,4.57763671875e-06
S09_BE_quantile005_v8,noise_0.2,AstroMicroNet,Rombach,20,2.47955322265625e-05,0.08397284818049948,4.9591064453125e-05
S09_BE_quantile005_v8,noise_0.2,BE,Rombach,20,0.0003948211669921875,-0.11737408750086606,0.0006768362862723214
S09_BE_quantile005_v8,overlap_0.75,AstroMicroNet,BE,20,0.006389617919921875,0.0893329433432607,0.008519490559895834
S09_BE_quantile005_v8,overlap_0.75,AstroMicroNet,Rombach,20,0.0005855560302734375,0.07996524714346906,0.0008783340454101562
S09_BE_quantile005_v8,overlap_0.75,BE,Rombach,20,0.7841262817382812,-0.009367696199791647,0.7841262817382812
