cell,mouse_id,core_fraction,mean_fc_retained_CC_minus_CP,mean_fc_retained_CC_minus_PP,density_CC_minus_CP,density_CC_minus_PP,mean_distance_um_CC_minus_CP,mean_distance_um_CC_minus_PP,N
20210805A07_1,M01,0.0913705583756345,0.0673647857825471,0.100680706945517,0.3594040968342644,0.4370723746155295,-2.450150701027136,-4.322791100504185,197
20211022A04_1,M01,0.0955631399317406,0.0618056769579843,0.077569969379215,0.497843665768194,0.6299313893653516,-4.9574480626337785,-4.330753880979238,293
20211029A07_1,M02,0.1993243243243243,0.0224118969699331,0.0213428082922616,0.3384651806257351,0.5264076822348319,-0.2408655956103071,1.4432917624794983,296
20211030A04_1,M02,0.1982758620689655,0.0519050902711004,0.0669510767150461,0.0769263462110587,0.1643503761315823,-3.886798841865218,-3.256530526786845,116
20211102A04_1,M03,0.119047619047619,0.0984276132787045,0.128205114525211,0.5258258258258258,0.6924299865476335,-13.782555804846746,-14.140420632434012,252
20211102A06_1,M03,0.2,0.0665818355239291,0.0766212051780069,0.0985641742279607,0.2006980068959717,-1.012452761049108,1.3077889104929064,235
20211102A11_1,M03,0.1238938053097345,0.0453931603416274,0.0572042437197146,0.4782948532948533,0.6143755661522159,-2.291310918981674,-2.4529814387096245,226
20211102A12_1,M03,0.1095890410958904,0.0526273016135415,0.078700752851699,0.6635817307692308,0.7321354321354321,-6.582886478166868,-10.453936332596824,292
20211106A01_1,M04,0.1507537688442211,0.0623172495304938,0.0867180411648372,0.3901380670611439,0.4805579036348267,-3.0202236243364684,-3.15855879823353,199
20211106A07_1,M04,0.1413043478260869,0.0382898342744459,0.0340353914931961,0.47524796189167,0.5893480144410896,-2.932663705197278,-3.3297374946047498,368
20211106A09_1,M04,0.1715481171548117,0.0226875656955419,0.0086172996459605,0.4279625523527962,0.5228897868120351,-0.8045351312983815,1.0049946397533756,239
20211109A07_1,M05,0.1927083333333333,0.0423555685561093,0.0679439588909992,0.3098517872711421,0.4348554671135316,0.0920765271135088,1.1810070204900445,192
20220412A06_1,M05,0.1570996978851963,0.0308906226997499,0.0282081649526755,0.5525430188618045,0.6972079320925102,-2.081410761165081,-1.009265578650723,331
