cell,run,rho,tau,variant,jaccard,intersection,union,n_default,n_variant,default_retention
20210805A07_1,main,0.15,0.2,formal_capped,0.3076923076923077,8,26,18,16,0.4444444444444444
20210805A07_1,main,0.18,0.2,formal_capped,0.6363636363636364,14,22,18,18,0.7777777777777778
20210805A07_1,main,0.19,0.2,formal_capped,0.6666666666666666,14,21,18,17,0.7777777777777778
20210805A07_1,main,0.2,0.2,formal_capped,1.0,18,18,18,18,1.0
20210805A07_1,main,0.21,0.2,formal_capped,0.8,16,20,18,18,0.8888888888888888
20210805A07_1,main,0.22,0.2,formal_capped,0.6363636363636364,14,22,18,18,0.7777777777777778
20210805A07_1,main,0.25,0.2,formal_capped,0.4074074074074074,11,27,18,20,0.6111111111111112
20210805A07_1,main,0.3,0.2,formal_capped,0.2424242424242424,8,33,18,23,0.4444444444444444
20210805A07_1,main,0.35,0.2,formal_capped,0.088235294117647,3,34,18,19,0.1666666666666666
20210805A07_1,validation,0.18,0.2,formal_capped,0.6363636363636364,14,22,18,18,0.7777777777777778
20210805A07_1,validation,0.19,0.2,formal_capped,0.6666666666666666,14,21,18,17,0.7777777777777778
20210805A07_1,validation,0.2,0.2,formal_capped,1.0,18,18,18,18,1.0
20210805A07_1,validation,0.21,0.2,formal_capped,0.8,16,20,18,18,0.8888888888888888
20210805A07_1,validation,0.22,0.2,formal_capped,0.6363636363636364,14,22,18,18,0.7777777777777778
20211022A04_1,main,0.15,0.2,formal_capped,0.3783783783783784,14,37,28,23,0.5
20211022A04_1,main,0.18,0.2,formal_capped,0.7096774193548387,22,31,28,25,0.7857142857142857
20211022A04_1,main,0.19,0.2,formal_capped,0.8333333333333334,25,30,28,27,0.8928571428571429
20211022A04_1,main,0.2,0.2,formal_capped,1.0,28,28,28,28,1.0
20211022A04_1,main,0.21,0.2,formal_capped,0.9032258064516128,28,31,28,31,1.0
20211022A04_1,main,0.22,0.2,formal_capped,0.7647058823529411,26,34,28,32,0.9285714285714286
20211022A04_1,main,0.25,0.2,formal_capped,0.425,17,40,28,29,0.6071428571428571
20211022A04_1,main,0.3,0.2,formal_capped,0.2448979591836734,12,49,28,33,0.4285714285714285
20211022A04_1,main,0.35,0.2,formal_capped,0.1206896551724138,7,58,28,37,0.25
20211022A04_1,validation,0.18,0.2,formal_capped,0.7096774193548387,22,31,28,25,0.7857142857142857
20211022A04_1,validation,0.19,0.2,formal_capped,0.8333333333333334,25,30,28,27,0.8928571428571429
20211022A04_1,validation,0.2,0.2,formal_capped,1.0,28,28,28,28,1.0
20211022A04_1,validation,0.21,0.2,formal_capped,0.9032258064516128,28,31,28,31,1.0
20211022A04_1,validation,0.22,0.2,formal_capped,0.7647058823529411,26,34,28,32,0.9285714285714286
20211029A07_1,main,0.15,0.2,formal_capped,0.5373134328358209,36,67,59,44,0.6101694915254238
20211029A07_1,main,0.18,0.2,formal_capped,0.7230769230769231,47,65,59,53,0.7966101694915254
20211029A07_1,main,0.19,0.2,formal_capped,0.8253968253968254,52,63,59,56,0.8813559322033898
20211029A07_1,main,0.2,0.2,formal_capped,1.0,59,59,59,59,1.0
20211029A07_1,main,0.21,0.2,formal_capped,0.7536231884057971,52,69,59,62,0.8813559322033898
20211029A07_1,main,0.22,0.2,formal_capped,0.6756756756756757,50,74,59,65,0.847457627118644
20211029A07_1,main,0.25,0.2,formal_capped,0.5833333333333334,49,84,59,74,0.8305084745762712
20211029A07_1,main,0.3,0.2,formal_capped,0.3066666666666666,23,75,59,39,0.3898305084745763
20211029A07_1,main,0.35,0.2,formal_capped,0.2469135802469135,20,81,59,42,0.3389830508474576
20211029A07_1,validation,0.18,0.2,formal_capped,0.6716417910447762,45,67,59,53,0.7627118644067796
20211029A07_1,validation,0.19,0.2,formal_capped,0.8253968253968254,52,63,59,56,0.8813559322033898
20211029A07_1,validation,0.2,0.2,formal_capped,1.0,59,59,59,59,1.0
20211029A07_1,validation,0.21,0.2,formal_capped,0.7536231884057971,52,69,59,62,0.8813559322033898
20211029A07_1,validation,0.22,0.2,formal_capped,0.6756756756756757,50,74,59,65,0.847457627118644
20211030A04_1,main,0.15,0.2,formal_capped,0.5384615384615384,14,26,23,17,0.6086956521739131
20211030A04_1,main,0.18,0.2,formal_capped,0.5925925925925926,16,27,23,20,0.6956521739130435
20211030A04_1,main,0.19,0.2,formal_capped,0.6666666666666666,18,27,23,22,0.782608695652174
20211030A04_1,main,0.2,0.2,formal_capped,1.0,23,23,23,23,1.0
20211030A04_1,main,0.21,0.2,formal_capped,0.9583333333333334,23,24,23,24,1.0
20211030A04_1,main,0.22,0.2,formal_capped,0.8461538461538461,22,26,23,25,0.9565217391304348
20211030A04_1,main,0.25,0.2,formal_capped,0.5294117647058824,18,34,23,29,0.782608695652174
20211030A04_1,main,0.3,0.2,formal_capped,0.3076923076923077,12,39,23,28,0.5217391304347826
20211030A04_1,main,0.35,0.2,formal_capped,0.1304347826086956,6,46,23,29,0.2608695652173913
20211030A04_1,validation,0.18,0.2,formal_capped,0.5925925925925926,16,27,23,20,0.6956521739130435
20211030A04_1,validation,0.19,0.2,formal_capped,0.6666666666666666,18,27,23,22,0.782608695652174
20211030A04_1,validation,0.2,0.2,formal_capped,1.0,23,23,23,23,1.0
20211030A04_1,validation,0.21,0.2,formal_capped,0.9583333333333334,23,24,23,24,1.0
20211030A04_1,validation,0.22,0.2,formal_capped,0.8461538461538461,22,26,23,25,0.9565217391304348
20211102A04_1,main,0.15,0.2,formal_capped,0.5135135135135135,19,37,30,26,0.6333333333333333
20211102A04_1,main,0.18,0.2,formal_capped,0.7878787878787878,26,33,30,29,0.8666666666666667
20211102A04_1,main,0.19,0.2,formal_capped,0.8709677419354839,27,31,30,28,0.9
20211102A04_1,main,0.2,0.2,formal_capped,1.0,30,30,30,30,1.0
20211102A04_1,main,0.21,0.2,formal_capped,0.90625,29,32,30,31,0.9666666666666668
20211102A04_1,main,0.22,0.2,formal_capped,0.7714285714285715,27,35,30,32,0.9
20211102A04_1,main,0.25,0.2,formal_capped,0.5641025641025641,22,39,30,31,0.7333333333333333
20211102A04_1,main,0.3,0.2,formal_capped,0.3061224489795918,15,49,30,34,0.5
20211102A04_1,main,0.35,0.2,formal_capped,0.2363636363636363,13,55,30,38,0.4333333333333333
20211102A04_1,validation,0.18,0.2,formal_capped,0.7878787878787878,26,33,30,29,0.8666666666666667
20211102A04_1,validation,0.19,0.2,formal_capped,0.8709677419354839,27,31,30,28,0.9
20211102A04_1,validation,0.2,0.2,formal_capped,1.0,30,30,30,30,1.0
20211102A04_1,validation,0.21,0.2,formal_capped,0.90625,29,32,30,31,0.9666666666666668
20211102A04_1,validation,0.22,0.2,formal_capped,0.7714285714285715,27,35,30,32,0.9
20211102A06_1,main,0.15,0.2,formal_capped,0.4137931034482758,24,58,47,35,0.5106382978723404
20211102A06_1,main,0.18,0.2,formal_capped,0.6181818181818182,34,55,47,42,0.723404255319149
20211102A06_1,main,0.19,0.2,formal_capped,0.6851851851851852,37,54,47,44,0.7872340425531915
20211102A06_1,main,0.2,0.2,formal_capped,1.0,47,47,47,47,1.0
20211102A06_1,main,0.21,0.2,formal_capped,0.6842105263157895,39,57,47,49,0.8297872340425532
20211102A06_1,main,0.22,0.2,formal_capped,0.6333333333333333,38,60,47,51,0.8085106382978723
20211102A06_1,main,0.25,0.2,formal_capped,0.4647887323943662,33,71,47,57,0.7021276595744681
20211102A06_1,main,0.3,0.2,formal_capped,0.2823529411764706,24,85,47,62,0.5106382978723404
20211102A06_1,main,0.35,0.2,formal_capped,0.1222222222222222,11,90,47,54,0.2340425531914893
20211102A06_1,validation,0.18,0.2,formal_capped,0.5084745762711864,30,59,47,42,0.6382978723404256
20211102A06_1,validation,0.19,0.2,formal_capped,0.5166666666666667,31,60,47,44,0.6595744680851063
20211102A06_1,validation,0.2,0.2,formal_capped,1.0,47,47,47,47,1.0
20211102A06_1,validation,0.21,0.2,formal_capped,0.6842105263157895,39,57,47,49,0.8297872340425532
20211102A06_1,validation,0.22,0.2,formal_capped,0.6333333333333333,38,60,47,51,0.8085106382978723
20211102A11_1,main,0.15,0.2,formal_capped,0.5,17,34,28,23,0.6071428571428571
20211102A11_1,main,0.18,0.2,formal_capped,0.696969696969697,23,33,28,28,0.8214285714285714
20211102A11_1,main,0.19,0.2,formal_capped,0.78125,25,32,28,29,0.8928571428571429
20211102A11_1,main,0.2,0.2,formal_capped,1.0,28,28,28,28,1.0
20211102A11_1,main,0.21,0.2,formal_capped,0.9,27,30,28,29,0.9642857142857144
20211102A11_1,main,0.22,0.2,formal_capped,0.75,24,32,28,28,0.8571428571428571
20211102A11_1,main,0.25,0.2,formal_capped,0.55,22,40,28,34,0.7857142857142857
20211102A11_1,main,0.3,0.2,formal_capped,0.4489795918367347,22,49,28,43,0.7857142857142857
20211102A11_1,main,0.35,0.2,formal_capped,0.3508771929824561,20,57,28,49,0.7142857142857143
20211102A11_1,validation,0.18,0.2,formal_capped,0.696969696969697,23,33,28,28,0.8214285714285714
20211102A11_1,validation,0.19,0.2,formal_capped,0.78125,25,32,28,29,0.8928571428571429
20211102A11_1,validation,0.2,0.2,formal_capped,1.0,28,28,28,28,1.0
20211102A11_1,validation,0.21,0.2,formal_capped,0.9,27,30,28,29,0.9642857142857144
20211102A11_1,validation,0.22,0.2,formal_capped,0.75,24,32,28,28,0.8571428571428571
20211102A12_1,main,0.15,0.2,formal_capped,0.3392857142857143,19,56,32,43,0.59375
20211102A12_1,main,0.18,0.2,formal_capped,0.7878787878787878,26,33,32,27,0.8125
20211102A12_1,main,0.19,0.2,formal_capped,0.8787878787878788,29,33,32,30,0.90625
20211102A12_1,main,0.2,0.2,formal_capped,1.0,32,32,32,32,1.0
20211102A12_1,main,0.21,0.2,formal_capped,0.8571428571428571,30,35,32,33,0.9375
20211102A12_1,main,0.22,0.2,formal_capped,0.7073170731707317,29,41,32,38,0.90625
20211102A12_1,main,0.25,0.2,formal_capped,0.6428571428571429,27,42,32,37,0.84375
20211102A12_1,main,0.3,0.2,formal_capped,0.2592592592592592,14,54,32,36,0.4375
20211102A12_1,main,0.35,0.2,formal_capped,0.0923076923076923,6,65,32,39,0.1875
20211102A12_1,validation,0.18,0.2,formal_capped,0.7878787878787878,26,33,32,27,0.8125
20211102A12_1,validation,0.19,0.2,formal_capped,0.8787878787878788,29,33,32,30,0.90625
20211102A12_1,validation,0.2,0.2,formal_capped,1.0,32,32,32,32,1.0
20211102A12_1,validation,0.21,0.2,formal_capped,0.8571428571428571,30,35,32,33,0.9375
20211102A12_1,validation,0.22,0.2,formal_capped,0.7073170731707317,29,41,32,38,0.90625
20211106A01_1,main,0.15,0.2,formal_capped,0.7878787878787878,26,33,30,29,0.8666666666666667
20211106A01_1,main,0.18,0.2,formal_capped,0.9333333333333332,28,30,30,28,0.9333333333333332
20211106A01_1,main,0.19,0.2,formal_capped,0.9333333333333332,28,30,30,28,0.9333333333333332
20211106A01_1,main,0.2,0.2,formal_capped,1.0,30,30,30,30,1.0
20211106A01_1,main,0.21,0.2,formal_capped,0.935483870967742,29,31,30,30,0.9666666666666668
20211106A01_1,main,0.22,0.2,formal_capped,0.8787878787878788,29,33,30,32,0.9666666666666668
20211106A01_1,main,0.25,0.2,formal_capped,0.75,27,36,30,33,0.9
20211106A01_1,main,0.3,0.2,formal_capped,0.4883720930232558,21,43,30,34,0.7
20211106A01_1,main,0.35,0.2,formal_capped,0.2916666666666667,14,48,30,32,0.4666666666666667
20211106A01_1,validation,0.18,0.2,formal_capped,0.9333333333333332,28,30,30,28,0.9333333333333332
20211106A01_1,validation,0.19,0.2,formal_capped,0.9333333333333332,28,30,30,28,0.9333333333333332
20211106A01_1,validation,0.2,0.2,formal_capped,1.0,30,30,30,30,1.0
20211106A01_1,validation,0.21,0.2,formal_capped,0.935483870967742,29,31,30,30,0.9666666666666668
20211106A01_1,validation,0.22,0.2,formal_capped,0.8787878787878788,29,33,30,32,0.9666666666666668
20211106A07_1,main,0.15,0.2,formal_capped,0.6065573770491803,37,61,52,46,0.7115384615384616
20211106A07_1,main,0.18,0.2,formal_capped,0.8035714285714286,45,56,52,49,0.8653846153846154
20211106A07_1,main,0.19,0.2,formal_capped,0.8727272727272727,48,55,52,51,0.9230769230769232
20211106A07_1,main,0.2,0.2,formal_capped,1.0,52,52,52,52,1.0
20211106A07_1,main,0.21,0.2,formal_capped,0.8524590163934426,52,61,52,61,1.0
20211106A07_1,main,0.22,0.2,formal_capped,0.7903225806451613,49,62,52,59,0.9423076923076924
20211106A07_1,main,0.25,0.2,formal_capped,0.5844155844155844,45,77,52,70,0.8653846153846154
20211106A07_1,main,0.3,0.2,formal_capped,0.3762376237623762,38,101,52,87,0.7307692307692307
20211106A07_1,main,0.35,0.2,formal_capped,0.3103448275862069,36,116,52,100,0.6923076923076923
20211106A07_1,validation,0.18,0.2,formal_capped,0.8035714285714286,45,56,52,49,0.8653846153846154
20211106A07_1,validation,0.19,0.2,formal_capped,0.8727272727272727,48,55,52,51,0.9230769230769232
20211106A07_1,validation,0.2,0.2,formal_capped,1.0,52,52,52,52,1.0
20211106A07_1,validation,0.21,0.2,formal_capped,0.8524590163934426,52,61,52,61,1.0
20211106A07_1,validation,0.22,0.2,formal_capped,0.7903225806451613,49,62,52,59,0.9423076923076924
20211106A09_1,main,0.15,0.2,formal_capped,0.6521739130434783,30,46,41,35,0.7317073170731707
20211106A09_1,main,0.18,0.2,formal_capped,0.8604651162790697,37,43,41,39,0.902439024390244
20211106A09_1,main,0.19,0.2,formal_capped,0.951219512195122,39,41,41,39,0.951219512195122
20211106A09_1,main,0.2,0.2,formal_capped,1.0,41,41,41,41,1.0
20211106A09_1,main,0.21,0.2,formal_capped,0.8260869565217391,38,46,41,43,0.926829268292683
20211106A09_1,main,0.22,0.2,formal_capped,0.75,36,48,41,43,0.8780487804878049
20211106A09_1,main,0.25,0.2,formal_capped,0.6470588235294118,33,51,41,43,0.8048780487804879
20211106A09_1,main,0.3,0.2,formal_capped,0.5535714285714286,31,56,41,46,0.7560975609756098
20211106A09_1,main,0.35,0.2,formal_capped,0.3461538461538461,18,52,41,29,0.4390243902439024
20211106A09_1,validation,0.18,0.2,formal_capped,0.8604651162790697,37,43,41,39,0.902439024390244
20211106A09_1,validation,0.19,0.2,formal_capped,0.951219512195122,39,41,41,39,0.951219512195122
20211106A09_1,validation,0.2,0.2,formal_capped,1.0,41,41,41,41,1.0
20211106A09_1,validation,0.21,0.2,formal_capped,0.8260869565217391,38,46,41,43,0.926829268292683
20211106A09_1,validation,0.22,0.2,formal_capped,0.75,36,48,41,43,0.8780487804878049
20211109A07_1,main,0.15,0.2,formal_capped,0.5116279069767442,22,43,37,28,0.5945945945945946
20211109A07_1,main,0.18,0.2,formal_capped,0.775,31,40,37,34,0.8378378378378378
20211109A07_1,main,0.19,0.2,formal_capped,0.9210526315789472,35,38,37,36,0.945945945945946
20211109A07_1,main,0.2,0.2,formal_capped,1.0,37,37,37,37,1.0
20211109A07_1,main,0.21,0.2,formal_capped,0.7857142857142857,33,42,37,38,0.8918918918918919
20211109A07_1,main,0.22,0.2,formal_capped,0.5833333333333334,28,48,37,39,0.7567567567567568
20211109A07_1,main,0.25,0.2,formal_capped,0.6382978723404256,30,47,37,40,0.8108108108108109
20211109A07_1,main,0.3,0.2,formal_capped,0.6363636363636364,28,44,37,35,0.7567567567567568
20211109A07_1,main,0.35,0.2,formal_capped,0.4285714285714285,21,49,37,33,0.5675675675675675
20211109A07_1,validation,0.18,0.2,formal_capped,0.775,31,40,37,34,0.8378378378378378
20211109A07_1,validation,0.19,0.2,formal_capped,0.9210526315789472,35,38,37,36,0.945945945945946
20211109A07_1,validation,0.2,0.2,formal_capped,1.0,37,37,37,37,1.0
20211109A07_1,validation,0.21,0.2,formal_capped,0.7857142857142857,33,42,37,38,0.8918918918918919
20211109A07_1,validation,0.22,0.2,formal_capped,0.5833333333333334,28,48,37,39,0.7567567567567568
20220412A06_1,main,0.15,0.2,formal_capped,0.4558823529411764,31,68,52,47,0.5961538461538461
20220412A06_1,main,0.18,0.2,formal_capped,0.6833333333333333,41,60,52,49,0.7884615384615384
20220412A06_1,main,0.19,0.2,formal_capped,0.7368421052631579,42,57,52,47,0.8076923076923077
20220412A06_1,main,0.2,0.2,formal_capped,1.0,52,52,52,52,1.0
20220412A06_1,main,0.21,0.2,formal_capped,0.9629629629629628,52,54,52,54,1.0
20220412A06_1,main,0.22,0.2,formal_capped,0.8793103448275862,51,58,52,57,0.9807692307692308
20220412A06_1,main,0.25,0.2,formal_capped,0.6779661016949152,40,59,52,47,0.7692307692307693
20220412A06_1,main,0.3,0.2,formal_capped,0.4428571428571428,31,70,52,49,0.5961538461538461
20220412A06_1,main,0.35,0.2,formal_capped,0.3373493975903614,28,83,52,59,0.5384615384615384
20220412A06_1,validation,0.18,0.2,formal_capped,0.75,45,60,52,53,0.8653846153846154
20220412A06_1,validation,0.19,0.2,formal_capped,0.7719298245614035,44,57,52,49,0.8461538461538461
20220412A06_1,validation,0.2,0.2,formal_capped,1.0,52,52,52,52,1.0
20220412A06_1,validation,0.21,0.2,formal_capped,0.9629629629629628,52,54,52,54,1.0
20220412A06_1,validation,0.22,0.2,formal_capped,0.8793103448275862,51,58,52,57,0.9807692307692308
