cell,rho,theta_offset,reference,jaccard,default_retention,small_retention,n_default,n_variant
20210805A07_1,0.15,-0.05,matched_rho_theta0,0.9411764705882353,1.0,1.0,16,17
20210805A07_1,0.15,-0.05,rho020_theta0,0.2962962962962963,0.4444444444444444,0.47058823529411764,18,17
20210805A07_1,0.15,-0.025,matched_rho_theta0,0.9411764705882353,1.0,1.0,16,17
20210805A07_1,0.15,-0.025,rho020_theta0,0.2962962962962963,0.4444444444444444,0.47058823529411764,18,17
20210805A07_1,0.15,0.0,matched_rho_theta0,1.0,1.0,1.0,16,16
20210805A07_1,0.15,0.0,rho020_theta0,0.3076923076923077,0.4444444444444444,0.5,18,16
20210805A07_1,0.15,0.025,matched_rho_theta0,1.0,1.0,1.0,16,16
20210805A07_1,0.15,0.025,rho020_theta0,0.3076923076923077,0.4444444444444444,0.5,18,16
20210805A07_1,0.15,0.05,matched_rho_theta0,1.0,1.0,1.0,16,16
20210805A07_1,0.15,0.05,rho020_theta0,0.3076923076923077,0.4444444444444444,0.5,18,16
20210805A07_1,0.18,-0.05,matched_rho_theta0,0.9473684210526315,1.0,1.0,18,19
20210805A07_1,0.18,-0.05,rho020_theta0,0.6086956521739131,0.7777777777777778,0.7777777777777778,18,19
20210805A07_1,0.18,-0.025,matched_rho_theta0,0.9473684210526315,1.0,1.0,18,19
20210805A07_1,0.18,-0.025,rho020_theta0,0.6086956521739131,0.7777777777777778,0.7777777777777778,18,19
20210805A07_1,0.18,0.0,matched_rho_theta0,1.0,1.0,1.0,18,18
20210805A07_1,0.18,0.0,rho020_theta0,0.6363636363636364,0.7777777777777778,0.7777777777777778,18,18
20210805A07_1,0.18,0.025,matched_rho_theta0,1.0,1.0,1.0,18,18
20210805A07_1,0.18,0.025,rho020_theta0,0.6363636363636364,0.7777777777777778,0.7777777777777778,18,18
20210805A07_1,0.18,0.05,matched_rho_theta0,1.0,1.0,1.0,18,18
20210805A07_1,0.18,0.05,rho020_theta0,0.6363636363636364,0.7777777777777778,0.7777777777777778,18,18
20210805A07_1,0.19,-0.05,matched_rho_theta0,0.8947368421052632,1.0,1.0,17,19
20210805A07_1,0.19,-0.05,rho020_theta0,0.6086956521739131,0.7777777777777778,0.7777777777777778,18,19
20210805A07_1,0.19,-0.025,matched_rho_theta0,0.8947368421052632,1.0,1.0,17,19
20210805A07_1,0.19,-0.025,rho020_theta0,0.6086956521739131,0.7777777777777778,0.7777777777777778,18,19
20210805A07_1,0.19,0.0,matched_rho_theta0,1.0,1.0,1.0,17,17
20210805A07_1,0.19,0.0,rho020_theta0,0.6666666666666666,0.7777777777777778,0.8235294117647058,18,17
20210805A07_1,0.19,0.025,matched_rho_theta0,1.0,1.0,1.0,17,17
20210805A07_1,0.19,0.025,rho020_theta0,0.6666666666666666,0.7777777777777778,0.8235294117647058,18,17
20210805A07_1,0.19,0.05,matched_rho_theta0,1.0,1.0,1.0,17,17
20210805A07_1,0.19,0.05,rho020_theta0,0.6666666666666666,0.7777777777777778,0.8235294117647058,18,17
20210805A07_1,0.2,-0.05,matched_rho_theta0,0.9,1.0,1.0,18,20
20210805A07_1,0.2,-0.05,rho020_theta0,0.9,1.0,1.0,18,20
20210805A07_1,0.2,-0.025,matched_rho_theta0,0.9,1.0,1.0,18,20
20210805A07_1,0.2,-0.025,rho020_theta0,0.9,1.0,1.0,18,20
20210805A07_1,0.2,0.0,matched_rho_theta0,1.0,1.0,1.0,18,18
20210805A07_1,0.2,0.0,rho020_theta0,1.0,1.0,1.0,18,18
20210805A07_1,0.2,0.025,matched_rho_theta0,1.0,1.0,1.0,18,18
20210805A07_1,0.2,0.025,rho020_theta0,1.0,1.0,1.0,18,18
20210805A07_1,0.2,0.05,matched_rho_theta0,1.0,1.0,1.0,18,18
20210805A07_1,0.2,0.05,rho020_theta0,1.0,1.0,1.0,18,18
20210805A07_1,0.21,-0.05,matched_rho_theta0,0.9,1.0,1.0,18,20
20210805A07_1,0.21,-0.05,rho020_theta0,0.7272727272727273,0.8888888888888888,0.8888888888888888,18,20
20210805A07_1,0.21,-0.025,matched_rho_theta0,0.9,1.0,1.0,18,20
20210805A07_1,0.21,-0.025,rho020_theta0,0.7272727272727273,0.8888888888888888,0.8888888888888888,18,20
20210805A07_1,0.21,0.0,matched_rho_theta0,1.0,1.0,1.0,18,18
20210805A07_1,0.21,0.0,rho020_theta0,0.8,0.8888888888888888,0.8888888888888888,18,18
20210805A07_1,0.21,0.025,matched_rho_theta0,1.0,1.0,1.0,18,18
20210805A07_1,0.21,0.025,rho020_theta0,0.8,0.8888888888888888,0.8888888888888888,18,18
20210805A07_1,0.21,0.05,matched_rho_theta0,1.0,1.0,1.0,18,18
20210805A07_1,0.21,0.05,rho020_theta0,0.8,0.8888888888888888,0.8888888888888888,18,18
20210805A07_1,0.22,-0.05,matched_rho_theta0,0.9,1.0,1.0,18,20
20210805A07_1,0.22,-0.05,rho020_theta0,0.5833333333333334,0.7777777777777778,0.7777777777777778,18,20
20210805A07_1,0.22,-0.025,matched_rho_theta0,0.9,1.0,1.0,18,20
20210805A07_1,0.22,-0.025,rho020_theta0,0.5833333333333334,0.7777777777777778,0.7777777777777778,18,20
20210805A07_1,0.22,0.0,matched_rho_theta0,1.0,1.0,1.0,18,18
20210805A07_1,0.22,0.0,rho020_theta0,0.6363636363636364,0.7777777777777778,0.7777777777777778,18,18
20210805A07_1,0.22,0.025,matched_rho_theta0,1.0,1.0,1.0,18,18
20210805A07_1,0.22,0.025,rho020_theta0,0.6363636363636364,0.7777777777777778,0.7777777777777778,18,18
20210805A07_1,0.22,0.05,matched_rho_theta0,1.0,1.0,1.0,18,18
20210805A07_1,0.22,0.05,rho020_theta0,0.6363636363636364,0.7777777777777778,0.7777777777777778,18,18
20210805A07_1,0.25,-0.05,matched_rho_theta0,0.9090909090909091,1.0,1.0,20,22
20210805A07_1,0.25,-0.05,rho020_theta0,0.3793103448275862,0.6111111111111112,0.6111111111111112,18,22
20210805A07_1,0.25,-0.025,matched_rho_theta0,0.9090909090909091,1.0,1.0,20,22
20210805A07_1,0.25,-0.025,rho020_theta0,0.3793103448275862,0.6111111111111112,0.6111111111111112,18,22
20210805A07_1,0.25,0.0,matched_rho_theta0,1.0,1.0,1.0,20,20
20210805A07_1,0.25,0.0,rho020_theta0,0.4074074074074074,0.6111111111111112,0.6111111111111112,18,20
20210805A07_1,0.25,0.025,matched_rho_theta0,1.0,1.0,1.0,20,20
20210805A07_1,0.25,0.025,rho020_theta0,0.4074074074074074,0.6111111111111112,0.6111111111111112,18,20
20210805A07_1,0.25,0.05,matched_rho_theta0,1.0,1.0,1.0,20,20
20210805A07_1,0.25,0.05,rho020_theta0,0.4074074074074074,0.6111111111111112,0.6111111111111112,18,20
20210805A07_1,0.3,-0.05,matched_rho_theta0,0.9583333333333334,1.0,1.0,23,24
20210805A07_1,0.3,-0.05,rho020_theta0,0.23529411764705882,0.4444444444444444,0.4444444444444444,18,24
20210805A07_1,0.3,-0.025,matched_rho_theta0,0.9583333333333334,1.0,1.0,23,24
20210805A07_1,0.3,-0.025,rho020_theta0,0.23529411764705882,0.4444444444444444,0.4444444444444444,18,24
20210805A07_1,0.3,0.0,matched_rho_theta0,1.0,1.0,1.0,23,23
20210805A07_1,0.3,0.0,rho020_theta0,0.24242424242424243,0.4444444444444444,0.4444444444444444,18,23
20210805A07_1,0.3,0.025,matched_rho_theta0,1.0,1.0,1.0,23,23
20210805A07_1,0.3,0.025,rho020_theta0,0.24242424242424243,0.4444444444444444,0.4444444444444444,18,23
20210805A07_1,0.3,0.05,matched_rho_theta0,1.0,1.0,1.0,23,23
20210805A07_1,0.3,0.05,rho020_theta0,0.24242424242424243,0.4444444444444444,0.4444444444444444,18,23
20210805A07_1,0.35,-0.05,matched_rho_theta0,0.95,1.0,1.0,19,20
20210805A07_1,0.35,-0.05,rho020_theta0,0.08571428571428572,0.16666666666666666,0.16666666666666666,18,20
20210805A07_1,0.35,-0.025,matched_rho_theta0,1.0,1.0,1.0,19,19
20210805A07_1,0.35,-0.025,rho020_theta0,0.08823529411764706,0.16666666666666666,0.16666666666666666,18,19
20210805A07_1,0.35,0.0,matched_rho_theta0,1.0,1.0,1.0,19,19
20210805A07_1,0.35,0.0,rho020_theta0,0.08823529411764706,0.16666666666666666,0.16666666666666666,18,19
20210805A07_1,0.35,0.025,matched_rho_theta0,1.0,1.0,1.0,19,19
20210805A07_1,0.35,0.025,rho020_theta0,0.08823529411764706,0.16666666666666666,0.16666666666666666,18,19
20210805A07_1,0.35,0.05,matched_rho_theta0,1.0,1.0,1.0,19,19
20210805A07_1,0.35,0.05,rho020_theta0,0.08823529411764706,0.16666666666666666,0.16666666666666666,18,19
20211022A04_1,0.15,-0.05,matched_rho_theta0,0.9583333333333334,1.0,1.0,23,24
20211022A04_1,0.15,-0.05,rho020_theta0,0.3684210526315789,0.5,0.5833333333333334,28,24
20211022A04_1,0.15,-0.025,matched_rho_theta0,0.9583333333333334,1.0,1.0,23,24
20211022A04_1,0.15,-0.025,rho020_theta0,0.3684210526315789,0.5,0.5833333333333334,28,24
20211022A04_1,0.15,0.0,matched_rho_theta0,1.0,1.0,1.0,23,23
20211022A04_1,0.15,0.0,rho020_theta0,0.3783783783783784,0.5,0.6086956521739131,28,23
20211022A04_1,0.15,0.025,matched_rho_theta0,0.9130434782608695,0.9130434782608695,1.0,23,21
20211022A04_1,0.15,0.025,rho020_theta0,0.32432432432432434,0.42857142857142855,0.5714285714285714,28,21
20211022A04_1,0.15,0.05,matched_rho_theta0,0.8695652173913043,0.8695652173913043,1.0,23,20
20211022A04_1,0.15,0.05,rho020_theta0,0.3333333333333333,0.42857142857142855,0.6,28,20
20211022A04_1,0.18,-0.05,matched_rho_theta0,0.9615384615384616,1.0,1.0,25,26
20211022A04_1,0.18,-0.05,rho020_theta0,0.6875,0.7857142857142857,0.8461538461538461,28,26
20211022A04_1,0.18,-0.025,matched_rho_theta0,0.9615384615384616,1.0,1.0,25,26
20211022A04_1,0.18,-0.025,rho020_theta0,0.6875,0.7857142857142857,0.8461538461538461,28,26
20211022A04_1,0.18,0.0,matched_rho_theta0,1.0,1.0,1.0,25,25
20211022A04_1,0.18,0.0,rho020_theta0,0.7096774193548387,0.7857142857142857,0.88,28,25
20211022A04_1,0.18,0.025,matched_rho_theta0,0.92,0.92,1.0,25,23
20211022A04_1,0.18,0.025,rho020_theta0,0.6451612903225806,0.7142857142857143,0.8695652173913043,28,23
20211022A04_1,0.18,0.05,matched_rho_theta0,0.84,0.84,1.0,25,21
20211022A04_1,0.18,0.05,rho020_theta0,0.6333333333333333,0.6785714285714286,0.9047619047619048,28,21
20211022A04_1,0.19,-0.05,matched_rho_theta0,0.9642857142857143,1.0,1.0,27,28
20211022A04_1,0.19,-0.05,rho020_theta0,0.8064516129032258,0.8928571428571429,0.8928571428571429,28,28
20211022A04_1,0.19,-0.025,matched_rho_theta0,0.9642857142857143,1.0,1.0,27,28
20211022A04_1,0.19,-0.025,rho020_theta0,0.8064516129032258,0.8928571428571429,0.8928571428571429,28,28
20211022A04_1,0.19,0.0,matched_rho_theta0,1.0,1.0,1.0,27,27
20211022A04_1,0.19,0.0,rho020_theta0,0.8333333333333334,0.8928571428571429,0.9259259259259259,28,27
20211022A04_1,0.19,0.025,matched_rho_theta0,0.9259259259259259,0.9259259259259259,1.0,27,25
20211022A04_1,0.19,0.025,rho020_theta0,0.7666666666666667,0.8214285714285714,0.92,28,25
20211022A04_1,0.19,0.05,matched_rho_theta0,0.8518518518518519,0.8518518518518519,1.0,27,23
20211022A04_1,0.19,0.05,rho020_theta0,0.7586206896551724,0.7857142857142857,0.9565217391304348,28,23
20211022A04_1,0.2,-0.05,matched_rho_theta0,0.9655172413793104,1.0,1.0,28,29
20211022A04_1,0.2,-0.05,rho020_theta0,0.9655172413793104,1.0,1.0,28,29
20211022A04_1,0.2,-0.025,matched_rho_theta0,0.9655172413793104,1.0,1.0,28,29
20211022A04_1,0.2,-0.025,rho020_theta0,0.9655172413793104,1.0,1.0,28,29
20211022A04_1,0.2,0.0,matched_rho_theta0,1.0,1.0,1.0,28,28
20211022A04_1,0.2,0.0,rho020_theta0,1.0,1.0,1.0,28,28
20211022A04_1,0.2,0.025,matched_rho_theta0,0.8928571428571429,0.8928571428571429,1.0,28,25
20211022A04_1,0.2,0.025,rho020_theta0,0.8928571428571429,0.8928571428571429,1.0,28,25
20211022A04_1,0.2,0.05,matched_rho_theta0,0.8571428571428571,0.8571428571428571,1.0,28,24
20211022A04_1,0.2,0.05,rho020_theta0,0.8571428571428571,0.8571428571428571,1.0,28,24
20211022A04_1,0.21,-0.05,matched_rho_theta0,0.96875,1.0,1.0,31,32
20211022A04_1,0.21,-0.05,rho020_theta0,0.875,1.0,1.0,28,32
20211022A04_1,0.21,-0.025,matched_rho_theta0,0.96875,1.0,1.0,31,32
20211022A04_1,0.21,-0.025,rho020_theta0,0.875,1.0,1.0,28,32
20211022A04_1,0.21,0.0,matched_rho_theta0,1.0,1.0,1.0,31,31
20211022A04_1,0.21,0.0,rho020_theta0,0.9032258064516129,1.0,1.0,28,31
20211022A04_1,0.21,0.025,matched_rho_theta0,0.8709677419354839,0.8709677419354839,1.0,31,27
20211022A04_1,0.21,0.025,rho020_theta0,0.7741935483870968,0.8571428571428571,0.8888888888888888,28,27
20211022A04_1,0.21,0.05,matched_rho_theta0,0.8387096774193549,0.8387096774193549,1.0,31,26
20211022A04_1,0.21,0.05,rho020_theta0,0.7419354838709677,0.8214285714285714,0.8846153846153846,28,26
20211022A04_1,0.22,-0.05,matched_rho_theta0,1.0,1.0,1.0,32,32
20211022A04_1,0.22,-0.05,rho020_theta0,0.7647058823529411,0.9285714285714286,0.9285714285714286,28,32
20211022A04_1,0.22,-0.025,matched_rho_theta0,1.0,1.0,1.0,32,32
20211022A04_1,0.22,-0.025,rho020_theta0,0.7647058823529411,0.9285714285714286,0.9285714285714286,28,32
20211022A04_1,0.22,0.0,matched_rho_theta0,1.0,1.0,1.0,32,32
20211022A04_1,0.22,0.0,rho020_theta0,0.7647058823529411,0.9285714285714286,0.9285714285714286,28,32
20211022A04_1,0.22,0.025,matched_rho_theta0,0.875,0.875,1.0,32,28
20211022A04_1,0.22,0.025,rho020_theta0,0.6470588235294118,0.7857142857142857,0.7857142857142857,28,28
20211022A04_1,0.22,0.05,matched_rho_theta0,0.84375,0.84375,1.0,32,27
20211022A04_1,0.22,0.05,rho020_theta0,0.6176470588235294,0.75,0.7777777777777778,28,27
20211022A04_1,0.25,-0.05,matched_rho_theta0,0.9666666666666667,1.0,1.0,29,30
20211022A04_1,0.25,-0.05,rho020_theta0,0.45,0.6428571428571429,0.6428571428571429,28,30
20211022A04_1,0.25,-0.025,matched_rho_theta0,0.9666666666666667,1.0,1.0,29,30
20211022A04_1,0.25,-0.025,rho020_theta0,0.45,0.6428571428571429,0.6428571428571429,28,30
20211022A04_1,0.25,0.0,matched_rho_theta0,1.0,1.0,1.0,29,29
20211022A04_1,0.25,0.0,rho020_theta0,0.425,0.6071428571428571,0.6071428571428571,28,29
20211022A04_1,0.25,0.025,matched_rho_theta0,0.9310344827586207,0.9310344827586207,1.0,29,27
20211022A04_1,0.25,0.025,rho020_theta0,0.375,0.5357142857142857,0.5555555555555556,28,27
20211022A04_1,0.25,0.05,matched_rho_theta0,0.9310344827586207,0.9310344827586207,1.0,29,27
20211022A04_1,0.25,0.05,rho020_theta0,0.375,0.5357142857142857,0.5555555555555556,28,27
20211022A04_1,0.3,-0.05,matched_rho_theta0,0.9705882352941176,1.0,1.0,33,34
20211022A04_1,0.3,-0.05,rho020_theta0,0.24,0.42857142857142855,0.42857142857142855,28,34
20211022A04_1,0.3,-0.025,matched_rho_theta0,0.9705882352941176,1.0,1.0,33,34
20211022A04_1,0.3,-0.025,rho020_theta0,0.24,0.42857142857142855,0.42857142857142855,28,34
20211022A04_1,0.3,0.0,matched_rho_theta0,1.0,1.0,1.0,33,33
20211022A04_1,0.3,0.0,rho020_theta0,0.24489795918367346,0.42857142857142855,0.42857142857142855,28,33
20211022A04_1,0.3,0.025,matched_rho_theta0,0.9393939393939394,0.9393939393939394,1.0,33,31
20211022A04_1,0.3,0.025,rho020_theta0,0.22916666666666666,0.39285714285714285,0.39285714285714285,28,31
20211022A04_1,0.3,0.05,matched_rho_theta0,0.9090909090909091,0.9090909090909091,1.0,33,30
20211022A04_1,0.3,0.05,rho020_theta0,0.20833333333333334,0.35714285714285715,0.35714285714285715,28,30
20211022A04_1,0.35,-0.05,matched_rho_theta0,0.9736842105263158,1.0,1.0,37,38
20211022A04_1,0.35,-0.05,rho020_theta0,0.11864406779661017,0.25,0.25,28,38
20211022A04_1,0.35,-0.025,matched_rho_theta0,0.9736842105263158,1.0,1.0,37,38
20211022A04_1,0.35,-0.025,rho020_theta0,0.11864406779661017,0.25,0.25,28,38
20211022A04_1,0.35,0.0,matched_rho_theta0,1.0,1.0,1.0,37,37
20211022A04_1,0.35,0.0,rho020_theta0,0.1206896551724138,0.25,0.25,28,37
20211022A04_1,0.35,0.025,matched_rho_theta0,0.9459459459459459,0.9459459459459459,1.0,37,35
20211022A04_1,0.35,0.025,rho020_theta0,0.10526315789473684,0.21428571428571427,0.21428571428571427,28,35
20211022A04_1,0.35,0.05,matched_rho_theta0,0.918918918918919,0.918918918918919,1.0,37,34
20211022A04_1,0.35,0.05,rho020_theta0,0.08771929824561403,0.17857142857142858,0.17857142857142858,28,34
20211029A07_1,0.15,-0.05,matched_rho_theta0,0.8333333333333334,0.9090909090909091,0.9090909090909091,44,44
20211029A07_1,0.15,-0.05,rho020_theta0,0.4927536231884058,0.576271186440678,0.7727272727272727,59,44
20211029A07_1,0.15,-0.025,matched_rho_theta0,0.8723404255319149,0.9318181818181818,0.9318181818181818,44,44
20211029A07_1,0.15,-0.025,rho020_theta0,0.5147058823529411,0.5932203389830508,0.7954545454545454,59,44
20211029A07_1,0.15,0.0,matched_rho_theta0,1.0,1.0,1.0,44,44
20211029A07_1,0.15,0.0,rho020_theta0,0.5373134328358209,0.6101694915254238,0.8181818181818182,59,44
20211029A07_1,0.15,0.025,matched_rho_theta0,0.7959183673469388,0.8863636363636364,0.8863636363636364,44,44
20211029A07_1,0.15,0.025,rho020_theta0,0.4927536231884058,0.576271186440678,0.7727272727272727,59,44
20211029A07_1,0.15,0.05,matched_rho_theta0,0.6923076923076923,0.8181818181818182,0.8181818181818182,44,44
20211029A07_1,0.15,0.05,rho020_theta0,0.4927536231884058,0.576271186440678,0.7727272727272727,59,44
20211029A07_1,0.18,-0.05,matched_rho_theta0,0.9272727272727272,0.9622641509433962,0.9622641509433962,53,53
20211029A07_1,0.18,-0.05,rho020_theta0,0.696969696969697,0.7796610169491526,0.8679245283018868,59,53
20211029A07_1,0.18,-0.025,matched_rho_theta0,0.9629629629629629,0.9811320754716981,0.9811320754716981,53,53
20211029A07_1,0.18,-0.025,rho020_theta0,0.696969696969697,0.7796610169491526,0.8679245283018868,59,53
20211029A07_1,0.18,0.0,matched_rho_theta0,1.0,1.0,1.0,53,53
20211029A07_1,0.18,0.0,rho020_theta0,0.7230769230769231,0.7966101694915254,0.8867924528301887,59,53
20211029A07_1,0.18,0.025,matched_rho_theta0,0.8275862068965517,0.9056603773584906,0.9056603773584906,53,53
20211029A07_1,0.18,0.025,rho020_theta0,0.6,0.711864406779661,0.7924528301886793,59,53
20211029A07_1,0.18,0.05,matched_rho_theta0,0.6825396825396826,0.8113207547169812,0.8113207547169812,53,53
20211029A07_1,0.18,0.05,rho020_theta0,0.6,0.711864406779661,0.7924528301886793,59,53
20211029A07_1,0.19,-0.05,matched_rho_theta0,0.9310344827586207,0.9642857142857143,0.9642857142857143,56,56
20211029A07_1,0.19,-0.05,rho020_theta0,0.796875,0.864406779661017,0.9107142857142857,59,56
20211029A07_1,0.19,-0.025,matched_rho_theta0,0.9649122807017544,0.9821428571428571,0.9821428571428571,56,56
20211029A07_1,0.19,-0.025,rho020_theta0,0.796875,0.864406779661017,0.9107142857142857,59,56
20211029A07_1,0.19,0.0,matched_rho_theta0,1.0,1.0,1.0,56,56
20211029A07_1,0.19,0.0,rho020_theta0,0.8253968253968254,0.8813559322033898,0.9285714285714286,59,56
20211029A07_1,0.19,0.025,matched_rho_theta0,0.8064516129032258,0.8928571428571429,0.8928571428571429,56,56
20211029A07_1,0.19,0.025,rho020_theta0,0.6911764705882353,0.7966101694915254,0.8392857142857143,59,56
20211029A07_1,0.19,0.05,matched_rho_theta0,0.6923076923076923,0.8035714285714286,0.8333333333333334,56,54
20211029A07_1,0.19,0.05,rho020_theta0,0.6617647058823529,0.7627118644067796,0.8333333333333334,59,54
20211029A07_1,0.2,-0.05,matched_rho_theta0,0.9666666666666667,0.9830508474576272,0.9830508474576272,59,59
20211029A07_1,0.2,-0.05,rho020_theta0,0.9666666666666667,0.9830508474576272,0.9830508474576272,59,59
20211029A07_1,0.2,-0.025,matched_rho_theta0,1.0,1.0,1.0,59,59
20211029A07_1,0.2,-0.025,rho020_theta0,1.0,1.0,1.0,59,59
20211029A07_1,0.2,0.0,matched_rho_theta0,1.0,1.0,1.0,59,59
20211029A07_1,0.2,0.0,rho020_theta0,1.0,1.0,1.0,59,59
20211029A07_1,0.2,0.025,matched_rho_theta0,0.7611940298507462,0.864406779661017,0.864406779661017,59,59
20211029A07_1,0.2,0.025,rho020_theta0,0.7611940298507462,0.864406779661017,0.864406779661017,59,59
20211029A07_1,0.2,0.05,matched_rho_theta0,0.6567164179104478,0.7457627118644068,0.8461538461538461,59,52
20211029A07_1,0.2,0.05,rho020_theta0,0.6567164179104478,0.7457627118644068,0.8461538461538461,59,52
20211029A07_1,0.21,-0.05,matched_rho_theta0,1.0,1.0,1.0,62,62
20211029A07_1,0.21,-0.05,rho020_theta0,0.7536231884057971,0.8813559322033898,0.8813559322033898,59,62
20211029A07_1,0.21,-0.025,matched_rho_theta0,1.0,1.0,1.0,62,62
20211029A07_1,0.21,-0.025,rho020_theta0,0.7536231884057971,0.8813559322033898,0.8813559322033898,59,62
20211029A07_1,0.21,0.0,matched_rho_theta0,1.0,1.0,1.0,62,62
20211029A07_1,0.21,0.0,rho020_theta0,0.7536231884057971,0.8813559322033898,0.8813559322033898,59,62
20211029A07_1,0.21,0.025,matched_rho_theta0,0.8507462686567164,0.9193548387096774,0.9193548387096774,62,62
20211029A07_1,0.21,0.025,rho020_theta0,0.6575342465753424,0.8135593220338984,0.8135593220338984,59,62
20211029A07_1,0.21,0.05,matched_rho_theta0,0.7538461538461538,0.7903225806451613,0.9423076923076923,62,52
20211029A07_1,0.21,0.05,rho020_theta0,0.5633802816901409,0.6779661016949152,0.7692307692307693,59,52
20211029A07_1,0.22,-0.05,matched_rho_theta0,0.9696969696969697,0.9846153846153847,0.9846153846153847,65,65
20211029A07_1,0.22,-0.05,rho020_theta0,0.6756756756756757,0.847457627118644,0.847457627118644,59,65
20211029A07_1,0.22,-0.025,matched_rho_theta0,0.9696969696969697,0.9846153846153847,0.9846153846153847,65,65
20211029A07_1,0.22,-0.025,rho020_theta0,0.6756756756756757,0.847457627118644,0.847457627118644,59,65
20211029A07_1,0.22,0.0,matched_rho_theta0,1.0,1.0,1.0,65,65
20211029A07_1,0.22,0.0,rho020_theta0,0.6756756756756757,0.847457627118644,0.847457627118644,59,65
20211029A07_1,0.22,0.025,matched_rho_theta0,0.8939393939393939,0.9076923076923077,0.9833333333333333,65,60
20211029A07_1,0.22,0.025,rho020_theta0,0.6081081081081081,0.7627118644067796,0.7627118644067796,59,60
20211029A07_1,0.22,0.05,matched_rho_theta0,0.7727272727272727,0.7846153846153846,0.9807692307692307,65,52
20211029A07_1,0.22,0.05,rho020_theta0,0.5205479452054794,0.6440677966101694,0.7307692307692307,59,52
20211029A07_1,0.25,-0.05,matched_rho_theta0,0.8974358974358975,0.9459459459459459,0.9459459459459459,74,74
20211029A07_1,0.25,-0.05,rho020_theta0,0.5833333333333334,0.8305084745762712,0.8305084745762712,59,74
20211029A07_1,0.25,-0.025,matched_rho_theta0,0.9733333333333334,0.9864864864864865,0.9864864864864865,74,74
20211029A07_1,0.25,-0.025,rho020_theta0,0.5833333333333334,0.8305084745762712,0.8305084745762712,59,74
20211029A07_1,0.25,0.0,matched_rho_theta0,1.0,1.0,1.0,74,74
20211029A07_1,0.25,0.0,rho020_theta0,0.5833333333333334,0.8305084745762712,0.8305084745762712,59,74
20211029A07_1,0.25,0.025,matched_rho_theta0,0.8333333333333334,0.8783783783783784,0.9420289855072463,74,69
20211029A07_1,0.25,0.025,rho020_theta0,0.5058823529411764,0.7288135593220338,0.7288135593220338,59,69
20211029A07_1,0.25,0.05,matched_rho_theta0,0.7142857142857143,0.7432432432432432,0.9482758620689655,74,58
20211029A07_1,0.25,0.05,rho020_theta0,0.4268292682926829,0.5932203389830508,0.603448275862069,59,58
20211029A07_1,0.3,-0.05,matched_rho_theta0,0.975,1.0,1.0,39,40
20211029A07_1,0.3,-0.05,rho020_theta0,0.3026315789473684,0.3898305084745763,0.575,59,40
20211029A07_1,0.3,-0.025,matched_rho_theta0,0.975,1.0,1.0,39,40
20211029A07_1,0.3,-0.025,rho020_theta0,0.3026315789473684,0.3898305084745763,0.575,59,40
20211029A07_1,0.3,0.0,matched_rho_theta0,1.0,1.0,1.0,39,39
20211029A07_1,0.3,0.0,rho020_theta0,0.30666666666666664,0.3898305084745763,0.5897435897435898,59,39
20211029A07_1,0.3,0.025,matched_rho_theta0,0.8205128205128205,0.8205128205128205,1.0,39,32
20211029A07_1,0.3,0.025,rho020_theta0,0.2465753424657534,0.3050847457627119,0.5625,59,32
20211029A07_1,0.3,0.05,matched_rho_theta0,0.6410256410256411,0.6410256410256411,1.0,39,25
20211029A07_1,0.3,0.05,rho020_theta0,0.18309859154929578,0.22033898305084745,0.52,59,25
20211029A07_1,0.35,-0.05,matched_rho_theta0,0.9767441860465116,1.0,1.0,42,43
20211029A07_1,0.35,-0.05,rho020_theta0,0.24390243902439024,0.3389830508474576,0.46511627906976744,59,43
20211029A07_1,0.35,-0.025,matched_rho_theta0,0.9767441860465116,1.0,1.0,42,43
20211029A07_1,0.35,-0.025,rho020_theta0,0.24390243902439024,0.3389830508474576,0.46511627906976744,59,43
20211029A07_1,0.35,0.0,matched_rho_theta0,1.0,1.0,1.0,42,42
20211029A07_1,0.35,0.0,rho020_theta0,0.24691358024691357,0.3389830508474576,0.47619047619047616,59,42
20211029A07_1,0.35,0.025,matched_rho_theta0,0.9047619047619048,0.9047619047619048,1.0,42,38
20211029A07_1,0.35,0.025,rho020_theta0,0.2125,0.288135593220339,0.4473684210526316,59,38
20211029A07_1,0.35,0.05,matched_rho_theta0,0.7619047619047619,0.7619047619047619,1.0,42,32
20211029A07_1,0.35,0.05,rho020_theta0,0.16666666666666666,0.22033898305084745,0.40625,59,32
20211030A04_1,0.15,-0.05,matched_rho_theta0,1.0,1.0,1.0,17,17
20211030A04_1,0.15,-0.05,rho020_theta0,0.5384615384615384,0.6086956521739131,0.8235294117647058,23,17
20211030A04_1,0.15,-0.025,matched_rho_theta0,1.0,1.0,1.0,17,17
20211030A04_1,0.15,-0.025,rho020_theta0,0.5384615384615384,0.6086956521739131,0.8235294117647058,23,17
20211030A04_1,0.15,0.0,matched_rho_theta0,1.0,1.0,1.0,17,17
20211030A04_1,0.15,0.0,rho020_theta0,0.5384615384615384,0.6086956521739131,0.8235294117647058,23,17
20211030A04_1,0.15,0.025,matched_rho_theta0,1.0,1.0,1.0,17,17
20211030A04_1,0.15,0.025,rho020_theta0,0.5384615384615384,0.6086956521739131,0.8235294117647058,23,17
20211030A04_1,0.15,0.05,matched_rho_theta0,1.0,1.0,1.0,17,17
20211030A04_1,0.15,0.05,rho020_theta0,0.5384615384615384,0.6086956521739131,0.8235294117647058,23,17
20211030A04_1,0.18,-0.05,matched_rho_theta0,1.0,1.0,1.0,20,20
20211030A04_1,0.18,-0.05,rho020_theta0,0.5925925925925926,0.6956521739130435,0.8,23,20
20211030A04_1,0.18,-0.025,matched_rho_theta0,1.0,1.0,1.0,20,20
20211030A04_1,0.18,-0.025,rho020_theta0,0.5925925925925926,0.6956521739130435,0.8,23,20
20211030A04_1,0.18,0.0,matched_rho_theta0,1.0,1.0,1.0,20,20
20211030A04_1,0.18,0.0,rho020_theta0,0.5925925925925926,0.6956521739130435,0.8,23,20
20211030A04_1,0.18,0.025,matched_rho_theta0,1.0,1.0,1.0,20,20
20211030A04_1,0.18,0.025,rho020_theta0,0.5925925925925926,0.6956521739130435,0.8,23,20
20211030A04_1,0.18,0.05,matched_rho_theta0,1.0,1.0,1.0,20,20
20211030A04_1,0.18,0.05,rho020_theta0,0.5925925925925926,0.6956521739130435,0.8,23,20
20211030A04_1,0.19,-0.05,matched_rho_theta0,1.0,1.0,1.0,22,22
20211030A04_1,0.19,-0.05,rho020_theta0,0.6666666666666666,0.782608695652174,0.8181818181818182,23,22
20211030A04_1,0.19,-0.025,matched_rho_theta0,1.0,1.0,1.0,22,22
20211030A04_1,0.19,-0.025,rho020_theta0,0.6666666666666666,0.782608695652174,0.8181818181818182,23,22
20211030A04_1,0.19,0.0,matched_rho_theta0,1.0,1.0,1.0,22,22
20211030A04_1,0.19,0.0,rho020_theta0,0.6666666666666666,0.782608695652174,0.8181818181818182,23,22
20211030A04_1,0.19,0.025,matched_rho_theta0,1.0,1.0,1.0,22,22
20211030A04_1,0.19,0.025,rho020_theta0,0.6666666666666666,0.782608695652174,0.8181818181818182,23,22
20211030A04_1,0.19,0.05,matched_rho_theta0,0.9130434782608695,0.9545454545454546,0.9545454545454546,22,22
20211030A04_1,0.19,0.05,rho020_theta0,0.7307692307692307,0.8260869565217391,0.8636363636363636,23,22
20211030A04_1,0.2,-0.05,matched_rho_theta0,1.0,1.0,1.0,23,23
20211030A04_1,0.2,-0.05,rho020_theta0,1.0,1.0,1.0,23,23
20211030A04_1,0.2,-0.025,matched_rho_theta0,1.0,1.0,1.0,23,23
20211030A04_1,0.2,-0.025,rho020_theta0,1.0,1.0,1.0,23,23
20211030A04_1,0.2,0.0,matched_rho_theta0,1.0,1.0,1.0,23,23
20211030A04_1,0.2,0.0,rho020_theta0,1.0,1.0,1.0,23,23
20211030A04_1,0.2,0.025,matched_rho_theta0,1.0,1.0,1.0,23,23
20211030A04_1,0.2,0.025,rho020_theta0,1.0,1.0,1.0,23,23
20211030A04_1,0.2,0.05,matched_rho_theta0,1.0,1.0,1.0,23,23
20211030A04_1,0.2,0.05,rho020_theta0,1.0,1.0,1.0,23,23
20211030A04_1,0.21,-0.05,matched_rho_theta0,1.0,1.0,1.0,24,24
20211030A04_1,0.21,-0.05,rho020_theta0,0.9583333333333334,1.0,1.0,23,24
20211030A04_1,0.21,-0.025,matched_rho_theta0,1.0,1.0,1.0,24,24
20211030A04_1,0.21,-0.025,rho020_theta0,0.9583333333333334,1.0,1.0,23,24
20211030A04_1,0.21,0.0,matched_rho_theta0,1.0,1.0,1.0,24,24
20211030A04_1,0.21,0.0,rho020_theta0,0.9583333333333334,1.0,1.0,23,24
20211030A04_1,0.21,0.025,matched_rho_theta0,1.0,1.0,1.0,24,24
20211030A04_1,0.21,0.025,rho020_theta0,0.9583333333333334,1.0,1.0,23,24
20211030A04_1,0.21,0.05,matched_rho_theta0,1.0,1.0,1.0,24,24
20211030A04_1,0.21,0.05,rho020_theta0,0.9583333333333334,1.0,1.0,23,24
20211030A04_1,0.22,-0.05,matched_rho_theta0,1.0,1.0,1.0,25,25
20211030A04_1,0.22,-0.05,rho020_theta0,0.8461538461538461,0.9565217391304348,0.9565217391304348,23,25
20211030A04_1,0.22,-0.025,matched_rho_theta0,1.0,1.0,1.0,25,25
20211030A04_1,0.22,-0.025,rho020_theta0,0.8461538461538461,0.9565217391304348,0.9565217391304348,23,25
20211030A04_1,0.22,0.0,matched_rho_theta0,1.0,1.0,1.0,25,25
20211030A04_1,0.22,0.0,rho020_theta0,0.8461538461538461,0.9565217391304348,0.9565217391304348,23,25
20211030A04_1,0.22,0.025,matched_rho_theta0,0.9230769230769231,0.96,0.96,25,25
20211030A04_1,0.22,0.025,rho020_theta0,0.7777777777777778,0.9130434782608695,0.9130434782608695,23,25
20211030A04_1,0.22,0.05,matched_rho_theta0,0.8518518518518519,0.92,0.92,25,25
20211030A04_1,0.22,0.05,rho020_theta0,0.7777777777777778,0.9130434782608695,0.9130434782608695,23,25
20211030A04_1,0.25,-0.05,matched_rho_theta0,1.0,1.0,1.0,29,29
20211030A04_1,0.25,-0.05,rho020_theta0,0.5294117647058824,0.782608695652174,0.782608695652174,23,29
20211030A04_1,0.25,-0.025,matched_rho_theta0,1.0,1.0,1.0,29,29
20211030A04_1,0.25,-0.025,rho020_theta0,0.5294117647058824,0.782608695652174,0.782608695652174,23,29
20211030A04_1,0.25,0.0,matched_rho_theta0,1.0,1.0,1.0,29,29
20211030A04_1,0.25,0.0,rho020_theta0,0.5294117647058824,0.782608695652174,0.782608695652174,23,29
20211030A04_1,0.25,0.025,matched_rho_theta0,0.9333333333333333,0.9655172413793104,0.9655172413793104,29,29
20211030A04_1,0.25,0.025,rho020_theta0,0.5294117647058824,0.782608695652174,0.782608695652174,23,29
20211030A04_1,0.25,0.05,matched_rho_theta0,0.8709677419354839,0.9310344827586207,0.9310344827586207,29,29
20211030A04_1,0.25,0.05,rho020_theta0,0.5294117647058824,0.782608695652174,0.782608695652174,23,29
20211030A04_1,0.3,-0.05,matched_rho_theta0,0.9655172413793104,1.0,1.0,28,29
20211030A04_1,0.3,-0.05,rho020_theta0,0.3,0.5217391304347826,0.5217391304347826,23,29
20211030A04_1,0.3,-0.025,matched_rho_theta0,0.9655172413793104,1.0,1.0,28,29
20211030A04_1,0.3,-0.025,rho020_theta0,0.3,0.5217391304347826,0.5217391304347826,23,29
20211030A04_1,0.3,0.0,matched_rho_theta0,1.0,1.0,1.0,28,28
20211030A04_1,0.3,0.0,rho020_theta0,0.3076923076923077,0.5217391304347826,0.5217391304347826,23,28
20211030A04_1,0.3,0.025,matched_rho_theta0,0.9642857142857143,0.9642857142857143,1.0,28,27
20211030A04_1,0.3,0.025,rho020_theta0,0.3157894736842105,0.5217391304347826,0.5217391304347826,23,27
20211030A04_1,0.3,0.05,matched_rho_theta0,0.9642857142857143,0.9642857142857143,1.0,28,27
20211030A04_1,0.3,0.05,rho020_theta0,0.3157894736842105,0.5217391304347826,0.5217391304347826,23,27
20211030A04_1,0.35,-0.05,matched_rho_theta0,0.9354838709677419,1.0,1.0,29,31
20211030A04_1,0.35,-0.05,rho020_theta0,0.125,0.2608695652173913,0.2608695652173913,23,31
20211030A04_1,0.35,-0.025,matched_rho_theta0,0.9666666666666667,1.0,1.0,29,30
20211030A04_1,0.35,-0.025,rho020_theta0,0.1276595744680851,0.2608695652173913,0.2608695652173913,23,30
20211030A04_1,0.35,0.0,matched_rho_theta0,1.0,1.0,1.0,29,29
20211030A04_1,0.35,0.0,rho020_theta0,0.13043478260869565,0.2608695652173913,0.2608695652173913,23,29
20211030A04_1,0.35,0.025,matched_rho_theta0,0.9655172413793104,0.9655172413793104,1.0,29,28
20211030A04_1,0.35,0.025,rho020_theta0,0.13333333333333333,0.2608695652173913,0.2608695652173913,23,28
20211030A04_1,0.35,0.05,matched_rho_theta0,0.9655172413793104,0.9655172413793104,1.0,29,28
20211030A04_1,0.35,0.05,rho020_theta0,0.13333333333333333,0.2608695652173913,0.2608695652173913,23,28
20211102A04_1,0.15,-0.05,matched_rho_theta0,0.9629629629629629,1.0,1.0,26,27
20211102A04_1,0.15,-0.05,rho020_theta0,0.5,0.6333333333333333,0.7037037037037037,30,27
20211102A04_1,0.15,-0.025,matched_rho_theta0,1.0,1.0,1.0,26,26
20211102A04_1,0.15,-0.025,rho020_theta0,0.5135135135135135,0.6333333333333333,0.7307692307692307,30,26
20211102A04_1,0.15,0.0,matched_rho_theta0,1.0,1.0,1.0,26,26
20211102A04_1,0.15,0.0,rho020_theta0,0.5135135135135135,0.6333333333333333,0.7307692307692307,30,26
20211102A04_1,0.15,0.025,matched_rho_theta0,1.0,1.0,1.0,26,26
20211102A04_1,0.15,0.025,rho020_theta0,0.5135135135135135,0.6333333333333333,0.7307692307692307,30,26
20211102A04_1,0.15,0.05,matched_rho_theta0,0.9615384615384616,0.9615384615384616,1.0,26,25
20211102A04_1,0.15,0.05,rho020_theta0,0.5277777777777778,0.6333333333333333,0.76,30,25
20211102A04_1,0.18,-0.05,matched_rho_theta0,0.9666666666666667,1.0,1.0,29,30
20211102A04_1,0.18,-0.05,rho020_theta0,0.7647058823529411,0.8666666666666667,0.8666666666666667,30,30
20211102A04_1,0.18,-0.025,matched_rho_theta0,1.0,1.0,1.0,29,29
20211102A04_1,0.18,-0.025,rho020_theta0,0.7878787878787878,0.8666666666666667,0.896551724137931,30,29
20211102A04_1,0.18,0.0,matched_rho_theta0,1.0,1.0,1.0,29,29
20211102A04_1,0.18,0.0,rho020_theta0,0.7878787878787878,0.8666666666666667,0.896551724137931,30,29
20211102A04_1,0.18,0.025,matched_rho_theta0,1.0,1.0,1.0,29,29
20211102A04_1,0.18,0.025,rho020_theta0,0.7878787878787878,0.8666666666666667,0.896551724137931,30,29
20211102A04_1,0.18,0.05,matched_rho_theta0,0.9310344827586207,0.9310344827586207,1.0,29,27
20211102A04_1,0.18,0.05,rho020_theta0,0.78125,0.8333333333333334,0.9259259259259259,30,27
20211102A04_1,0.19,-0.05,matched_rho_theta0,0.9655172413793104,1.0,1.0,28,29
20211102A04_1,0.19,-0.05,rho020_theta0,0.84375,0.9,0.9310344827586207,30,29
20211102A04_1,0.19,-0.025,matched_rho_theta0,1.0,1.0,1.0,28,28
20211102A04_1,0.19,-0.025,rho020_theta0,0.8709677419354839,0.9,0.9642857142857143,30,28
20211102A04_1,0.19,0.0,matched_rho_theta0,1.0,1.0,1.0,28,28
20211102A04_1,0.19,0.0,rho020_theta0,0.8709677419354839,0.9,0.9642857142857143,30,28
20211102A04_1,0.19,0.025,matched_rho_theta0,1.0,1.0,1.0,28,28
20211102A04_1,0.19,0.025,rho020_theta0,0.8709677419354839,0.9,0.9642857142857143,30,28
20211102A04_1,0.19,0.05,matched_rho_theta0,0.9285714285714286,0.9285714285714286,1.0,28,26
20211102A04_1,0.19,0.05,rho020_theta0,0.8064516129032258,0.8333333333333334,0.9615384615384616,30,26
20211102A04_1,0.2,-0.05,matched_rho_theta0,0.967741935483871,1.0,1.0,30,31
20211102A04_1,0.2,-0.05,rho020_theta0,0.967741935483871,1.0,1.0,30,31
20211102A04_1,0.2,-0.025,matched_rho_theta0,1.0,1.0,1.0,30,30
20211102A04_1,0.2,-0.025,rho020_theta0,1.0,1.0,1.0,30,30
20211102A04_1,0.2,0.0,matched_rho_theta0,1.0,1.0,1.0,30,30
20211102A04_1,0.2,0.0,rho020_theta0,1.0,1.0,1.0,30,30
20211102A04_1,0.2,0.025,matched_rho_theta0,1.0,1.0,1.0,30,30
20211102A04_1,0.2,0.025,rho020_theta0,1.0,1.0,1.0,30,30
20211102A04_1,0.2,0.05,matched_rho_theta0,0.9333333333333333,0.9333333333333333,1.0,30,28
20211102A04_1,0.2,0.05,rho020_theta0,0.9333333333333333,0.9333333333333333,1.0,30,28
20211102A04_1,0.21,-0.05,matched_rho_theta0,0.96875,1.0,1.0,31,32
20211102A04_1,0.21,-0.05,rho020_theta0,0.8787878787878788,0.9666666666666667,0.9666666666666667,30,32
20211102A04_1,0.21,-0.025,matched_rho_theta0,1.0,1.0,1.0,31,31
20211102A04_1,0.21,-0.025,rho020_theta0,0.90625,0.9666666666666667,0.9666666666666667,30,31
20211102A04_1,0.21,0.0,matched_rho_theta0,1.0,1.0,1.0,31,31
20211102A04_1,0.21,0.0,rho020_theta0,0.90625,0.9666666666666667,0.9666666666666667,30,31
20211102A04_1,0.21,0.025,matched_rho_theta0,1.0,1.0,1.0,31,31
20211102A04_1,0.21,0.025,rho020_theta0,0.90625,0.9666666666666667,0.9666666666666667,30,31
20211102A04_1,0.21,0.05,matched_rho_theta0,0.9354838709677419,0.9354838709677419,1.0,31,29
20211102A04_1,0.21,0.05,rho020_theta0,0.84375,0.9,0.9310344827586207,30,29
20211102A04_1,0.22,-0.05,matched_rho_theta0,0.9696969696969697,1.0,1.0,32,33
20211102A04_1,0.22,-0.05,rho020_theta0,0.75,0.9,0.9,30,33
20211102A04_1,0.22,-0.025,matched_rho_theta0,1.0,1.0,1.0,32,32
20211102A04_1,0.22,-0.025,rho020_theta0,0.7714285714285715,0.9,0.9,30,32
20211102A04_1,0.22,0.0,matched_rho_theta0,1.0,1.0,1.0,32,32
20211102A04_1,0.22,0.0,rho020_theta0,0.7714285714285715,0.9,0.9,30,32
20211102A04_1,0.22,0.025,matched_rho_theta0,1.0,1.0,1.0,32,32
20211102A04_1,0.22,0.025,rho020_theta0,0.7714285714285715,0.9,0.9,30,32
20211102A04_1,0.22,0.05,matched_rho_theta0,0.9375,0.9375,1.0,32,30
20211102A04_1,0.22,0.05,rho020_theta0,0.7142857142857143,0.8333333333333334,0.8333333333333334,30,30
20211102A04_1,0.25,-0.05,matched_rho_theta0,1.0,1.0,1.0,31,31
20211102A04_1,0.25,-0.05,rho020_theta0,0.5641025641025641,0.7333333333333333,0.7333333333333333,30,31
20211102A04_1,0.25,-0.025,matched_rho_theta0,1.0,1.0,1.0,31,31
20211102A04_1,0.25,-0.025,rho020_theta0,0.5641025641025641,0.7333333333333333,0.7333333333333333,30,31
20211102A04_1,0.25,0.0,matched_rho_theta0,1.0,1.0,1.0,31,31
20211102A04_1,0.25,0.0,rho020_theta0,0.5641025641025641,0.7333333333333333,0.7333333333333333,30,31
20211102A04_1,0.25,0.025,matched_rho_theta0,1.0,1.0,1.0,31,31
20211102A04_1,0.25,0.025,rho020_theta0,0.5641025641025641,0.7333333333333333,0.7333333333333333,30,31
20211102A04_1,0.25,0.05,matched_rho_theta0,0.967741935483871,0.967741935483871,1.0,31,30
20211102A04_1,0.25,0.05,rho020_theta0,0.5384615384615384,0.7,0.7,30,30
20211102A04_1,0.3,-0.05,matched_rho_theta0,1.0,1.0,1.0,34,34
20211102A04_1,0.3,-0.05,rho020_theta0,0.30612244897959184,0.5,0.5,30,34
20211102A04_1,0.3,-0.025,matched_rho_theta0,1.0,1.0,1.0,34,34
20211102A04_1,0.3,-0.025,rho020_theta0,0.30612244897959184,0.5,0.5,30,34
20211102A04_1,0.3,0.0,matched_rho_theta0,1.0,1.0,1.0,34,34
20211102A04_1,0.3,0.0,rho020_theta0,0.30612244897959184,0.5,0.5,30,34
20211102A04_1,0.3,0.025,matched_rho_theta0,0.9705882352941176,0.9705882352941176,1.0,34,33
20211102A04_1,0.3,0.025,rho020_theta0,0.2857142857142857,0.4666666666666667,0.4666666666666667,30,33
20211102A04_1,0.3,0.05,matched_rho_theta0,0.9705882352941176,0.9705882352941176,1.0,34,33
20211102A04_1,0.3,0.05,rho020_theta0,0.2857142857142857,0.4666666666666667,0.4666666666666667,30,33
20211102A04_1,0.35,-0.05,matched_rho_theta0,1.0,1.0,1.0,38,38
20211102A04_1,0.35,-0.05,rho020_theta0,0.23636363636363636,0.43333333333333335,0.43333333333333335,30,38
20211102A04_1,0.35,-0.025,matched_rho_theta0,1.0,1.0,1.0,38,38
20211102A04_1,0.35,-0.025,rho020_theta0,0.23636363636363636,0.43333333333333335,0.43333333333333335,30,38
20211102A04_1,0.35,0.0,matched_rho_theta0,1.0,1.0,1.0,38,38
20211102A04_1,0.35,0.0,rho020_theta0,0.23636363636363636,0.43333333333333335,0.43333333333333335,30,38
20211102A04_1,0.35,0.025,matched_rho_theta0,0.9736842105263158,0.9736842105263158,1.0,38,37
20211102A04_1,0.35,0.025,rho020_theta0,0.21818181818181817,0.4,0.4,30,37
20211102A04_1,0.35,0.05,matched_rho_theta0,0.9473684210526315,0.9473684210526315,1.0,38,36
20211102A04_1,0.35,0.05,rho020_theta0,0.2,0.36666666666666664,0.36666666666666664,30,36
20211102A06_1,0.15,-0.05,matched_rho_theta0,0.8918918918918919,0.9428571428571428,0.9428571428571428,35,35
20211102A06_1,0.15,-0.05,rho020_theta0,0.36666666666666664,0.46808510638297873,0.6285714285714286,47,35
20211102A06_1,0.15,-0.025,matched_rho_theta0,0.9444444444444444,0.9714285714285714,0.9714285714285714,35,35
20211102A06_1,0.15,-0.025,rho020_theta0,0.3898305084745763,0.48936170212765956,0.6571428571428571,47,35
20211102A06_1,0.15,0.0,matched_rho_theta0,1.0,1.0,1.0,35,35
20211102A06_1,0.15,0.0,rho020_theta0,0.41379310344827586,0.5106382978723404,0.6857142857142857,47,35
20211102A06_1,0.15,0.025,matched_rho_theta0,1.0,1.0,1.0,35,35
20211102A06_1,0.15,0.025,rho020_theta0,0.41379310344827586,0.5106382978723404,0.6857142857142857,47,35
20211102A06_1,0.15,0.05,matched_rho_theta0,1.0,1.0,1.0,35,35
20211102A06_1,0.15,0.05,rho020_theta0,0.41379310344827586,0.5106382978723404,0.6857142857142857,47,35
20211102A06_1,0.18,-0.05,matched_rho_theta0,0.9090909090909091,0.9523809523809523,0.9523809523809523,42,42
20211102A06_1,0.18,-0.05,rho020_theta0,0.5614035087719298,0.6808510638297872,0.7619047619047619,47,42
20211102A06_1,0.18,-0.025,matched_rho_theta0,0.9090909090909091,0.9523809523809523,0.9523809523809523,42,42
20211102A06_1,0.18,-0.025,rho020_theta0,0.5614035087719298,0.6808510638297872,0.7619047619047619,47,42
20211102A06_1,0.18,0.0,matched_rho_theta0,1.0,1.0,1.0,42,42
20211102A06_1,0.18,0.0,rho020_theta0,0.6181818181818182,0.723404255319149,0.8095238095238095,47,42
20211102A06_1,0.18,0.025,matched_rho_theta0,1.0,1.0,1.0,42,42
20211102A06_1,0.18,0.025,rho020_theta0,0.6181818181818182,0.723404255319149,0.8095238095238095,47,42
20211102A06_1,0.18,0.05,matched_rho_theta0,1.0,1.0,1.0,42,42
20211102A06_1,0.18,0.05,rho020_theta0,0.6181818181818182,0.723404255319149,0.8095238095238095,47,42
20211102A06_1,0.19,-0.05,matched_rho_theta0,0.9130434782608695,0.9545454545454546,0.9545454545454546,44,44
20211102A06_1,0.19,-0.05,rho020_theta0,0.625,0.7446808510638298,0.7954545454545454,47,44
20211102A06_1,0.19,-0.025,matched_rho_theta0,0.9130434782608695,0.9545454545454546,0.9545454545454546,44,44
20211102A06_1,0.19,-0.025,rho020_theta0,0.625,0.7446808510638298,0.7954545454545454,47,44
20211102A06_1,0.19,0.0,matched_rho_theta0,1.0,1.0,1.0,44,44
20211102A06_1,0.19,0.0,rho020_theta0,0.6851851851851852,0.7872340425531915,0.8409090909090909,47,44
20211102A06_1,0.19,0.025,matched_rho_theta0,0.9555555555555556,0.9772727272727273,0.9772727272727273,44,44
20211102A06_1,0.19,0.025,rho020_theta0,0.6851851851851852,0.7872340425531915,0.8409090909090909,47,44
20211102A06_1,0.19,0.05,matched_rho_theta0,0.9555555555555556,0.9772727272727273,0.9772727272727273,44,44
20211102A06_1,0.19,0.05,rho020_theta0,0.6851851851851852,0.7872340425531915,0.8409090909090909,47,44
20211102A06_1,0.2,-0.05,matched_rho_theta0,0.9183673469387755,0.9574468085106383,0.9574468085106383,47,47
20211102A06_1,0.2,-0.05,rho020_theta0,0.9183673469387755,0.9574468085106383,0.9574468085106383,47,47
20211102A06_1,0.2,-0.025,matched_rho_theta0,0.9583333333333334,0.9787234042553191,0.9787234042553191,47,47
20211102A06_1,0.2,-0.025,rho020_theta0,0.9583333333333334,0.9787234042553191,0.9787234042553191,47,47
20211102A06_1,0.2,0.0,matched_rho_theta0,1.0,1.0,1.0,47,47
20211102A06_1,0.2,0.0,rho020_theta0,1.0,1.0,1.0,47,47
20211102A06_1,0.2,0.025,matched_rho_theta0,0.88,0.9361702127659575,0.9361702127659575,47,47
20211102A06_1,0.2,0.025,rho020_theta0,0.88,0.9361702127659575,0.9361702127659575,47,47
20211102A06_1,0.2,0.05,matched_rho_theta0,0.88,0.9361702127659575,0.9361702127659575,47,47
20211102A06_1,0.2,0.05,rho020_theta0,0.88,0.9361702127659575,0.9361702127659575,47,47
20211102A06_1,0.21,-0.05,matched_rho_theta0,0.9215686274509803,0.9591836734693877,0.9591836734693877,49,49
20211102A06_1,0.21,-0.05,rho020_theta0,0.6551724137931034,0.8085106382978723,0.8085106382978723,47,49
20211102A06_1,0.21,-0.025,matched_rho_theta0,0.96,0.9795918367346939,0.9795918367346939,49,49
20211102A06_1,0.21,-0.025,rho020_theta0,0.6551724137931034,0.8085106382978723,0.8085106382978723,47,49
20211102A06_1,0.21,0.0,matched_rho_theta0,1.0,1.0,1.0,49,49
20211102A06_1,0.21,0.0,rho020_theta0,0.6842105263157895,0.8297872340425532,0.8297872340425532,47,49
20211102A06_1,0.21,0.025,matched_rho_theta0,0.9215686274509803,0.9591836734693877,0.9591836734693877,49,49
20211102A06_1,0.21,0.025,rho020_theta0,0.6842105263157895,0.8297872340425532,0.8297872340425532,47,49
20211102A06_1,0.21,0.05,matched_rho_theta0,0.8490566037735849,0.9183673469387755,0.9183673469387755,49,49
20211102A06_1,0.21,0.05,rho020_theta0,0.6842105263157895,0.8297872340425532,0.8297872340425532,47,49
20211102A06_1,0.22,-0.05,matched_rho_theta0,0.9245283018867925,0.9607843137254902,0.9607843137254902,51,51
20211102A06_1,0.22,-0.05,rho020_theta0,0.6333333333333333,0.8085106382978723,0.8085106382978723,47,51
20211102A06_1,0.22,-0.025,matched_rho_theta0,0.9615384615384616,0.9803921568627451,0.9803921568627451,51,51
20211102A06_1,0.22,-0.025,rho020_theta0,0.6333333333333333,0.8085106382978723,0.8085106382978723,47,51
20211102A06_1,0.22,0.0,matched_rho_theta0,1.0,1.0,1.0,51,51
20211102A06_1,0.22,0.0,rho020_theta0,0.6333333333333333,0.8085106382978723,0.8085106382978723,47,51
20211102A06_1,0.22,0.025,matched_rho_theta0,0.9245283018867925,0.9607843137254902,0.9607843137254902,51,51
20211102A06_1,0.22,0.025,rho020_theta0,0.6333333333333333,0.8085106382978723,0.8085106382978723,47,51
20211102A06_1,0.22,0.05,matched_rho_theta0,0.8545454545454545,0.9215686274509803,0.9215686274509803,51,51
20211102A06_1,0.22,0.05,rho020_theta0,0.6333333333333333,0.8085106382978723,0.8085106382978723,47,51
20211102A06_1,0.25,-0.05,matched_rho_theta0,0.8548387096774194,0.9298245614035088,0.9298245614035088,57,58
20211102A06_1,0.25,-0.05,rho020_theta0,0.4383561643835616,0.6808510638297872,0.6808510638297872,47,58
20211102A06_1,0.25,-0.025,matched_rho_theta0,0.9491525423728814,0.9824561403508771,0.9824561403508771,57,58
20211102A06_1,0.25,-0.025,rho020_theta0,0.4383561643835616,0.6808510638297872,0.6808510638297872,47,58
20211102A06_1,0.25,0.0,matched_rho_theta0,1.0,1.0,1.0,57,57
20211102A06_1,0.25,0.0,rho020_theta0,0.4647887323943662,0.7021276595744681,0.7021276595744681,47,57
20211102A06_1,0.25,0.025,matched_rho_theta0,0.9824561403508771,0.9824561403508771,1.0,57,56
20211102A06_1,0.25,0.025,rho020_theta0,0.4507042253521127,0.6808510638297872,0.6808510638297872,47,56
20211102A06_1,0.25,0.05,matched_rho_theta0,0.9122807017543859,0.9122807017543859,1.0,57,52
20211102A06_1,0.25,0.05,rho020_theta0,0.43478260869565216,0.6382978723404256,0.6382978723404256,47,52
20211102A06_1,0.3,-0.05,matched_rho_theta0,1.0,1.0,1.0,62,62
20211102A06_1,0.3,-0.05,rho020_theta0,0.2823529411764706,0.5106382978723404,0.5106382978723404,47,62
20211102A06_1,0.3,-0.025,matched_rho_theta0,1.0,1.0,1.0,62,62
20211102A06_1,0.3,-0.025,rho020_theta0,0.2823529411764706,0.5106382978723404,0.5106382978723404,47,62
20211102A06_1,0.3,0.0,matched_rho_theta0,1.0,1.0,1.0,62,62
20211102A06_1,0.3,0.0,rho020_theta0,0.2823529411764706,0.5106382978723404,0.5106382978723404,47,62
20211102A06_1,0.3,0.025,matched_rho_theta0,0.967741935483871,0.967741935483871,1.0,62,60
20211102A06_1,0.3,0.025,rho020_theta0,0.2891566265060241,0.5106382978723404,0.5106382978723404,47,60
20211102A06_1,0.3,0.05,matched_rho_theta0,0.9193548387096774,0.9193548387096774,1.0,62,57
20211102A06_1,0.3,0.05,rho020_theta0,0.2839506172839506,0.48936170212765956,0.48936170212765956,47,57
20211102A06_1,0.35,-0.05,matched_rho_theta0,0.9818181818181818,1.0,1.0,54,55
20211102A06_1,0.35,-0.05,rho020_theta0,0.12087912087912088,0.23404255319148937,0.23404255319148937,47,55
20211102A06_1,0.35,-0.025,matched_rho_theta0,0.9818181818181818,1.0,1.0,54,55
20211102A06_1,0.35,-0.025,rho020_theta0,0.12087912087912088,0.23404255319148937,0.23404255319148937,47,55
20211102A06_1,0.35,0.0,matched_rho_theta0,1.0,1.0,1.0,54,54
20211102A06_1,0.35,0.0,rho020_theta0,0.12222222222222222,0.23404255319148937,0.23404255319148937,47,54
20211102A06_1,0.35,0.025,matched_rho_theta0,1.0,1.0,1.0,54,54
20211102A06_1,0.35,0.025,rho020_theta0,0.12222222222222222,0.23404255319148937,0.23404255319148937,47,54
20211102A06_1,0.35,0.05,matched_rho_theta0,0.9259259259259259,0.9259259259259259,1.0,54,50
20211102A06_1,0.35,0.05,rho020_theta0,0.11494252873563218,0.2127659574468085,0.2127659574468085,47,50
20211102A11_1,0.15,-0.05,matched_rho_theta0,1.0,1.0,1.0,23,23
20211102A11_1,0.15,-0.05,rho020_theta0,0.5,0.6071428571428571,0.7391304347826086,28,23
20211102A11_1,0.15,-0.025,matched_rho_theta0,1.0,1.0,1.0,23,23
20211102A11_1,0.15,-0.025,rho020_theta0,0.5,0.6071428571428571,0.7391304347826086,28,23
20211102A11_1,0.15,0.0,matched_rho_theta0,1.0,1.0,1.0,23,23
20211102A11_1,0.15,0.0,rho020_theta0,0.5,0.6071428571428571,0.7391304347826086,28,23
20211102A11_1,0.15,0.025,matched_rho_theta0,0.9565217391304348,0.9565217391304348,1.0,23,22
20211102A11_1,0.15,0.025,rho020_theta0,0.5151515151515151,0.6071428571428571,0.7727272727272727,28,22
20211102A11_1,0.15,0.05,matched_rho_theta0,0.8695652173913043,0.8695652173913043,1.0,23,20
20211102A11_1,0.15,0.05,rho020_theta0,0.45454545454545453,0.5357142857142857,0.75,28,20
20211102A11_1,0.18,-0.05,matched_rho_theta0,1.0,1.0,1.0,28,28
20211102A11_1,0.18,-0.05,rho020_theta0,0.696969696969697,0.8214285714285714,0.8214285714285714,28,28
20211102A11_1,0.18,-0.025,matched_rho_theta0,1.0,1.0,1.0,28,28
20211102A11_1,0.18,-0.025,rho020_theta0,0.696969696969697,0.8214285714285714,0.8214285714285714,28,28
20211102A11_1,0.18,0.0,matched_rho_theta0,1.0,1.0,1.0,28,28
20211102A11_1,0.18,0.0,rho020_theta0,0.696969696969697,0.8214285714285714,0.8214285714285714,28,28
20211102A11_1,0.18,0.025,matched_rho_theta0,0.9642857142857143,0.9642857142857143,1.0,28,27
20211102A11_1,0.18,0.025,rho020_theta0,0.71875,0.8214285714285714,0.8518518518518519,28,27
20211102A11_1,0.18,0.05,matched_rho_theta0,0.8571428571428571,0.8571428571428571,1.0,28,24
20211102A11_1,0.18,0.05,rho020_theta0,0.625,0.7142857142857143,0.8333333333333334,28,24
20211102A11_1,0.19,-0.05,matched_rho_theta0,1.0,1.0,1.0,29,29
20211102A11_1,0.19,-0.05,rho020_theta0,0.78125,0.8928571428571429,0.8928571428571429,28,29
20211102A11_1,0.19,-0.025,matched_rho_theta0,1.0,1.0,1.0,29,29
20211102A11_1,0.19,-0.025,rho020_theta0,0.78125,0.8928571428571429,0.8928571428571429,28,29
20211102A11_1,0.19,0.0,matched_rho_theta0,1.0,1.0,1.0,29,29
20211102A11_1,0.19,0.0,rho020_theta0,0.78125,0.8928571428571429,0.8928571428571429,28,29
20211102A11_1,0.19,0.025,matched_rho_theta0,0.9655172413793104,0.9655172413793104,1.0,29,28
20211102A11_1,0.19,0.025,rho020_theta0,0.8064516129032258,0.8928571428571429,0.8928571428571429,28,28
20211102A11_1,0.19,0.05,matched_rho_theta0,0.7931034482758621,0.7931034482758621,1.0,29,23
20211102A11_1,0.19,0.05,rho020_theta0,0.6451612903225806,0.7142857142857143,0.8695652173913043,28,23
20211102A11_1,0.2,-0.05,matched_rho_theta0,0.9655172413793104,1.0,1.0,28,29
20211102A11_1,0.2,-0.05,rho020_theta0,0.9655172413793104,1.0,1.0,28,29
20211102A11_1,0.2,-0.025,matched_rho_theta0,0.9655172413793104,1.0,1.0,28,29
20211102A11_1,0.2,-0.025,rho020_theta0,0.9655172413793104,1.0,1.0,28,29
20211102A11_1,0.2,0.0,matched_rho_theta0,1.0,1.0,1.0,28,28
20211102A11_1,0.2,0.0,rho020_theta0,1.0,1.0,1.0,28,28
20211102A11_1,0.2,0.025,matched_rho_theta0,1.0,1.0,1.0,28,28
20211102A11_1,0.2,0.025,rho020_theta0,1.0,1.0,1.0,28,28
20211102A11_1,0.2,0.05,matched_rho_theta0,0.8214285714285714,0.8214285714285714,1.0,28,23
20211102A11_1,0.2,0.05,rho020_theta0,0.8214285714285714,0.8214285714285714,1.0,28,23
20211102A11_1,0.21,-0.05,matched_rho_theta0,0.9666666666666667,1.0,1.0,29,30
20211102A11_1,0.21,-0.05,rho020_theta0,0.8709677419354839,0.9642857142857143,0.9642857142857143,28,30
20211102A11_1,0.21,-0.025,matched_rho_theta0,0.9666666666666667,1.0,1.0,29,30
20211102A11_1,0.21,-0.025,rho020_theta0,0.8709677419354839,0.9642857142857143,0.9642857142857143,28,30
20211102A11_1,0.21,0.0,matched_rho_theta0,1.0,1.0,1.0,29,29
20211102A11_1,0.21,0.0,rho020_theta0,0.9,0.9642857142857143,0.9642857142857143,28,29
20211102A11_1,0.21,0.025,matched_rho_theta0,1.0,1.0,1.0,29,29
20211102A11_1,0.21,0.025,rho020_theta0,0.9,0.9642857142857143,0.9642857142857143,28,29
20211102A11_1,0.21,0.05,matched_rho_theta0,0.8275862068965517,0.8275862068965517,1.0,29,24
20211102A11_1,0.21,0.05,rho020_theta0,0.7333333333333333,0.7857142857142857,0.9166666666666666,28,24
20211102A11_1,0.22,-0.05,matched_rho_theta0,0.9655172413793104,1.0,1.0,28,29
20211102A11_1,0.22,-0.05,rho020_theta0,0.7272727272727273,0.8571428571428571,0.8571428571428571,28,29
20211102A11_1,0.22,-0.025,matched_rho_theta0,0.9655172413793104,1.0,1.0,28,29
20211102A11_1,0.22,-0.025,rho020_theta0,0.7272727272727273,0.8571428571428571,0.8571428571428571,28,29
20211102A11_1,0.22,0.0,matched_rho_theta0,1.0,1.0,1.0,28,28
20211102A11_1,0.22,0.0,rho020_theta0,0.75,0.8571428571428571,0.8571428571428571,28,28
20211102A11_1,0.22,0.025,matched_rho_theta0,1.0,1.0,1.0,28,28
20211102A11_1,0.22,0.025,rho020_theta0,0.75,0.8571428571428571,0.8571428571428571,28,28
20211102A11_1,0.22,0.05,matched_rho_theta0,0.8571428571428571,0.8571428571428571,1.0,28,24
20211102A11_1,0.22,0.05,rho020_theta0,0.625,0.7142857142857143,0.8333333333333334,28,24
20211102A11_1,0.25,-0.05,matched_rho_theta0,0.9714285714285714,1.0,1.0,34,35
20211102A11_1,0.25,-0.05,rho020_theta0,0.5365853658536586,0.7857142857142857,0.7857142857142857,28,35
20211102A11_1,0.25,-0.025,matched_rho_theta0,0.9714285714285714,1.0,1.0,34,35
20211102A11_1,0.25,-0.025,rho020_theta0,0.5365853658536586,0.7857142857142857,0.7857142857142857,28,35
20211102A11_1,0.25,0.0,matched_rho_theta0,1.0,1.0,1.0,34,34
20211102A11_1,0.25,0.0,rho020_theta0,0.55,0.7857142857142857,0.7857142857142857,28,34
20211102A11_1,0.25,0.025,matched_rho_theta0,1.0,1.0,1.0,34,34
20211102A11_1,0.25,0.025,rho020_theta0,0.55,0.7857142857142857,0.7857142857142857,28,34
20211102A11_1,0.25,0.05,matched_rho_theta0,0.9117647058823529,0.9117647058823529,1.0,34,31
20211102A11_1,0.25,0.05,rho020_theta0,0.475,0.6785714285714286,0.6785714285714286,28,31
20211102A11_1,0.3,-0.05,matched_rho_theta0,1.0,1.0,1.0,43,43
20211102A11_1,0.3,-0.05,rho020_theta0,0.4489795918367347,0.7857142857142857,0.7857142857142857,28,43
20211102A11_1,0.3,-0.025,matched_rho_theta0,1.0,1.0,1.0,43,43
20211102A11_1,0.3,-0.025,rho020_theta0,0.4489795918367347,0.7857142857142857,0.7857142857142857,28,43
20211102A11_1,0.3,0.0,matched_rho_theta0,1.0,1.0,1.0,43,43
20211102A11_1,0.3,0.0,rho020_theta0,0.4489795918367347,0.7857142857142857,0.7857142857142857,28,43
20211102A11_1,0.3,0.025,matched_rho_theta0,0.9767441860465116,0.9767441860465116,1.0,43,42
20211102A11_1,0.3,0.025,rho020_theta0,0.4583333333333333,0.7857142857142857,0.7857142857142857,28,42
20211102A11_1,0.3,0.05,matched_rho_theta0,0.9069767441860465,0.9069767441860465,1.0,43,39
20211102A11_1,0.3,0.05,rho020_theta0,0.3958333333333333,0.6785714285714286,0.6785714285714286,28,39
20211102A11_1,0.35,-0.05,matched_rho_theta0,1.0,1.0,1.0,49,49
20211102A11_1,0.35,-0.05,rho020_theta0,0.3508771929824561,0.7142857142857143,0.7142857142857143,28,49
20211102A11_1,0.35,-0.025,matched_rho_theta0,1.0,1.0,1.0,49,49
20211102A11_1,0.35,-0.025,rho020_theta0,0.3508771929824561,0.7142857142857143,0.7142857142857143,28,49
20211102A11_1,0.35,0.0,matched_rho_theta0,1.0,1.0,1.0,49,49
20211102A11_1,0.35,0.0,rho020_theta0,0.3508771929824561,0.7142857142857143,0.7142857142857143,28,49
20211102A11_1,0.35,0.025,matched_rho_theta0,1.0,1.0,1.0,49,49
20211102A11_1,0.35,0.025,rho020_theta0,0.3508771929824561,0.7142857142857143,0.7142857142857143,28,49
20211102A11_1,0.35,0.05,matched_rho_theta0,0.9183673469387755,0.9183673469387755,1.0,49,45
20211102A11_1,0.35,0.05,rho020_theta0,0.30357142857142855,0.6071428571428571,0.6071428571428571,28,45
20211102A12_1,0.15,-0.05,matched_rho_theta0,0.9111111111111111,0.9534883720930233,0.9534883720930233,43,43
20211102A12_1,0.15,-0.05,rho020_theta0,0.3157894736842105,0.5625,0.5625,32,43
20211102A12_1,0.15,-0.025,matched_rho_theta0,0.9111111111111111,0.9534883720930233,0.9534883720930233,43,43
20211102A12_1,0.15,-0.025,rho020_theta0,0.3157894736842105,0.5625,0.5625,32,43
20211102A12_1,0.15,0.0,matched_rho_theta0,1.0,1.0,1.0,43,43
20211102A12_1,0.15,0.0,rho020_theta0,0.3392857142857143,0.59375,0.59375,32,43
20211102A12_1,0.15,0.025,matched_rho_theta0,1.0,1.0,1.0,43,43
20211102A12_1,0.15,0.025,rho020_theta0,0.3392857142857143,0.59375,0.59375,32,43
20211102A12_1,0.15,0.05,matched_rho_theta0,0.9545454545454546,0.9767441860465116,0.9767441860465116,43,43
20211102A12_1,0.15,0.05,rho020_theta0,0.3157894736842105,0.5625,0.5625,32,43
20211102A12_1,0.18,-0.05,matched_rho_theta0,0.9642857142857143,1.0,1.0,27,28
20211102A12_1,0.18,-0.05,rho020_theta0,0.7647058823529411,0.8125,0.9285714285714286,32,28
20211102A12_1,0.18,-0.025,matched_rho_theta0,0.9642857142857143,1.0,1.0,27,28
20211102A12_1,0.18,-0.025,rho020_theta0,0.7647058823529411,0.8125,0.9285714285714286,32,28
20211102A12_1,0.18,0.0,matched_rho_theta0,1.0,1.0,1.0,27,27
20211102A12_1,0.18,0.0,rho020_theta0,0.7878787878787878,0.8125,0.9629629629629629,32,27
20211102A12_1,0.18,0.025,matched_rho_theta0,1.0,1.0,1.0,27,27
20211102A12_1,0.18,0.025,rho020_theta0,0.7878787878787878,0.8125,0.9629629629629629,32,27
20211102A12_1,0.18,0.05,matched_rho_theta0,0.8518518518518519,0.8518518518518519,1.0,27,23
20211102A12_1,0.18,0.05,rho020_theta0,0.6666666666666666,0.6875,0.9565217391304348,32,23
20211102A12_1,0.19,-0.05,matched_rho_theta0,1.0,1.0,1.0,30,30
20211102A12_1,0.19,-0.05,rho020_theta0,0.8787878787878788,0.90625,0.9666666666666667,32,30
20211102A12_1,0.19,-0.025,matched_rho_theta0,1.0,1.0,1.0,30,30
20211102A12_1,0.19,-0.025,rho020_theta0,0.8787878787878788,0.90625,0.9666666666666667,32,30
20211102A12_1,0.19,0.0,matched_rho_theta0,1.0,1.0,1.0,30,30
20211102A12_1,0.19,0.0,rho020_theta0,0.8787878787878788,0.90625,0.9666666666666667,32,30
20211102A12_1,0.19,0.025,matched_rho_theta0,0.9666666666666667,0.9666666666666667,1.0,30,29
20211102A12_1,0.19,0.025,rho020_theta0,0.8484848484848485,0.875,0.9655172413793104,32,29
20211102A12_1,0.19,0.05,matched_rho_theta0,0.8333333333333334,0.8333333333333334,1.0,30,25
20211102A12_1,0.19,0.05,rho020_theta0,0.7272727272727273,0.75,0.96,32,25
20211102A12_1,0.2,-0.05,matched_rho_theta0,1.0,1.0,1.0,32,32
20211102A12_1,0.2,-0.05,rho020_theta0,1.0,1.0,1.0,32,32
20211102A12_1,0.2,-0.025,matched_rho_theta0,1.0,1.0,1.0,32,32
20211102A12_1,0.2,-0.025,rho020_theta0,1.0,1.0,1.0,32,32
20211102A12_1,0.2,0.0,matched_rho_theta0,1.0,1.0,1.0,32,32
20211102A12_1,0.2,0.0,rho020_theta0,1.0,1.0,1.0,32,32
20211102A12_1,0.2,0.025,matched_rho_theta0,0.96875,0.96875,1.0,32,31
20211102A12_1,0.2,0.025,rho020_theta0,0.96875,0.96875,1.0,32,31
20211102A12_1,0.2,0.05,matched_rho_theta0,0.84375,0.84375,1.0,32,27
20211102A12_1,0.2,0.05,rho020_theta0,0.84375,0.84375,1.0,32,27
20211102A12_1,0.21,-0.05,matched_rho_theta0,0.9705882352941176,1.0,1.0,33,34
20211102A12_1,0.21,-0.05,rho020_theta0,0.8857142857142857,0.96875,0.96875,32,34
20211102A12_1,0.21,-0.025,matched_rho_theta0,0.9705882352941176,1.0,1.0,33,34
20211102A12_1,0.21,-0.025,rho020_theta0,0.8857142857142857,0.96875,0.96875,32,34
20211102A12_1,0.21,0.0,matched_rho_theta0,1.0,1.0,1.0,33,33
20211102A12_1,0.21,0.0,rho020_theta0,0.8571428571428571,0.9375,0.9375,32,33
20211102A12_1,0.21,0.025,matched_rho_theta0,0.9696969696969697,0.9696969696969697,1.0,33,32
20211102A12_1,0.21,0.025,rho020_theta0,0.8285714285714286,0.90625,0.90625,32,32
20211102A12_1,0.21,0.05,matched_rho_theta0,0.8484848484848485,0.8484848484848485,1.0,33,28
20211102A12_1,0.21,0.05,rho020_theta0,0.7142857142857143,0.78125,0.8928571428571429,32,28
20211102A12_1,0.22,-0.05,matched_rho_theta0,0.9743589743589743,1.0,1.0,38,39
20211102A12_1,0.22,-0.05,rho020_theta0,0.7317073170731707,0.9375,0.9375,32,39
20211102A12_1,0.22,-0.025,matched_rho_theta0,0.9743589743589743,1.0,1.0,38,39
20211102A12_1,0.22,-0.025,rho020_theta0,0.7317073170731707,0.9375,0.9375,32,39
20211102A12_1,0.22,0.0,matched_rho_theta0,1.0,1.0,1.0,38,38
20211102A12_1,0.22,0.0,rho020_theta0,0.7073170731707317,0.90625,0.90625,32,38
20211102A12_1,0.22,0.025,matched_rho_theta0,1.0,1.0,1.0,38,38
20211102A12_1,0.22,0.025,rho020_theta0,0.7073170731707317,0.90625,0.90625,32,38
20211102A12_1,0.22,0.05,matched_rho_theta0,0.8947368421052632,0.8947368421052632,1.0,38,34
20211102A12_1,0.22,0.05,rho020_theta0,0.6097560975609756,0.78125,0.78125,32,34
20211102A12_1,0.25,-0.05,matched_rho_theta0,0.9736842105263158,1.0,1.0,37,38
20211102A12_1,0.25,-0.05,rho020_theta0,0.6666666666666666,0.875,0.875,32,38
20211102A12_1,0.25,-0.025,matched_rho_theta0,1.0,1.0,1.0,37,37
20211102A12_1,0.25,-0.025,rho020_theta0,0.6428571428571429,0.84375,0.84375,32,37
20211102A12_1,0.25,0.0,matched_rho_theta0,1.0,1.0,1.0,37,37
20211102A12_1,0.25,0.0,rho020_theta0,0.6428571428571429,0.84375,0.84375,32,37
20211102A12_1,0.25,0.025,matched_rho_theta0,0.9459459459459459,0.9459459459459459,1.0,37,35
20211102A12_1,0.25,0.025,rho020_theta0,0.5952380952380952,0.78125,0.78125,32,35
20211102A12_1,0.25,0.05,matched_rho_theta0,0.8378378378378378,0.8378378378378378,1.0,37,31
20211102A12_1,0.25,0.05,rho020_theta0,0.5,0.65625,0.6774193548387096,32,31
20211102A12_1,0.3,-0.05,matched_rho_theta0,1.0,1.0,1.0,36,36
20211102A12_1,0.3,-0.05,rho020_theta0,0.25925925925925924,0.4375,0.4375,32,36
20211102A12_1,0.3,-0.025,matched_rho_theta0,1.0,1.0,1.0,36,36
20211102A12_1,0.3,-0.025,rho020_theta0,0.25925925925925924,0.4375,0.4375,32,36
20211102A12_1,0.3,0.0,matched_rho_theta0,1.0,1.0,1.0,36,36
20211102A12_1,0.3,0.0,rho020_theta0,0.25925925925925924,0.4375,0.4375,32,36
20211102A12_1,0.3,0.025,matched_rho_theta0,0.8888888888888888,0.8888888888888888,1.0,36,32
20211102A12_1,0.3,0.025,rho020_theta0,0.20754716981132076,0.34375,0.34375,32,32
20211102A12_1,0.3,0.05,matched_rho_theta0,0.75,0.75,1.0,36,27
20211102A12_1,0.3,0.05,rho020_theta0,0.1568627450980392,0.25,0.2962962962962963,32,27
20211102A12_1,0.35,-0.05,matched_rho_theta0,1.0,1.0,1.0,39,39
20211102A12_1,0.35,-0.05,rho020_theta0,0.09230769230769231,0.1875,0.1875,32,39
20211102A12_1,0.35,-0.025,matched_rho_theta0,1.0,1.0,1.0,39,39
20211102A12_1,0.35,-0.025,rho020_theta0,0.09230769230769231,0.1875,0.1875,32,39
20211102A12_1,0.35,0.0,matched_rho_theta0,1.0,1.0,1.0,39,39
20211102A12_1,0.35,0.0,rho020_theta0,0.09230769230769231,0.1875,0.1875,32,39
20211102A12_1,0.35,0.025,matched_rho_theta0,0.9743589743589743,0.9743589743589743,1.0,39,38
20211102A12_1,0.35,0.025,rho020_theta0,0.09375,0.1875,0.1875,32,38
20211102A12_1,0.35,0.05,matched_rho_theta0,0.8205128205128205,0.8205128205128205,1.0,39,32
20211102A12_1,0.35,0.05,rho020_theta0,0.06666666666666667,0.125,0.125,32,32
20211106A01_1,0.15,-0.05,matched_rho_theta0,1.0,1.0,1.0,29,29
20211106A01_1,0.15,-0.05,rho020_theta0,0.7878787878787878,0.8666666666666667,0.896551724137931,30,29
20211106A01_1,0.15,-0.025,matched_rho_theta0,1.0,1.0,1.0,29,29
20211106A01_1,0.15,-0.025,rho020_theta0,0.7878787878787878,0.8666666666666667,0.896551724137931,30,29
20211106A01_1,0.15,0.0,matched_rho_theta0,1.0,1.0,1.0,29,29
20211106A01_1,0.15,0.0,rho020_theta0,0.7878787878787878,0.8666666666666667,0.896551724137931,30,29
20211106A01_1,0.15,0.025,matched_rho_theta0,1.0,1.0,1.0,29,29
20211106A01_1,0.15,0.025,rho020_theta0,0.7878787878787878,0.8666666666666667,0.896551724137931,30,29
20211106A01_1,0.15,0.05,matched_rho_theta0,1.0,1.0,1.0,29,29
20211106A01_1,0.15,0.05,rho020_theta0,0.7878787878787878,0.8666666666666667,0.896551724137931,30,29
20211106A01_1,0.18,-0.05,matched_rho_theta0,0.9655172413793104,1.0,1.0,28,29
20211106A01_1,0.18,-0.05,rho020_theta0,0.9032258064516129,0.9333333333333333,0.9655172413793104,30,29
20211106A01_1,0.18,-0.025,matched_rho_theta0,1.0,1.0,1.0,28,28
20211106A01_1,0.18,-0.025,rho020_theta0,0.9333333333333333,0.9333333333333333,1.0,30,28
20211106A01_1,0.18,0.0,matched_rho_theta0,1.0,1.0,1.0,28,28
20211106A01_1,0.18,0.0,rho020_theta0,0.9333333333333333,0.9333333333333333,1.0,30,28
20211106A01_1,0.18,0.025,matched_rho_theta0,0.9642857142857143,0.9642857142857143,1.0,28,27
20211106A01_1,0.18,0.025,rho020_theta0,0.9,0.9,1.0,30,27
20211106A01_1,0.18,0.05,matched_rho_theta0,0.9642857142857143,0.9642857142857143,1.0,28,27
20211106A01_1,0.18,0.05,rho020_theta0,0.9,0.9,1.0,30,27
20211106A01_1,0.19,-0.05,matched_rho_theta0,0.9655172413793104,1.0,1.0,28,29
20211106A01_1,0.19,-0.05,rho020_theta0,0.9032258064516129,0.9333333333333333,0.9655172413793104,30,29
20211106A01_1,0.19,-0.025,matched_rho_theta0,1.0,1.0,1.0,28,28
20211106A01_1,0.19,-0.025,rho020_theta0,0.9333333333333333,0.9333333333333333,1.0,30,28
20211106A01_1,0.19,0.0,matched_rho_theta0,1.0,1.0,1.0,28,28
20211106A01_1,0.19,0.0,rho020_theta0,0.9333333333333333,0.9333333333333333,1.0,30,28
20211106A01_1,0.19,0.025,matched_rho_theta0,0.9642857142857143,0.9642857142857143,1.0,28,27
20211106A01_1,0.19,0.025,rho020_theta0,0.9,0.9,1.0,30,27
20211106A01_1,0.19,0.05,matched_rho_theta0,0.9642857142857143,0.9642857142857143,1.0,28,27
20211106A01_1,0.19,0.05,rho020_theta0,0.9,0.9,1.0,30,27
20211106A01_1,0.2,-0.05,matched_rho_theta0,1.0,1.0,1.0,30,30
20211106A01_1,0.2,-0.05,rho020_theta0,1.0,1.0,1.0,30,30
20211106A01_1,0.2,-0.025,matched_rho_theta0,1.0,1.0,1.0,30,30
20211106A01_1,0.2,-0.025,rho020_theta0,1.0,1.0,1.0,30,30
20211106A01_1,0.2,0.0,matched_rho_theta0,1.0,1.0,1.0,30,30
20211106A01_1,0.2,0.0,rho020_theta0,1.0,1.0,1.0,30,30
20211106A01_1,0.2,0.025,matched_rho_theta0,0.9666666666666667,0.9666666666666667,1.0,30,29
20211106A01_1,0.2,0.025,rho020_theta0,0.9666666666666667,0.9666666666666667,1.0,30,29
20211106A01_1,0.2,0.05,matched_rho_theta0,0.9666666666666667,0.9666666666666667,1.0,30,29
20211106A01_1,0.2,0.05,rho020_theta0,0.9666666666666667,0.9666666666666667,1.0,30,29
20211106A01_1,0.21,-0.05,matched_rho_theta0,1.0,1.0,1.0,30,30
20211106A01_1,0.21,-0.05,rho020_theta0,0.9354838709677419,0.9666666666666667,0.9666666666666667,30,30
20211106A01_1,0.21,-0.025,matched_rho_theta0,1.0,1.0,1.0,30,30
20211106A01_1,0.21,-0.025,rho020_theta0,0.9354838709677419,0.9666666666666667,0.9666666666666667,30,30
20211106A01_1,0.21,0.0,matched_rho_theta0,1.0,1.0,1.0,30,30
20211106A01_1,0.21,0.0,rho020_theta0,0.9354838709677419,0.9666666666666667,0.9666666666666667,30,30
20211106A01_1,0.21,0.025,matched_rho_theta0,0.9666666666666667,0.9666666666666667,1.0,30,29
20211106A01_1,0.21,0.025,rho020_theta0,0.9032258064516129,0.9333333333333333,0.9655172413793104,30,29
20211106A01_1,0.21,0.05,matched_rho_theta0,0.9666666666666667,0.9666666666666667,1.0,30,29
20211106A01_1,0.21,0.05,rho020_theta0,0.9032258064516129,0.9333333333333333,0.9655172413793104,30,29
20211106A01_1,0.22,-0.05,matched_rho_theta0,1.0,1.0,1.0,32,32
20211106A01_1,0.22,-0.05,rho020_theta0,0.8787878787878788,0.9666666666666667,0.9666666666666667,30,32
20211106A01_1,0.22,-0.025,matched_rho_theta0,1.0,1.0,1.0,32,32
20211106A01_1,0.22,-0.025,rho020_theta0,0.8787878787878788,0.9666666666666667,0.9666666666666667,30,32
20211106A01_1,0.22,0.0,matched_rho_theta0,1.0,1.0,1.0,32,32
20211106A01_1,0.22,0.0,rho020_theta0,0.8787878787878788,0.9666666666666667,0.9666666666666667,30,32
20211106A01_1,0.22,0.025,matched_rho_theta0,0.96875,0.96875,1.0,32,31
20211106A01_1,0.22,0.025,rho020_theta0,0.8484848484848485,0.9333333333333333,0.9333333333333333,30,31
20211106A01_1,0.22,0.05,matched_rho_theta0,0.96875,0.96875,1.0,32,31
20211106A01_1,0.22,0.05,rho020_theta0,0.8484848484848485,0.9333333333333333,0.9333333333333333,30,31
20211106A01_1,0.25,-0.05,matched_rho_theta0,1.0,1.0,1.0,33,33
20211106A01_1,0.25,-0.05,rho020_theta0,0.75,0.9,0.9,30,33
20211106A01_1,0.25,-0.025,matched_rho_theta0,1.0,1.0,1.0,33,33
20211106A01_1,0.25,-0.025,rho020_theta0,0.75,0.9,0.9,30,33
20211106A01_1,0.25,0.0,matched_rho_theta0,1.0,1.0,1.0,33,33
20211106A01_1,0.25,0.0,rho020_theta0,0.75,0.9,0.9,30,33
20211106A01_1,0.25,0.025,matched_rho_theta0,0.9696969696969697,0.9696969696969697,1.0,33,32
20211106A01_1,0.25,0.025,rho020_theta0,0.7222222222222222,0.8666666666666667,0.8666666666666667,30,32
20211106A01_1,0.25,0.05,matched_rho_theta0,0.9393939393939394,0.9393939393939394,1.0,33,31
20211106A01_1,0.25,0.05,rho020_theta0,0.6944444444444444,0.8333333333333334,0.8333333333333334,30,31
20211106A01_1,0.3,-0.05,matched_rho_theta0,1.0,1.0,1.0,34,34
20211106A01_1,0.3,-0.05,rho020_theta0,0.4883720930232558,0.7,0.7,30,34
20211106A01_1,0.3,-0.025,matched_rho_theta0,1.0,1.0,1.0,34,34
20211106A01_1,0.3,-0.025,rho020_theta0,0.4883720930232558,0.7,0.7,30,34
20211106A01_1,0.3,0.0,matched_rho_theta0,1.0,1.0,1.0,34,34
20211106A01_1,0.3,0.0,rho020_theta0,0.4883720930232558,0.7,0.7,30,34
20211106A01_1,0.3,0.025,matched_rho_theta0,1.0,1.0,1.0,34,34
20211106A01_1,0.3,0.025,rho020_theta0,0.4883720930232558,0.7,0.7,30,34
20211106A01_1,0.3,0.05,matched_rho_theta0,0.9705882352941176,0.9705882352941176,1.0,34,33
20211106A01_1,0.3,0.05,rho020_theta0,0.5,0.7,0.7,30,33
20211106A01_1,0.35,-0.05,matched_rho_theta0,1.0,1.0,1.0,32,32
20211106A01_1,0.35,-0.05,rho020_theta0,0.2916666666666667,0.4666666666666667,0.4666666666666667,30,32
20211106A01_1,0.35,-0.025,matched_rho_theta0,1.0,1.0,1.0,32,32
20211106A01_1,0.35,-0.025,rho020_theta0,0.2916666666666667,0.4666666666666667,0.4666666666666667,30,32
20211106A01_1,0.35,0.0,matched_rho_theta0,1.0,1.0,1.0,32,32
20211106A01_1,0.35,0.0,rho020_theta0,0.2916666666666667,0.4666666666666667,0.4666666666666667,30,32
20211106A01_1,0.35,0.025,matched_rho_theta0,1.0,1.0,1.0,32,32
20211106A01_1,0.35,0.025,rho020_theta0,0.2916666666666667,0.4666666666666667,0.4666666666666667,30,32
20211106A01_1,0.35,0.05,matched_rho_theta0,0.96875,0.96875,1.0,32,31
20211106A01_1,0.35,0.05,rho020_theta0,0.2978723404255319,0.4666666666666667,0.4666666666666667,30,31
20211106A07_1,0.15,-0.05,matched_rho_theta0,0.9583333333333334,1.0,1.0,46,48
20211106A07_1,0.15,-0.05,rho020_theta0,0.5873015873015873,0.7115384615384616,0.7708333333333334,52,48
20211106A07_1,0.15,-0.025,matched_rho_theta0,0.9583333333333334,1.0,1.0,46,48
20211106A07_1,0.15,-0.025,rho020_theta0,0.5873015873015873,0.7115384615384616,0.7708333333333334,52,48
20211106A07_1,0.15,0.0,matched_rho_theta0,1.0,1.0,1.0,46,46
20211106A07_1,0.15,0.0,rho020_theta0,0.6065573770491803,0.7115384615384616,0.8043478260869565,52,46
20211106A07_1,0.15,0.025,matched_rho_theta0,0.9565217391304348,0.9565217391304348,1.0,46,44
20211106A07_1,0.15,0.025,rho020_theta0,0.6271186440677966,0.7115384615384616,0.8409090909090909,52,44
20211106A07_1,0.15,0.05,matched_rho_theta0,0.9347826086956522,0.9347826086956522,1.0,46,43
20211106A07_1,0.15,0.05,rho020_theta0,0.6379310344827587,0.7115384615384616,0.8604651162790697,52,43
20211106A07_1,0.18,-0.05,matched_rho_theta0,0.98,1.0,1.0,49,50
20211106A07_1,0.18,-0.05,rho020_theta0,0.7894736842105263,0.8653846153846154,0.9,52,50
20211106A07_1,0.18,-0.025,matched_rho_theta0,0.98,1.0,1.0,49,50
20211106A07_1,0.18,-0.025,rho020_theta0,0.7894736842105263,0.8653846153846154,0.9,52,50
20211106A07_1,0.18,0.0,matched_rho_theta0,1.0,1.0,1.0,49,49
20211106A07_1,0.18,0.0,rho020_theta0,0.8035714285714286,0.8653846153846154,0.9183673469387755,52,49
20211106A07_1,0.18,0.025,matched_rho_theta0,1.0,1.0,1.0,49,49
20211106A07_1,0.18,0.025,rho020_theta0,0.8035714285714286,0.8653846153846154,0.9183673469387755,52,49
20211106A07_1,0.18,0.05,matched_rho_theta0,0.9795918367346939,0.9795918367346939,1.0,49,48
20211106A07_1,0.18,0.05,rho020_theta0,0.7857142857142857,0.8461538461538461,0.9166666666666666,52,48
20211106A07_1,0.19,-0.05,matched_rho_theta0,0.9807692307692307,1.0,1.0,51,52
20211106A07_1,0.19,-0.05,rho020_theta0,0.8571428571428571,0.9230769230769231,0.9230769230769231,52,52
20211106A07_1,0.19,-0.025,matched_rho_theta0,0.9807692307692307,1.0,1.0,51,52
20211106A07_1,0.19,-0.025,rho020_theta0,0.8571428571428571,0.9230769230769231,0.9230769230769231,52,52
20211106A07_1,0.19,0.0,matched_rho_theta0,1.0,1.0,1.0,51,51
20211106A07_1,0.19,0.0,rho020_theta0,0.8727272727272727,0.9230769230769231,0.9411764705882353,52,51
20211106A07_1,0.19,0.025,matched_rho_theta0,1.0,1.0,1.0,51,51
20211106A07_1,0.19,0.025,rho020_theta0,0.8727272727272727,0.9230769230769231,0.9411764705882353,52,51
20211106A07_1,0.19,0.05,matched_rho_theta0,0.9803921568627451,0.9803921568627451,1.0,51,50
20211106A07_1,0.19,0.05,rho020_theta0,0.8545454545454545,0.9038461538461539,0.94,52,50
20211106A07_1,0.2,-0.05,matched_rho_theta0,1.0,1.0,1.0,52,52
20211106A07_1,0.2,-0.05,rho020_theta0,1.0,1.0,1.0,52,52
20211106A07_1,0.2,-0.025,matched_rho_theta0,1.0,1.0,1.0,52,52
20211106A07_1,0.2,-0.025,rho020_theta0,1.0,1.0,1.0,52,52
20211106A07_1,0.2,0.0,matched_rho_theta0,1.0,1.0,1.0,52,52
20211106A07_1,0.2,0.0,rho020_theta0,1.0,1.0,1.0,52,52
20211106A07_1,0.2,0.025,matched_rho_theta0,1.0,1.0,1.0,52,52
20211106A07_1,0.2,0.025,rho020_theta0,1.0,1.0,1.0,52,52
20211106A07_1,0.2,0.05,matched_rho_theta0,0.9807692307692307,0.9807692307692307,1.0,52,51
20211106A07_1,0.2,0.05,rho020_theta0,0.9807692307692307,0.9807692307692307,1.0,52,51
20211106A07_1,0.21,-0.05,matched_rho_theta0,1.0,1.0,1.0,61,61
20211106A07_1,0.21,-0.05,rho020_theta0,0.8524590163934426,1.0,1.0,52,61
20211106A07_1,0.21,-0.025,matched_rho_theta0,1.0,1.0,1.0,61,61
20211106A07_1,0.21,-0.025,rho020_theta0,0.8524590163934426,1.0,1.0,52,61
20211106A07_1,0.21,0.0,matched_rho_theta0,1.0,1.0,1.0,61,61
20211106A07_1,0.21,0.0,rho020_theta0,0.8524590163934426,1.0,1.0,52,61
20211106A07_1,0.21,0.025,matched_rho_theta0,1.0,1.0,1.0,61,61
20211106A07_1,0.21,0.025,rho020_theta0,0.8524590163934426,1.0,1.0,52,61
20211106A07_1,0.21,0.05,matched_rho_theta0,0.9672131147540983,0.9672131147540983,1.0,61,59
20211106A07_1,0.21,0.05,rho020_theta0,0.85,0.9807692307692307,0.9807692307692307,52,59
20211106A07_1,0.22,-0.05,matched_rho_theta0,1.0,1.0,1.0,59,59
20211106A07_1,0.22,-0.05,rho020_theta0,0.7903225806451613,0.9423076923076923,0.9423076923076923,52,59
20211106A07_1,0.22,-0.025,matched_rho_theta0,1.0,1.0,1.0,59,59
20211106A07_1,0.22,-0.025,rho020_theta0,0.7903225806451613,0.9423076923076923,0.9423076923076923,52,59
20211106A07_1,0.22,0.0,matched_rho_theta0,1.0,1.0,1.0,59,59
20211106A07_1,0.22,0.0,rho020_theta0,0.7903225806451613,0.9423076923076923,0.9423076923076923,52,59
20211106A07_1,0.22,0.025,matched_rho_theta0,1.0,1.0,1.0,59,59
20211106A07_1,0.22,0.025,rho020_theta0,0.7903225806451613,0.9423076923076923,0.9423076923076923,52,59
20211106A07_1,0.22,0.05,matched_rho_theta0,0.9661016949152542,0.9661016949152542,1.0,59,57
20211106A07_1,0.22,0.05,rho020_theta0,0.7580645161290323,0.9038461538461539,0.9038461538461539,52,57
20211106A07_1,0.25,-0.05,matched_rho_theta0,1.0,1.0,1.0,70,70
20211106A07_1,0.25,-0.05,rho020_theta0,0.5844155844155844,0.8653846153846154,0.8653846153846154,52,70
20211106A07_1,0.25,-0.025,matched_rho_theta0,1.0,1.0,1.0,70,70
20211106A07_1,0.25,-0.025,rho020_theta0,0.5844155844155844,0.8653846153846154,0.8653846153846154,52,70
20211106A07_1,0.25,0.0,matched_rho_theta0,1.0,1.0,1.0,70,70
20211106A07_1,0.25,0.0,rho020_theta0,0.5844155844155844,0.8653846153846154,0.8653846153846154,52,70
20211106A07_1,0.25,0.025,matched_rho_theta0,1.0,1.0,1.0,70,70
20211106A07_1,0.25,0.025,rho020_theta0,0.5844155844155844,0.8653846153846154,0.8653846153846154,52,70
20211106A07_1,0.25,0.05,matched_rho_theta0,0.9857142857142858,0.9857142857142858,1.0,70,69
20211106A07_1,0.25,0.05,rho020_theta0,0.5921052631578947,0.8653846153846154,0.8653846153846154,52,69
20211106A07_1,0.3,-0.05,matched_rho_theta0,1.0,1.0,1.0,87,87
20211106A07_1,0.3,-0.05,rho020_theta0,0.37623762376237624,0.7307692307692307,0.7307692307692307,52,87
20211106A07_1,0.3,-0.025,matched_rho_theta0,1.0,1.0,1.0,87,87
20211106A07_1,0.3,-0.025,rho020_theta0,0.37623762376237624,0.7307692307692307,0.7307692307692307,52,87
20211106A07_1,0.3,0.0,matched_rho_theta0,1.0,1.0,1.0,87,87
20211106A07_1,0.3,0.0,rho020_theta0,0.37623762376237624,0.7307692307692307,0.7307692307692307,52,87
20211106A07_1,0.3,0.025,matched_rho_theta0,0.9885057471264368,0.9885057471264368,1.0,87,86
20211106A07_1,0.3,0.025,rho020_theta0,0.36633663366336633,0.7115384615384616,0.7115384615384616,52,86
20211106A07_1,0.3,0.05,matched_rho_theta0,0.9770114942528736,0.9770114942528736,1.0,87,85
20211106A07_1,0.3,0.05,rho020_theta0,0.37,0.7115384615384616,0.7115384615384616,52,85
20211106A07_1,0.35,-0.05,matched_rho_theta0,1.0,1.0,1.0,100,100
20211106A07_1,0.35,-0.05,rho020_theta0,0.3103448275862069,0.6923076923076923,0.6923076923076923,52,100
20211106A07_1,0.35,-0.025,matched_rho_theta0,1.0,1.0,1.0,100,100
20211106A07_1,0.35,-0.025,rho020_theta0,0.3103448275862069,0.6923076923076923,0.6923076923076923,52,100
20211106A07_1,0.35,0.0,matched_rho_theta0,1.0,1.0,1.0,100,100
20211106A07_1,0.35,0.0,rho020_theta0,0.3103448275862069,0.6923076923076923,0.6923076923076923,52,100
20211106A07_1,0.35,0.025,matched_rho_theta0,0.99,0.99,1.0,100,99
20211106A07_1,0.35,0.025,rho020_theta0,0.3017241379310345,0.6730769230769231,0.6730769230769231,52,99
20211106A07_1,0.35,0.05,matched_rho_theta0,0.99,0.99,1.0,100,99
20211106A07_1,0.35,0.05,rho020_theta0,0.3017241379310345,0.6730769230769231,0.6730769230769231,52,99
20211106A09_1,0.15,-0.05,matched_rho_theta0,0.7073170731707317,0.8285714285714286,0.8285714285714286,35,35
20211106A09_1,0.15,-0.05,rho020_theta0,0.49019607843137253,0.6097560975609756,0.7142857142857143,41,35
20211106A09_1,0.15,-0.025,matched_rho_theta0,0.7948717948717948,0.8857142857142857,0.8857142857142857,35,35
20211106A09_1,0.15,-0.025,rho020_theta0,0.5510204081632653,0.6585365853658537,0.7714285714285715,41,35
20211106A09_1,0.15,0.0,matched_rho_theta0,1.0,1.0,1.0,35,35
20211106A09_1,0.15,0.0,rho020_theta0,0.6521739130434783,0.7317073170731707,0.8571428571428571,41,35
20211106A09_1,0.15,0.025,matched_rho_theta0,0.9166666666666666,0.9428571428571428,0.9705882352941176,35,34
20211106A09_1,0.15,0.025,rho020_theta0,0.5957446808510638,0.6829268292682927,0.8235294117647058,41,34
20211106A09_1,0.15,0.05,matched_rho_theta0,0.8333333333333334,0.8571428571428571,0.967741935483871,35,31
20211106A09_1,0.15,0.05,rho020_theta0,0.5652173913043478,0.6341463414634146,0.8387096774193549,41,31
20211106A09_1,0.18,-0.05,matched_rho_theta0,0.9069767441860465,1.0,1.0,39,43
20211106A09_1,0.18,-0.05,rho020_theta0,0.7872340425531915,0.9024390243902439,0.9024390243902439,41,43
20211106A09_1,0.18,-0.025,matched_rho_theta0,0.9069767441860465,1.0,1.0,39,43
20211106A09_1,0.18,-0.025,rho020_theta0,0.7872340425531915,0.9024390243902439,0.9024390243902439,41,43
20211106A09_1,0.18,0.0,matched_rho_theta0,1.0,1.0,1.0,39,39
20211106A09_1,0.18,0.0,rho020_theta0,0.8604651162790697,0.9024390243902439,0.9487179487179487,41,39
20211106A09_1,0.18,0.025,matched_rho_theta0,0.9743589743589743,0.9743589743589743,1.0,39,38
20211106A09_1,0.18,0.025,rho020_theta0,0.8372093023255814,0.8780487804878049,0.9473684210526315,41,38
20211106A09_1,0.18,0.05,matched_rho_theta0,0.8717948717948718,0.8717948717948718,1.0,39,34
20211106A09_1,0.18,0.05,rho020_theta0,0.7441860465116279,0.7804878048780488,0.9411764705882353,41,34
20211106A09_1,0.19,-0.05,matched_rho_theta0,0.9069767441860465,1.0,1.0,39,43
20211106A09_1,0.19,-0.05,rho020_theta0,0.8666666666666667,0.9512195121951219,0.9512195121951219,41,43
20211106A09_1,0.19,-0.025,matched_rho_theta0,0.9285714285714286,1.0,1.0,39,42
20211106A09_1,0.19,-0.025,rho020_theta0,0.8863636363636364,0.9512195121951219,0.9512195121951219,41,42
20211106A09_1,0.19,0.0,matched_rho_theta0,1.0,1.0,1.0,39,39
20211106A09_1,0.19,0.0,rho020_theta0,0.9512195121951219,0.9512195121951219,1.0,41,39
20211106A09_1,0.19,0.025,matched_rho_theta0,0.9487179487179487,0.9487179487179487,1.0,39,37
20211106A09_1,0.19,0.025,rho020_theta0,0.9024390243902439,0.9024390243902439,1.0,41,37
20211106A09_1,0.19,0.05,matched_rho_theta0,0.8974358974358975,0.8974358974358975,1.0,39,35
20211106A09_1,0.19,0.05,rho020_theta0,0.8536585365853658,0.8536585365853658,1.0,41,35
20211106A09_1,0.2,-0.05,matched_rho_theta0,0.9111111111111111,1.0,1.0,41,45
20211106A09_1,0.2,-0.05,rho020_theta0,0.9111111111111111,1.0,1.0,41,45
20211106A09_1,0.2,-0.025,matched_rho_theta0,0.9318181818181818,1.0,1.0,41,44
20211106A09_1,0.2,-0.025,rho020_theta0,0.9318181818181818,1.0,1.0,41,44
20211106A09_1,0.2,0.0,matched_rho_theta0,1.0,1.0,1.0,41,41
20211106A09_1,0.2,0.0,rho020_theta0,1.0,1.0,1.0,41,41
20211106A09_1,0.2,0.025,matched_rho_theta0,0.926829268292683,0.926829268292683,1.0,41,38
20211106A09_1,0.2,0.025,rho020_theta0,0.926829268292683,0.926829268292683,1.0,41,38
20211106A09_1,0.2,0.05,matched_rho_theta0,0.8780487804878049,0.8780487804878049,1.0,41,36
20211106A09_1,0.2,0.05,rho020_theta0,0.8780487804878049,0.8780487804878049,1.0,41,36
20211106A09_1,0.21,-0.05,matched_rho_theta0,0.9772727272727273,1.0,1.0,43,44
20211106A09_1,0.21,-0.05,rho020_theta0,0.8085106382978723,0.926829268292683,0.926829268292683,41,44
20211106A09_1,0.21,-0.025,matched_rho_theta0,0.9772727272727273,1.0,1.0,43,44
20211106A09_1,0.21,-0.025,rho020_theta0,0.8085106382978723,0.926829268292683,0.926829268292683,41,44
20211106A09_1,0.21,0.0,matched_rho_theta0,1.0,1.0,1.0,43,43
20211106A09_1,0.21,0.0,rho020_theta0,0.8260869565217391,0.926829268292683,0.926829268292683,41,43
20211106A09_1,0.21,0.025,matched_rho_theta0,0.9534883720930233,0.9534883720930233,1.0,43,41
20211106A09_1,0.21,0.025,rho020_theta0,0.782608695652174,0.8780487804878049,0.8780487804878049,41,41
20211106A09_1,0.21,0.05,matched_rho_theta0,0.8837209302325582,0.8837209302325582,1.0,43,38
20211106A09_1,0.21,0.05,rho020_theta0,0.717391304347826,0.8048780487804879,0.868421052631579,41,38
20211106A09_1,0.22,-0.05,matched_rho_theta0,0.9555555555555556,1.0,1.0,43,45
20211106A09_1,0.22,-0.05,rho020_theta0,0.72,0.8780487804878049,0.8780487804878049,41,45
20211106A09_1,0.22,-0.025,matched_rho_theta0,0.9555555555555556,1.0,1.0,43,45
20211106A09_1,0.22,-0.025,rho020_theta0,0.72,0.8780487804878049,0.8780487804878049,41,45
20211106A09_1,0.22,0.0,matched_rho_theta0,1.0,1.0,1.0,43,43
20211106A09_1,0.22,0.0,rho020_theta0,0.75,0.8780487804878049,0.8780487804878049,41,43
20211106A09_1,0.22,0.025,matched_rho_theta0,0.9302325581395349,0.9302325581395349,1.0,43,40
20211106A09_1,0.22,0.025,rho020_theta0,0.6875,0.8048780487804879,0.825,41,40
20211106A09_1,0.22,0.05,matched_rho_theta0,0.8837209302325582,0.8837209302325582,1.0,43,38
20211106A09_1,0.22,0.05,rho020_theta0,0.6458333333333334,0.7560975609756098,0.8157894736842105,41,38
20211106A09_1,0.25,-0.05,matched_rho_theta0,0.9772727272727273,1.0,1.0,43,44
20211106A09_1,0.25,-0.05,rho020_theta0,0.6346153846153846,0.8048780487804879,0.8048780487804879,41,44
20211106A09_1,0.25,-0.025,matched_rho_theta0,0.9772727272727273,1.0,1.0,43,44
20211106A09_1,0.25,-0.025,rho020_theta0,0.6346153846153846,0.8048780487804879,0.8048780487804879,41,44
20211106A09_1,0.25,0.0,matched_rho_theta0,1.0,1.0,1.0,43,43
20211106A09_1,0.25,0.0,rho020_theta0,0.6470588235294118,0.8048780487804879,0.8048780487804879,41,43
20211106A09_1,0.25,0.025,matched_rho_theta0,0.9767441860465116,0.9767441860465116,1.0,43,42
20211106A09_1,0.25,0.025,rho020_theta0,0.6274509803921569,0.7804878048780488,0.7804878048780488,41,42
20211106A09_1,0.25,0.05,matched_rho_theta0,0.9069767441860465,0.9069767441860465,1.0,43,39
20211106A09_1,0.25,0.05,rho020_theta0,0.5686274509803921,0.7073170731707317,0.7435897435897436,41,39
20211106A09_1,0.3,-0.05,matched_rho_theta0,1.0,1.0,1.0,46,46
20211106A09_1,0.3,-0.05,rho020_theta0,0.5535714285714286,0.7560975609756098,0.7560975609756098,41,46
20211106A09_1,0.3,-0.025,matched_rho_theta0,1.0,1.0,1.0,46,46
20211106A09_1,0.3,-0.025,rho020_theta0,0.5535714285714286,0.7560975609756098,0.7560975609756098,41,46
20211106A09_1,0.3,0.0,matched_rho_theta0,1.0,1.0,1.0,46,46
20211106A09_1,0.3,0.0,rho020_theta0,0.5535714285714286,0.7560975609756098,0.7560975609756098,41,46
20211106A09_1,0.3,0.025,matched_rho_theta0,0.9130434782608695,0.9130434782608695,1.0,46,42
20211106A09_1,0.3,0.025,rho020_theta0,0.509090909090909,0.6829268292682927,0.6829268292682927,41,42
20211106A09_1,0.3,0.05,matched_rho_theta0,0.8695652173913043,0.8695652173913043,1.0,46,40
20211106A09_1,0.3,0.05,rho020_theta0,0.4727272727272727,0.6341463414634146,0.65,41,40
20211106A09_1,0.35,-0.05,matched_rho_theta0,1.0,1.0,1.0,29,29
20211106A09_1,0.35,-0.05,rho020_theta0,0.34615384615384615,0.43902439024390244,0.6206896551724138,41,29
20211106A09_1,0.35,-0.025,matched_rho_theta0,1.0,1.0,1.0,29,29
20211106A09_1,0.35,-0.025,rho020_theta0,0.34615384615384615,0.43902439024390244,0.6206896551724138,41,29
20211106A09_1,0.35,0.0,matched_rho_theta0,1.0,1.0,1.0,29,29
20211106A09_1,0.35,0.0,rho020_theta0,0.34615384615384615,0.43902439024390244,0.6206896551724138,41,29
20211106A09_1,0.35,0.025,matched_rho_theta0,0.896551724137931,0.896551724137931,1.0,29,26
20211106A09_1,0.35,0.025,rho020_theta0,0.3137254901960784,0.3902439024390244,0.6153846153846154,41,26
20211106A09_1,0.35,0.05,matched_rho_theta0,0.8275862068965517,0.8275862068965517,1.0,29,24
20211106A09_1,0.35,0.05,rho020_theta0,0.27450980392156865,0.34146341463414637,0.5833333333333334,41,24
20211109A07_1,0.15,-0.05,matched_rho_theta0,0.9310344827586207,0.9642857142857143,0.9642857142857143,28,28
20211109A07_1,0.15,-0.05,rho020_theta0,0.4772727272727273,0.5675675675675675,0.75,37,28
20211109A07_1,0.15,-0.025,matched_rho_theta0,1.0,1.0,1.0,28,28
20211109A07_1,0.15,-0.025,rho020_theta0,0.5116279069767442,0.5945945945945946,0.7857142857142857,37,28
20211109A07_1,0.15,0.0,matched_rho_theta0,1.0,1.0,1.0,28,28
20211109A07_1,0.15,0.0,rho020_theta0,0.5116279069767442,0.5945945945945946,0.7857142857142857,37,28
20211109A07_1,0.15,0.025,matched_rho_theta0,1.0,1.0,1.0,28,28
20211109A07_1,0.15,0.025,rho020_theta0,0.5116279069767442,0.5945945945945946,0.7857142857142857,37,28
20211109A07_1,0.15,0.05,matched_rho_theta0,1.0,1.0,1.0,28,28
20211109A07_1,0.15,0.05,rho020_theta0,0.5116279069767442,0.5945945945945946,0.7857142857142857,37,28
20211109A07_1,0.18,-0.05,matched_rho_theta0,0.8888888888888888,0.9411764705882353,0.9411764705882353,34,34
20211109A07_1,0.18,-0.05,rho020_theta0,0.6904761904761905,0.7837837837837838,0.8529411764705882,37,34
20211109A07_1,0.18,-0.025,matched_rho_theta0,0.9428571428571428,0.9705882352941176,0.9705882352941176,34,34
20211109A07_1,0.18,-0.025,rho020_theta0,0.7317073170731707,0.8108108108108109,0.8823529411764706,37,34
20211109A07_1,0.18,0.0,matched_rho_theta0,1.0,1.0,1.0,34,34
20211109A07_1,0.18,0.0,rho020_theta0,0.775,0.8378378378378378,0.9117647058823529,37,34
20211109A07_1,0.18,0.025,matched_rho_theta0,0.9428571428571428,0.9705882352941176,0.9705882352941176,34,34
20211109A07_1,0.18,0.025,rho020_theta0,0.775,0.8378378378378378,0.9117647058823529,37,34
20211109A07_1,0.18,0.05,matched_rho_theta0,0.8888888888888888,0.9411764705882353,0.9411764705882353,34,34
20211109A07_1,0.18,0.05,rho020_theta0,0.8205128205128205,0.8648648648648649,0.9411764705882353,37,34
20211109A07_1,0.19,-0.05,matched_rho_theta0,0.9459459459459459,0.9722222222222222,0.9722222222222222,36,36
20211109A07_1,0.19,-0.05,rho020_theta0,0.8717948717948718,0.918918918918919,0.9444444444444444,37,36
20211109A07_1,0.19,-0.025,matched_rho_theta0,1.0,1.0,1.0,36,36
20211109A07_1,0.19,-0.025,rho020_theta0,0.9210526315789473,0.9459459459459459,0.9722222222222222,37,36
20211109A07_1,0.19,0.0,matched_rho_theta0,1.0,1.0,1.0,36,36
20211109A07_1,0.19,0.0,rho020_theta0,0.9210526315789473,0.9459459459459459,0.9722222222222222,37,36
20211109A07_1,0.19,0.025,matched_rho_theta0,0.9459459459459459,0.9722222222222222,0.9722222222222222,36,36
20211109A07_1,0.19,0.025,rho020_theta0,0.9210526315789473,0.9459459459459459,0.9722222222222222,37,36
20211109A07_1,0.19,0.05,matched_rho_theta0,0.9459459459459459,0.9722222222222222,0.9722222222222222,36,36
20211109A07_1,0.19,0.05,rho020_theta0,0.9210526315789473,0.9459459459459459,0.9722222222222222,37,36
20211109A07_1,0.2,-0.05,matched_rho_theta0,0.9736842105263158,1.0,1.0,37,38
20211109A07_1,0.2,-0.05,rho020_theta0,0.9736842105263158,1.0,1.0,37,38
20211109A07_1,0.2,-0.025,matched_rho_theta0,0.9736842105263158,1.0,1.0,37,38
20211109A07_1,0.2,-0.025,rho020_theta0,0.9736842105263158,1.0,1.0,37,38
20211109A07_1,0.2,0.0,matched_rho_theta0,1.0,1.0,1.0,37,37
20211109A07_1,0.2,0.0,rho020_theta0,1.0,1.0,1.0,37,37
20211109A07_1,0.2,0.025,matched_rho_theta0,0.9459459459459459,0.9459459459459459,1.0,37,35
20211109A07_1,0.2,0.025,rho020_theta0,0.9459459459459459,0.9459459459459459,1.0,37,35
20211109A07_1,0.2,0.05,matched_rho_theta0,0.9459459459459459,0.9459459459459459,1.0,37,35
20211109A07_1,0.2,0.05,rho020_theta0,0.9459459459459459,0.9459459459459459,1.0,37,35
20211109A07_1,0.21,-0.05,matched_rho_theta0,0.95,1.0,1.0,38,40
20211109A07_1,0.21,-0.05,rho020_theta0,0.75,0.8918918918918919,0.8918918918918919,37,40
20211109A07_1,0.21,-0.025,matched_rho_theta0,0.9743589743589743,1.0,1.0,38,39
20211109A07_1,0.21,-0.025,rho020_theta0,0.7674418604651163,0.8918918918918919,0.8918918918918919,37,39
20211109A07_1,0.21,0.0,matched_rho_theta0,1.0,1.0,1.0,38,38
20211109A07_1,0.21,0.0,rho020_theta0,0.7857142857142857,0.8918918918918919,0.8918918918918919,37,38
20211109A07_1,0.21,0.025,matched_rho_theta0,0.9473684210526315,0.9473684210526315,1.0,38,36
20211109A07_1,0.21,0.025,rho020_theta0,0.7380952380952381,0.8378378378378378,0.8611111111111112,37,36
20211109A07_1,0.21,0.05,matched_rho_theta0,0.9473684210526315,0.9473684210526315,1.0,38,36
20211109A07_1,0.21,0.05,rho020_theta0,0.7380952380952381,0.8378378378378378,0.8611111111111112,37,36
20211109A07_1,0.22,-0.05,matched_rho_theta0,0.975,1.0,1.0,39,40
20211109A07_1,0.22,-0.05,rho020_theta0,0.5714285714285714,0.7567567567567568,0.7567567567567568,37,40
20211109A07_1,0.22,-0.025,matched_rho_theta0,1.0,1.0,1.0,39,39
20211109A07_1,0.22,-0.025,rho020_theta0,0.5833333333333334,0.7567567567567568,0.7567567567567568,37,39
20211109A07_1,0.22,0.0,matched_rho_theta0,1.0,1.0,1.0,39,39
20211109A07_1,0.22,0.0,rho020_theta0,0.5833333333333334,0.7567567567567568,0.7567567567567568,37,39
20211109A07_1,0.22,0.025,matched_rho_theta0,0.9743589743589743,0.9743589743589743,1.0,39,38
20211109A07_1,0.22,0.025,rho020_theta0,0.5625,0.7297297297297297,0.7297297297297297,37,38
20211109A07_1,0.22,0.05,matched_rho_theta0,0.9487179487179487,0.9487179487179487,1.0,39,37
20211109A07_1,0.22,0.05,rho020_theta0,0.574468085106383,0.7297297297297297,0.7297297297297297,37,37
20211109A07_1,0.25,-0.05,matched_rho_theta0,0.9523809523809523,1.0,1.0,40,42
20211109A07_1,0.25,-0.05,rho020_theta0,0.6122448979591837,0.8108108108108109,0.8108108108108109,37,42
20211109A07_1,0.25,-0.025,matched_rho_theta0,0.975609756097561,1.0,1.0,40,41
20211109A07_1,0.25,-0.025,rho020_theta0,0.625,0.8108108108108109,0.8108108108108109,37,41
20211109A07_1,0.25,0.0,matched_rho_theta0,1.0,1.0,1.0,40,40
20211109A07_1,0.25,0.0,rho020_theta0,0.6382978723404256,0.8108108108108109,0.8108108108108109,37,40
20211109A07_1,0.25,0.025,matched_rho_theta0,0.975,0.975,1.0,40,39
20211109A07_1,0.25,0.025,rho020_theta0,0.6170212765957447,0.7837837837837838,0.7837837837837838,37,39
20211109A07_1,0.25,0.05,matched_rho_theta0,0.975,0.975,1.0,40,39
20211109A07_1,0.25,0.05,rho020_theta0,0.6170212765957447,0.7837837837837838,0.7837837837837838,37,39
20211109A07_1,0.3,-0.05,matched_rho_theta0,0.9722222222222222,1.0,1.0,35,36
20211109A07_1,0.3,-0.05,rho020_theta0,0.6222222222222222,0.7567567567567568,0.7777777777777778,37,36
20211109A07_1,0.3,-0.025,matched_rho_theta0,0.9722222222222222,1.0,1.0,35,36
20211109A07_1,0.3,-0.025,rho020_theta0,0.6222222222222222,0.7567567567567568,0.7777777777777778,37,36
20211109A07_1,0.3,0.0,matched_rho_theta0,1.0,1.0,1.0,35,35
20211109A07_1,0.3,0.0,rho020_theta0,0.6363636363636364,0.7567567567567568,0.8,37,35
20211109A07_1,0.3,0.025,matched_rho_theta0,0.9714285714285714,0.9714285714285714,1.0,35,34
20211109A07_1,0.3,0.025,rho020_theta0,0.6136363636363636,0.7297297297297297,0.7941176470588235,37,34
20211109A07_1,0.3,0.05,matched_rho_theta0,0.9714285714285714,0.9714285714285714,1.0,35,34
20211109A07_1,0.3,0.05,rho020_theta0,0.6136363636363636,0.7297297297297297,0.7941176470588235,37,34
20211109A07_1,0.35,-0.05,matched_rho_theta0,1.0,1.0,1.0,33,33
20211109A07_1,0.35,-0.05,rho020_theta0,0.42857142857142855,0.5675675675675675,0.6363636363636364,37,33
20211109A07_1,0.35,-0.025,matched_rho_theta0,1.0,1.0,1.0,33,33
20211109A07_1,0.35,-0.025,rho020_theta0,0.42857142857142855,0.5675675675675675,0.6363636363636364,37,33
20211109A07_1,0.35,0.0,matched_rho_theta0,1.0,1.0,1.0,33,33
20211109A07_1,0.35,0.0,rho020_theta0,0.42857142857142855,0.5675675675675675,0.6363636363636364,37,33
20211109A07_1,0.35,0.025,matched_rho_theta0,0.9696969696969697,0.9696969696969697,1.0,33,32
20211109A07_1,0.35,0.025,rho020_theta0,0.40816326530612246,0.5405405405405406,0.625,37,32
20211109A07_1,0.35,0.05,matched_rho_theta0,0.9696969696969697,0.9696969696969697,1.0,33,32
20211109A07_1,0.35,0.05,rho020_theta0,0.40816326530612246,0.5405405405405406,0.625,37,32
20220412A06_1,0.15,-0.05,matched_rho_theta0,0.9591836734693877,1.0,1.0,47,49
20220412A06_1,0.15,-0.05,rho020_theta0,0.463768115942029,0.6153846153846154,0.6530612244897959,52,49
20220412A06_1,0.15,-0.025,matched_rho_theta0,0.9791666666666666,1.0,1.0,47,48
20220412A06_1,0.15,-0.025,rho020_theta0,0.47058823529411764,0.6153846153846154,0.6666666666666666,52,48
20220412A06_1,0.15,0.0,matched_rho_theta0,1.0,1.0,1.0,47,47
20220412A06_1,0.15,0.0,rho020_theta0,0.45588235294117646,0.5961538461538461,0.6595744680851063,52,47
20220412A06_1,0.15,0.025,matched_rho_theta0,0.9361702127659575,0.9361702127659575,1.0,47,44
20220412A06_1,0.15,0.025,rho020_theta0,0.43283582089552236,0.5576923076923077,0.6590909090909091,52,44
20220412A06_1,0.15,0.05,matched_rho_theta0,0.8936170212765957,0.8936170212765957,1.0,47,42
20220412A06_1,0.15,0.05,rho020_theta0,0.42424242424242425,0.5384615384615384,0.6666666666666666,52,42
20220412A06_1,0.18,-0.05,matched_rho_theta0,0.98,1.0,1.0,49,50
20220412A06_1,0.18,-0.05,rho020_theta0,0.6721311475409836,0.7884615384615384,0.82,52,50
20220412A06_1,0.18,-0.025,matched_rho_theta0,1.0,1.0,1.0,49,49
20220412A06_1,0.18,-0.025,rho020_theta0,0.6833333333333333,0.7884615384615384,0.8367346938775511,52,49
20220412A06_1,0.18,0.0,matched_rho_theta0,1.0,1.0,1.0,49,49
20220412A06_1,0.18,0.0,rho020_theta0,0.6833333333333333,0.7884615384615384,0.8367346938775511,52,49
20220412A06_1,0.18,0.025,matched_rho_theta0,0.9387755102040817,0.9387755102040817,1.0,49,46
20220412A06_1,0.18,0.025,rho020_theta0,0.6610169491525424,0.75,0.8478260869565217,52,46
20220412A06_1,0.18,0.05,matched_rho_theta0,0.9183673469387755,0.9183673469387755,1.0,49,45
20220412A06_1,0.18,0.05,rho020_theta0,0.6440677966101694,0.7307692307692307,0.8444444444444444,52,45
20220412A06_1,0.19,-0.05,matched_rho_theta0,0.9591836734693877,1.0,1.0,47,49
20220412A06_1,0.19,-0.05,rho020_theta0,0.711864406779661,0.8076923076923077,0.8571428571428571,52,49
20220412A06_1,0.19,-0.025,matched_rho_theta0,0.9791666666666666,1.0,1.0,47,48
20220412A06_1,0.19,-0.025,rho020_theta0,0.7241379310344828,0.8076923076923077,0.875,52,48
20220412A06_1,0.19,0.0,matched_rho_theta0,1.0,1.0,1.0,47,47
20220412A06_1,0.19,0.0,rho020_theta0,0.7368421052631579,0.8076923076923077,0.8936170212765957,52,47
20220412A06_1,0.19,0.025,matched_rho_theta0,0.9361702127659575,0.9361702127659575,1.0,47,44
20220412A06_1,0.19,0.025,rho020_theta0,0.6842105263157895,0.75,0.8863636363636364,52,44
20220412A06_1,0.19,0.05,matched_rho_theta0,0.9148936170212766,0.9148936170212766,1.0,47,43
20220412A06_1,0.19,0.05,rho020_theta0,0.6666666666666666,0.7307692307692307,0.8837209302325582,52,43
20220412A06_1,0.2,-0.05,matched_rho_theta0,0.9454545454545454,1.0,1.0,52,55
20220412A06_1,0.2,-0.05,rho020_theta0,0.9454545454545454,1.0,1.0,52,55
20220412A06_1,0.2,-0.025,matched_rho_theta0,0.9629629629629629,1.0,1.0,52,54
20220412A06_1,0.2,-0.025,rho020_theta0,0.9629629629629629,1.0,1.0,52,54
20220412A06_1,0.2,0.0,matched_rho_theta0,1.0,1.0,1.0,52,52
20220412A06_1,0.2,0.0,rho020_theta0,1.0,1.0,1.0,52,52
20220412A06_1,0.2,0.025,matched_rho_theta0,0.9423076923076923,0.9423076923076923,1.0,52,49
20220412A06_1,0.2,0.025,rho020_theta0,0.9423076923076923,0.9423076923076923,1.0,52,49
20220412A06_1,0.2,0.05,matched_rho_theta0,0.8846153846153846,0.8846153846153846,1.0,52,46
20220412A06_1,0.2,0.05,rho020_theta0,0.8846153846153846,0.8846153846153846,1.0,52,46
20220412A06_1,0.21,-0.05,matched_rho_theta0,0.9642857142857143,1.0,1.0,54,56
20220412A06_1,0.21,-0.05,rho020_theta0,0.9285714285714286,1.0,1.0,52,56
20220412A06_1,0.21,-0.025,matched_rho_theta0,0.9818181818181818,1.0,1.0,54,55
20220412A06_1,0.21,-0.025,rho020_theta0,0.9454545454545454,1.0,1.0,52,55
20220412A06_1,0.21,0.0,matched_rho_theta0,1.0,1.0,1.0,54,54
20220412A06_1,0.21,0.0,rho020_theta0,0.9629629629629629,1.0,1.0,52,54
20220412A06_1,0.21,0.025,matched_rho_theta0,0.9259259259259259,0.9259259259259259,1.0,54,50
20220412A06_1,0.21,0.025,rho020_theta0,0.8888888888888888,0.9230769230769231,0.96,52,50
20220412A06_1,0.21,0.05,matched_rho_theta0,0.8703703703703703,0.8703703703703703,1.0,54,47
20220412A06_1,0.21,0.05,rho020_theta0,0.8333333333333334,0.8653846153846154,0.9574468085106383,52,47
20220412A06_1,0.22,-0.05,matched_rho_theta0,0.95,1.0,1.0,57,60
20220412A06_1,0.22,-0.05,rho020_theta0,0.8666666666666667,1.0,1.0,52,60
20220412A06_1,0.22,-0.025,matched_rho_theta0,0.9661016949152542,1.0,1.0,57,59
20220412A06_1,0.22,-0.025,rho020_theta0,0.8813559322033898,1.0,1.0,52,59
20220412A06_1,0.22,0.0,matched_rho_theta0,1.0,1.0,1.0,57,57
20220412A06_1,0.22,0.0,rho020_theta0,0.8793103448275862,0.9807692307692307,0.9807692307692307,52,57
20220412A06_1,0.22,0.025,matched_rho_theta0,0.9298245614035088,0.9298245614035088,1.0,57,53
20220412A06_1,0.22,0.025,rho020_theta0,0.8103448275862069,0.9038461538461539,0.9038461538461539,52,53
20220412A06_1,0.22,0.05,matched_rho_theta0,0.8771929824561403,0.8771929824561403,1.0,57,50
20220412A06_1,0.22,0.05,rho020_theta0,0.7586206896551724,0.8461538461538461,0.88,52,50
20220412A06_1,0.25,-0.05,matched_rho_theta0,0.9791666666666666,1.0,1.0,47,48
20220412A06_1,0.25,-0.05,rho020_theta0,0.6666666666666666,0.7692307692307693,0.8333333333333334,52,48
20220412A06_1,0.25,-0.025,matched_rho_theta0,0.9791666666666666,1.0,1.0,47,48
20220412A06_1,0.25,-0.025,rho020_theta0,0.6666666666666666,0.7692307692307693,0.8333333333333334,52,48
20220412A06_1,0.25,0.0,matched_rho_theta0,1.0,1.0,1.0,47,47
20220412A06_1,0.25,0.0,rho020_theta0,0.6779661016949152,0.7692307692307693,0.851063829787234,52,47
20220412A06_1,0.25,0.025,matched_rho_theta0,0.9361702127659575,0.9361702127659575,1.0,47,44
20220412A06_1,0.25,0.025,rho020_theta0,0.6271186440677966,0.7115384615384616,0.8409090909090909,52,44
20220412A06_1,0.25,0.05,matched_rho_theta0,0.8297872340425532,0.8297872340425532,1.0,47,39
20220412A06_1,0.25,0.05,rho020_theta0,0.5423728813559322,0.6153846153846154,0.8205128205128205,52,39
20220412A06_1,0.3,-0.05,matched_rho_theta0,0.9607843137254902,1.0,1.0,49,51
20220412A06_1,0.3,-0.05,rho020_theta0,0.4714285714285714,0.6346153846153846,0.6470588235294118,52,51
20220412A06_1,0.3,-0.025,matched_rho_theta0,0.9607843137254902,1.0,1.0,49,51
20220412A06_1,0.3,-0.025,rho020_theta0,0.4714285714285714,0.6346153846153846,0.6470588235294118,52,51
20220412A06_1,0.3,0.0,matched_rho_theta0,1.0,1.0,1.0,49,49
20220412A06_1,0.3,0.0,rho020_theta0,0.44285714285714284,0.5961538461538461,0.6326530612244898,52,49
20220412A06_1,0.3,0.025,matched_rho_theta0,0.9183673469387755,0.9183673469387755,1.0,49,45
20220412A06_1,0.3,0.025,rho020_theta0,0.4057971014492754,0.5384615384615384,0.6222222222222222,52,45
20220412A06_1,0.3,0.05,matched_rho_theta0,0.7959183673469388,0.7959183673469388,1.0,49,39
20220412A06_1,0.3,0.05,rho020_theta0,0.3188405797101449,0.4230769230769231,0.5641025641025641,52,39
20220412A06_1,0.35,-0.05,matched_rho_theta0,0.9365079365079365,1.0,1.0,59,63
20220412A06_1,0.35,-0.05,rho020_theta0,0.35294117647058826,0.5769230769230769,0.5769230769230769,52,63
20220412A06_1,0.35,-0.025,matched_rho_theta0,0.9365079365079365,1.0,1.0,59,63
20220412A06_1,0.35,-0.025,rho020_theta0,0.35294117647058826,0.5769230769230769,0.5769230769230769,52,63
20220412A06_1,0.35,0.0,matched_rho_theta0,1.0,1.0,1.0,59,59
20220412A06_1,0.35,0.0,rho020_theta0,0.3373493975903614,0.5384615384615384,0.5384615384615384,52,59
20220412A06_1,0.35,0.025,matched_rho_theta0,0.9322033898305084,0.9322033898305084,1.0,59,55
20220412A06_1,0.35,0.025,rho020_theta0,0.3048780487804878,0.4807692307692308,0.4807692307692308,52,55
20220412A06_1,0.35,0.05,matched_rho_theta0,0.847457627118644,0.847457627118644,1.0,59,50
20220412A06_1,0.35,0.05,rho020_theta0,0.24390243902439024,0.38461538461538464,0.4,52,50
