node_index_0based,node_index_1based,truth_core,predicted_core
0,1,0,0
1,2,1,1
2,3,1,1
3,4,0,0
4,5,0,0
5,6,0,0
6,7,0,0
7,8,1,1
8,9,0,0
9,10,0,0
10,11,0,0
11,12,1,1
12,13,1,1
13,14,0,0
14,15,1,1
15,16,1,1
16,17,0,0
17,18,0,1
18,19,0,0
19,20,0,0
20,21,1,1
21,22,0,0
22,23,0,1
23,24,0,0
24,25,0,0
25,26,1,1
26,27,0,0
27,28,0,0
28,29,0,0
29,30,0,0
30,31,0,0
31,32,1,1
32,33,0,0
33,34,1,1
34,35,0,0
35,36,0,0
36,37,1,1
37,38,1,1
38,39,0,0
39,40,1,1
40,41,0,1
41,42,0,1
42,43,0,0
43,44,0,0
44,45,1,1
45,46,1,1
46,47,0,0
47,48,0,0
48,49,0,0
49,50,0,0
50,51,1,1
51,52,0,1
52,53,1,1
53,54,0,0
54,55,1,1
55,56,0,0
56,57,0,0
57,58,0,1
58,59,0,0
59,60,0,0
60,61,0,0
61,62,1,1
62,63,0,0
63,64,0,0
64,65,0,0
65,66,0,0
66,67,1,1
67,68,0,0
68,69,0,0
69,70,0,0
70,71,0,0
71,72,0,0
72,73,0,0
73,74,0,0
74,75,1,1
75,76,0,0
76,77,0,0
77,78,0,0
78,79,0,0
79,80,0,0
80,81,0,0
81,82,0,1
82,83,0,0
83,84,0,0
84,85,0,0
85,86,0,1
86,87,0,0
87,88,0,0
88,89,0,0
89,90,1,1
90,91,1,1
91,92,0,0
92,93,0,0
93,94,0,0
94,95,0,0
95,96,0,0
96,97,1,1
97,98,0,0
98,99,0,0
99,100,0,1
