network,condition,input,comparison,method,tp,fp,fn,tn,n_core,accuracy,f1,precision,recall,native_auc
102,synchronous,102_synchronous,definition,xcorr_full,19,0,1,80,19,0.99,0.9743589743589743,1.0,0.95,0.975
102,synchronous,102_synchronous,definition,pearson,20,0,0,80,20,1.0,1.0,1.0,1.0,1.0
102,synchronous,102_synchronous,definition,spearman,20,0,0,80,20,1.0,1.0,1.0,1.0,1.0
102,synchronous,102_synchronous,detector,AstroMicroNet,19,0,1,80,19,0.99,0.9743589743589743,1.0,0.95,0.975
102,synchronous,102_synchronous,detector,BE,19,0,1,80,19,0.99,0.9743589743589743,1.0,0.95,0.975
102,synchronous,102_synchronous,detector,Rombach,19,0,1,80,19,0.99,0.9743589743589743,1.0,0.95,1.0
102,synchronous,102_synchronous,detector,weighted_strength,20,0,0,80,20,1.0,1.0,1.0,1.0,1.0
102,delayed,102_delayed,definition,xcorr_full,18,0,2,80,18,0.98,0.9473684210526315,1.0,0.9,0.95
102,delayed,102_delayed,definition,pearson,16,4,4,76,20,0.92,0.8,0.8,0.8,0.875
102,delayed,102_delayed,definition,spearman,16,3,4,77,19,0.93,0.8205128205128205,0.8421052631578947,0.8,0.968125
102,delayed,102_delayed,detector,AstroMicroNet,18,0,2,80,18,0.98,0.9473684210526315,1.0,0.9,0.95
102,delayed,102_delayed,detector,BE,19,0,1,80,19,0.99,0.9743589743589743,1.0,0.95,0.975
102,delayed,102_delayed,detector,Rombach,19,0,1,80,19,0.99,0.9743589743589743,1.0,0.95,0.99875
102,delayed,102_delayed,detector,weighted_strength,20,0,0,80,20,1.0,1.0,1.0,1.0,1.0
103,synchronous,103_synchronous,definition,xcorr_full,19,0,1,80,19,0.99,0.9743589743589743,1.0,0.95,0.975
103,synchronous,103_synchronous,definition,pearson,19,0,1,80,19,0.99,0.9743589743589743,1.0,0.95,0.975
103,synchronous,103_synchronous,definition,spearman,19,0,1,80,19,0.99,0.9743589743589743,1.0,0.95,0.975
103,synchronous,103_synchronous,detector,AstroMicroNet,19,0,1,80,19,0.99,0.9743589743589743,1.0,0.95,0.975
103,synchronous,103_synchronous,detector,BE,19,0,1,80,19,0.99,0.9743589743589743,1.0,0.95,0.975
103,synchronous,103_synchronous,detector,Rombach,19,0,1,80,19,0.99,0.9743589743589743,1.0,0.95,1.0
103,synchronous,103_synchronous,detector,weighted_strength,20,0,0,80,20,1.0,1.0,1.0,1.0,1.0
103,delayed,103_delayed,definition,xcorr_full,19,0,1,80,19,0.99,0.9743589743589743,1.0,0.95,0.975
103,delayed,103_delayed,definition,pearson,16,4,4,76,20,0.92,0.8,0.8,0.8,0.875
103,delayed,103_delayed,definition,spearman,16,3,4,77,19,0.93,0.8205128205128205,0.8421052631578947,0.8,0.88125
103,delayed,103_delayed,detector,AstroMicroNet,19,0,1,80,19,0.99,0.9743589743589743,1.0,0.95,0.975
103,delayed,103_delayed,detector,BE,19,0,1,80,19,0.99,0.9743589743589743,1.0,0.95,0.975
103,delayed,103_delayed,detector,Rombach,19,0,1,80,19,0.99,0.9743589743589743,1.0,0.95,0.998125
103,delayed,103_delayed,detector,weighted_strength,20,0,0,80,20,1.0,1.0,1.0,1.0,1.0
101,synchronous,101_synchronous,definition,xcorr_full,18,0,2,80,18,0.98,0.9473684210526315,1.0,0.9,0.95
101,synchronous,101_synchronous,definition,pearson,20,0,0,80,20,1.0,1.0,1.0,1.0,1.0
101,synchronous,101_synchronous,definition,spearman,18,0,2,80,18,0.98,0.9473684210526315,1.0,0.9,0.95
101,synchronous,101_synchronous,detector,AstroMicroNet,18,0,2,80,18,0.98,0.9473684210526315,1.0,0.9,0.95
101,synchronous,101_synchronous,detector,BE,19,0,1,80,19,0.99,0.9743589743589743,1.0,0.95,0.975
101,synchronous,101_synchronous,detector,Rombach,19,0,1,80,19,0.99,0.9743589743589743,1.0,0.95,1.0
101,synchronous,101_synchronous,detector,weighted_strength,20,0,0,80,20,1.0,1.0,1.0,1.0,1.0
101,delayed,101_delayed,definition,xcorr_full,20,0,0,80,20,1.0,1.0,1.0,1.0,1.0
101,delayed,101_delayed,definition,pearson,11,9,9,71,20,0.82,0.55,0.55,0.55,0.7225
101,delayed,101_delayed,definition,spearman,12,6,8,74,18,0.86,0.631578947368421,0.6666666666666666,0.6,0.88125
101,delayed,101_delayed,detector,AstroMicroNet,20,0,0,80,20,1.0,1.0,1.0,1.0,1.0
101,delayed,101_delayed,detector,BE,19,0,1,80,19,0.99,0.9743589743589743,1.0,0.95,0.975
101,delayed,101_delayed,detector,Rombach,19,0,1,80,19,0.99,0.9743589743589743,1.0,0.95,0.99875
101,delayed,101_delayed,detector,weighted_strength,20,0,0,80,20,1.0,1.0,1.0,1.0,1.0
100,synchronous,100_synchronous,definition,xcorr_full,20,0,0,80,20,1.0,1.0,1.0,1.0,1.0
100,synchronous,100_synchronous,definition,pearson,20,0,0,80,20,1.0,1.0,1.0,1.0,1.0
100,synchronous,100_synchronous,definition,spearman,19,0,1,80,19,0.99,0.9743589743589743,1.0,0.95,0.975
100,synchronous,100_synchronous,detector,AstroMicroNet,20,0,0,80,20,1.0,1.0,1.0,1.0,1.0
100,synchronous,100_synchronous,detector,BE,19,0,1,80,19,0.99,0.9743589743589743,1.0,0.95,0.975
100,synchronous,100_synchronous,detector,Rombach,19,0,1,80,19,0.99,0.9743589743589743,1.0,0.95,0.999375
100,synchronous,100_synchronous,detector,weighted_strength,20,0,0,80,20,1.0,1.0,1.0,1.0,1.0
100,delayed,100_delayed,definition,xcorr_full,19,0,1,80,19,0.99,0.9743589743589743,1.0,0.95,0.975
100,delayed,100_delayed,definition,pearson,14,6,6,74,20,0.88,0.7,0.7,0.7,0.8125
100,delayed,100_delayed,definition,spearman,13,4,7,76,17,0.89,0.7027027027027027,0.7647058823529411,0.65,0.940625
100,delayed,100_delayed,detector,AstroMicroNet,19,0,1,80,19,0.99,0.9743589743589743,1.0,0.95,0.975
100,delayed,100_delayed,detector,BE,19,0,1,80,19,0.99,0.9743589743589743,1.0,0.95,0.975
100,delayed,100_delayed,detector,Rombach,19,0,1,80,19,0.99,0.9743589743589743,1.0,0.95,0.999375
100,delayed,100_delayed,detector,weighted_strength,20,0,0,80,20,1.0,1.0,1.0,1.0,1.0
104,synchronous,104_synchronous,definition,xcorr_full,18,0,2,80,18,0.98,0.9473684210526315,1.0,0.9,0.95
104,synchronous,104_synchronous,definition,pearson,19,0,1,80,19,0.99,0.9743589743589743,1.0,0.95,0.975
104,synchronous,104_synchronous,definition,spearman,17,0,3,80,17,0.97,0.918918918918919,1.0,0.85,0.925
104,synchronous,104_synchronous,detector,AstroMicroNet,18,0,2,80,18,0.98,0.9473684210526315,1.0,0.9,0.95
104,synchronous,104_synchronous,detector,BE,19,0,1,80,19,0.99,0.9743589743589743,1.0,0.95,0.975
104,synchronous,104_synchronous,detector,Rombach,19,0,1,80,19,0.99,0.9743589743589743,1.0,0.95,0.999375
104,synchronous,104_synchronous,detector,weighted_strength,20,0,0,80,20,1.0,1.0,1.0,1.0,1.0
104,delayed,104_delayed,definition,xcorr_full,17,0,3,80,17,0.97,0.918918918918919,1.0,0.85,0.925
104,delayed,104_delayed,definition,pearson,14,5,6,75,19,0.89,0.717948717948718,0.7368421052631579,0.7,0.81875
104,delayed,104_delayed,definition,spearman,12,6,8,74,18,0.86,0.631578947368421,0.6666666666666666,0.6,0.7678125
104,delayed,104_delayed,detector,AstroMicroNet,17,0,3,80,17,0.97,0.918918918918919,1.0,0.85,0.925
104,delayed,104_delayed,detector,BE,19,0,1,80,19,0.99,0.9743589743589743,1.0,0.95,0.975
104,delayed,104_delayed,detector,Rombach,19,0,1,80,19,0.99,0.9743589743589743,1.0,0.95,0.999375
104,delayed,104_delayed,detector,weighted_strength,20,0,0,80,20,1.0,1.0,1.0,1.0,1.0
106,synchronous,106_synchronous,definition,xcorr_full,20,0,0,80,20,1.0,1.0,1.0,1.0,1.0
106,synchronous,106_synchronous,definition,pearson,20,0,0,80,20,1.0,1.0,1.0,1.0,1.0
106,synchronous,106_synchronous,definition,spearman,20,0,0,80,20,1.0,1.0,1.0,1.0,1.0
106,synchronous,106_synchronous,detector,AstroMicroNet,20,0,0,80,20,1.0,1.0,1.0,1.0,1.0
106,synchronous,106_synchronous,detector,BE,19,0,1,80,19,0.99,0.9743589743589743,1.0,0.95,0.975
106,synchronous,106_synchronous,detector,Rombach,19,0,1,80,19,0.99,0.9743589743589743,1.0,0.95,0.996875
106,synchronous,106_synchronous,detector,weighted_strength,20,0,0,80,20,1.0,1.0,1.0,1.0,1.0
106,delayed,106_delayed,definition,xcorr_full,19,0,1,80,19,0.99,0.9743589743589743,1.0,0.95,0.975
106,delayed,106_delayed,definition,pearson,14,6,6,74,20,0.88,0.7,0.7,0.7,0.9665625
106,delayed,106_delayed,definition,spearman,16,4,4,76,20,0.92,0.8,0.8,0.8,0.9684375
106,delayed,106_delayed,detector,AstroMicroNet,19,0,1,80,19,0.99,0.9743589743589743,1.0,0.95,0.975
106,delayed,106_delayed,detector,BE,19,0,1,80,19,0.99,0.9743589743589743,1.0,0.95,0.975
106,delayed,106_delayed,detector,Rombach,19,0,1,80,19,0.99,0.9743589743589743,1.0,0.95,0.9975
106,delayed,106_delayed,detector,weighted_strength,20,0,0,80,20,1.0,1.0,1.0,1.0,1.0
105,synchronous,105_synchronous,definition,xcorr_full,18,0,2,80,18,0.98,0.9473684210526315,1.0,0.9,0.95
105,synchronous,105_synchronous,definition,pearson,19,0,1,80,19,0.99,0.9743589743589743,1.0,0.95,0.975
105,synchronous,105_synchronous,definition,spearman,19,0,1,80,19,0.99,0.9743589743589743,1.0,0.95,0.975
105,synchronous,105_synchronous,detector,AstroMicroNet,18,0,2,80,18,0.98,0.9473684210526315,1.0,0.9,0.95
105,synchronous,105_synchronous,detector,BE,19,0,1,80,19,0.99,0.9743589743589743,1.0,0.95,0.975
105,synchronous,105_synchronous,detector,Rombach,19,0,1,80,19,0.99,0.9743589743589743,1.0,0.95,0.99875
105,synchronous,105_synchronous,detector,weighted_strength,20,0,0,80,20,1.0,1.0,1.0,1.0,1.0
105,delayed,105_delayed,definition,xcorr_full,17,0,3,80,17,0.97,0.918918918918919,1.0,0.85,0.925
105,delayed,105_delayed,definition,pearson,13,5,7,75,18,0.88,0.6842105263157895,0.7222222222222222,0.65,0.79375
105,delayed,105_delayed,definition,spearman,16,4,4,76,20,0.92,0.8,0.8,0.8,0.91625
105,delayed,105_delayed,detector,AstroMicroNet,17,0,3,80,17,0.97,0.918918918918919,1.0,0.85,0.925
105,delayed,105_delayed,detector,BE,19,0,1,80,19,0.99,0.9743589743589743,1.0,0.95,0.975
105,delayed,105_delayed,detector,Rombach,19,0,1,80,19,0.99,0.9743589743589743,1.0,0.95,0.9975
105,delayed,105_delayed,detector,weighted_strength,20,0,0,80,20,1.0,1.0,1.0,1.0,1.0
107,synchronous,107_synchronous,definition,xcorr_full,18,0,2,80,18,0.98,0.9473684210526315,1.0,0.9,0.95
107,synchronous,107_synchronous,definition,pearson,19,0,1,80,19,0.99,0.9743589743589743,1.0,0.95,0.975
107,synchronous,107_synchronous,definition,spearman,19,0,1,80,19,0.99,0.9743589743589743,1.0,0.95,0.975
107,synchronous,107_synchronous,detector,AstroMicroNet,18,0,2,80,18,0.98,0.9473684210526315,1.0,0.9,0.95
107,synchronous,107_synchronous,detector,BE,19,0,1,80,19,0.99,0.9743589743589743,1.0,0.95,0.975
107,synchronous,107_synchronous,detector,Rombach,19,0,1,80,19,0.99,0.9743589743589743,1.0,0.95,0.998125
107,synchronous,107_synchronous,detector,weighted_strength,20,0,0,80,20,1.0,1.0,1.0,1.0,1.0
107,delayed,107_delayed,definition,xcorr_full,18,0,2,80,18,0.98,0.9473684210526315,1.0,0.9,0.95
107,delayed,107_delayed,definition,pearson,12,7,8,73,19,0.85,0.6153846153846154,0.631578947368421,0.6,0.8946875
107,delayed,107_delayed,definition,spearman,13,7,7,73,20,0.86,0.65,0.65,0.65,0.9028125
107,delayed,107_delayed,detector,AstroMicroNet,18,0,2,80,18,0.98,0.9473684210526315,1.0,0.9,0.95
107,delayed,107_delayed,detector,BE,19,0,1,80,19,0.99,0.9743589743589743,1.0,0.95,0.975
107,delayed,107_delayed,detector,Rombach,19,0,1,80,19,0.99,0.9743589743589743,1.0,0.95,1.0
107,delayed,107_delayed,detector,weighted_strength,20,0,0,80,20,1.0,1.0,1.0,1.0,1.0
108,synchronous,108_synchronous,definition,xcorr_full,17,0,3,80,17,0.97,0.918918918918919,1.0,0.85,0.925
108,synchronous,108_synchronous,definition,pearson,20,0,0,80,20,1.0,1.0,1.0,1.0,1.0
108,synchronous,108_synchronous,definition,spearman,20,0,0,80,20,1.0,1.0,1.0,1.0,1.0
108,synchronous,108_synchronous,detector,AstroMicroNet,17,0,3,80,17,0.97,0.918918918918919,1.0,0.85,0.925
108,synchronous,108_synchronous,detector,BE,19,0,1,80,19,0.99,0.9743589743589743,1.0,0.95,0.975
108,synchronous,108_synchronous,detector,Rombach,19,0,1,80,19,0.99,0.9743589743589743,1.0,0.95,0.999375
108,synchronous,108_synchronous,detector,weighted_strength,20,0,0,80,20,1.0,1.0,1.0,1.0,1.0
108,delayed,108_delayed,definition,xcorr_full,19,0,1,80,19,0.99,0.9743589743589743,1.0,0.95,0.975
108,delayed,108_delayed,definition,pearson,14,5,6,75,19,0.89,0.717948717948718,0.7368421052631579,0.7,0.820625
108,delayed,108_delayed,definition,spearman,12,1,8,79,13,0.91,0.7272727272727273,0.9230769230769231,0.6,0.961875
108,delayed,108_delayed,detector,AstroMicroNet,19,0,1,80,19,0.99,0.9743589743589743,1.0,0.95,0.975
108,delayed,108_delayed,detector,BE,19,0,1,80,19,0.99,0.9743589743589743,1.0,0.95,0.975
108,delayed,108_delayed,detector,Rombach,19,0,1,80,19,0.99,0.9743589743589743,1.0,0.95,0.99625
108,delayed,108_delayed,detector,weighted_strength,20,0,0,80,20,1.0,1.0,1.0,1.0,1.0
109,synchronous,109_synchronous,definition,xcorr_full,16,0,4,80,16,0.96,0.8888888888888888,1.0,0.8,0.9
109,synchronous,109_synchronous,definition,pearson,19,0,1,80,19,0.99,0.9743589743589743,1.0,0.95,0.975
109,synchronous,109_synchronous,definition,spearman,17,0,3,80,17,0.97,0.918918918918919,1.0,0.85,0.925
109,synchronous,109_synchronous,detector,AstroMicroNet,16,0,4,80,16,0.96,0.8888888888888888,1.0,0.8,0.9
109,synchronous,109_synchronous,detector,BE,19,0,1,80,19,0.99,0.9743589743589743,1.0,0.95,0.975
109,synchronous,109_synchronous,detector,Rombach,19,0,1,80,19,0.99,0.9743589743589743,1.0,0.95,0.999375
109,synchronous,109_synchronous,detector,weighted_strength,20,0,0,80,20,1.0,1.0,1.0,1.0,1.0
109,delayed,109_delayed,definition,xcorr_full,18,0,2,80,18,0.98,0.9473684210526315,1.0,0.9,0.95
109,delayed,109_delayed,definition,pearson,15,4,5,76,19,0.91,0.7692307692307693,0.7894736842105263,0.75,0.85
109,delayed,109_delayed,definition,spearman,13,4,7,76,17,0.89,0.7027027027027027,0.7647058823529411,0.65,0.8
109,delayed,109_delayed,detector,AstroMicroNet,18,0,2,80,18,0.98,0.9473684210526315,1.0,0.9,0.95
109,delayed,109_delayed,detector,BE,19,0,1,80,19,0.99,0.9743589743589743,1.0,0.95,0.975
109,delayed,109_delayed,detector,Rombach,19,0,1,80,19,0.99,0.9743589743589743,1.0,0.95,0.99875
109,delayed,109_delayed,detector,weighted_strength,20,0,0,80,20,1.0,1.0,1.0,1.0,1.0
110,synchronous,110_synchronous,definition,xcorr_full,16,0,4,80,16,0.96,0.8888888888888888,1.0,0.8,0.9
110,synchronous,110_synchronous,definition,pearson,20,0,0,80,20,1.0,1.0,1.0,1.0,1.0
110,synchronous,110_synchronous,definition,spearman,19,0,1,80,19,0.99,0.9743589743589743,1.0,0.95,0.975
110,synchronous,110_synchronous,detector,AstroMicroNet,16,0,4,80,16,0.96,0.8888888888888888,1.0,0.8,0.9
110,synchronous,110_synchronous,detector,BE,19,0,1,80,19,0.99,0.9743589743589743,1.0,0.95,0.975
110,synchronous,110_synchronous,detector,Rombach,19,0,1,80,19,0.99,0.9743589743589743,1.0,0.95,0.996875
110,synchronous,110_synchronous,detector,weighted_strength,20,0,0,80,20,1.0,1.0,1.0,1.0,1.0
110,delayed,110_delayed,definition,xcorr_full,19,0,1,80,19,0.99,0.9743589743589743,1.0,0.95,0.975
110,delayed,110_delayed,definition,pearson,13,7,7,73,20,0.86,0.65,0.65,0.65,0.8384375
110,delayed,110_delayed,definition,spearman,14,6,6,74,20,0.88,0.7,0.7,0.7,0.86375
110,delayed,110_delayed,detector,AstroMicroNet,19,0,1,80,19,0.99,0.9743589743589743,1.0,0.95,0.975
110,delayed,110_delayed,detector,BE,19,0,1,80,19,0.99,0.9743589743589743,1.0,0.95,0.975
110,delayed,110_delayed,detector,Rombach,19,0,1,80,19,0.99,0.9743589743589743,1.0,0.95,0.9925
110,delayed,110_delayed,detector,weighted_strength,20,0,0,80,20,1.0,1.0,1.0,1.0,1.0
111,synchronous,111_synchronous,definition,xcorr_full,19,0,1,80,19,0.99,0.9743589743589743,1.0,0.95,0.975
111,synchronous,111_synchronous,definition,pearson,19,0,1,80,19,0.99,0.9743589743589743,1.0,0.95,0.975
111,synchronous,111_synchronous,definition,spearman,19,0,1,80,19,0.99,0.9743589743589743,1.0,0.95,0.975
111,synchronous,111_synchronous,detector,AstroMicroNet,19,0,1,80,19,0.99,0.9743589743589743,1.0,0.95,0.975
111,synchronous,111_synchronous,detector,BE,19,0,1,80,19,0.99,0.9743589743589743,1.0,0.95,0.975
111,synchronous,111_synchronous,detector,Rombach,19,0,1,80,19,0.99,0.9743589743589743,1.0,0.95,0.999375
111,synchronous,111_synchronous,detector,weighted_strength,20,0,0,80,20,1.0,1.0,1.0,1.0,1.0
111,delayed,111_delayed,definition,xcorr_full,16,0,4,80,16,0.96,0.8888888888888888,1.0,0.8,0.9
111,delayed,111_delayed,definition,pearson,14,6,6,74,20,0.88,0.7,0.7,0.7,0.9709375
111,delayed,111_delayed,definition,spearman,13,5,7,75,18,0.88,0.6842105263157895,0.7222222222222222,0.65,0.79375
111,delayed,111_delayed,detector,AstroMicroNet,16,0,4,80,16,0.96,0.8888888888888888,1.0,0.8,0.9
111,delayed,111_delayed,detector,BE,19,0,1,80,19,0.99,0.9743589743589743,1.0,0.95,0.975
111,delayed,111_delayed,detector,Rombach,19,0,1,80,19,0.99,0.9743589743589743,1.0,0.95,1.0
111,delayed,111_delayed,detector,weighted_strength,20,0,0,80,20,1.0,1.0,1.0,1.0,1.0
112,synchronous,112_synchronous,definition,xcorr_full,20,0,0,80,20,1.0,1.0,1.0,1.0,1.0
112,synchronous,112_synchronous,definition,pearson,20,0,0,80,20,1.0,1.0,1.0,1.0,1.0
112,synchronous,112_synchronous,definition,spearman,19,0,1,80,19,0.99,0.9743589743589743,1.0,0.95,0.975
112,synchronous,112_synchronous,detector,AstroMicroNet,20,0,0,80,20,1.0,1.0,1.0,1.0,1.0
112,synchronous,112_synchronous,detector,BE,19,0,1,80,19,0.99,0.9743589743589743,1.0,0.95,0.975
112,synchronous,112_synchronous,detector,Rombach,19,0,1,80,19,0.99,0.9743589743589743,1.0,0.95,1.0
112,synchronous,112_synchronous,detector,weighted_strength,20,0,0,80,20,1.0,1.0,1.0,1.0,1.0
112,delayed,112_delayed,definition,xcorr_full,19,0,1,80,19,0.99,0.9743589743589743,1.0,0.95,0.975
112,delayed,112_delayed,definition,pearson,10,8,10,72,18,0.82,0.5263157894736842,0.5555555555555556,0.5,0.861875
112,delayed,112_delayed,definition,spearman,17,3,3,77,20,0.94,0.85,0.85,0.85,0.91125
112,delayed,112_delayed,detector,AstroMicroNet,19,0,1,80,19,0.99,0.9743589743589743,1.0,0.95,0.975
112,delayed,112_delayed,detector,BE,19,0,1,80,19,0.99,0.9743589743589743,1.0,0.95,0.975
112,delayed,112_delayed,detector,Rombach,19,0,1,80,19,0.99,0.9743589743589743,1.0,0.95,0.999375
112,delayed,112_delayed,detector,weighted_strength,20,0,0,80,20,1.0,1.0,1.0,1.0,1.0
113,synchronous,113_synchronous,definition,xcorr_full,18,0,2,80,18,0.98,0.9473684210526315,1.0,0.9,0.95
113,synchronous,113_synchronous,definition,pearson,20,0,0,80,20,1.0,1.0,1.0,1.0,1.0
113,synchronous,113_synchronous,definition,spearman,19,0,1,80,19,0.99,0.9743589743589743,1.0,0.95,0.975
113,synchronous,113_synchronous,detector,AstroMicroNet,18,0,2,80,18,0.98,0.9473684210526315,1.0,0.9,0.95
113,synchronous,113_synchronous,detector,BE,19,0,1,80,19,0.99,0.9743589743589743,1.0,0.95,0.975
113,synchronous,113_synchronous,detector,Rombach,19,0,1,80,19,0.99,0.9743589743589743,1.0,0.95,0.99875
113,synchronous,113_synchronous,detector,weighted_strength,19,1,1,79,20,0.98,0.95,0.95,0.95,0.998125
113,delayed,113_delayed,definition,xcorr_full,18,0,2,80,18,0.98,0.9473684210526315,1.0,0.9,0.95
113,delayed,113_delayed,definition,pearson,16,3,4,77,19,0.93,0.8205128205128205,0.8421052631578947,0.8,0.88125
113,delayed,113_delayed,definition,spearman,14,2,6,78,16,0.92,0.7777777777777778,0.875,0.7,0.8375
113,delayed,113_delayed,detector,AstroMicroNet,18,0,2,80,18,0.98,0.9473684210526315,1.0,0.9,0.95
113,delayed,113_delayed,detector,BE,19,0,1,80,19,0.99,0.9743589743589743,1.0,0.95,0.975
113,delayed,113_delayed,detector,Rombach,19,0,1,80,19,0.99,0.9743589743589743,1.0,0.95,1.0
113,delayed,113_delayed,detector,weighted_strength,17,3,3,77,20,0.94,0.85,0.85,0.85,0.98875
114,synchronous,114_synchronous,definition,xcorr_full,19,0,1,80,19,0.99,0.9743589743589743,1.0,0.95,0.975
114,synchronous,114_synchronous,definition,pearson,18,0,2,80,18,0.98,0.9473684210526315,1.0,0.9,0.95
114,synchronous,114_synchronous,definition,spearman,19,0,1,80,19,0.99,0.9743589743589743,1.0,0.95,0.975
114,synchronous,114_synchronous,detector,AstroMicroNet,19,0,1,80,19,0.99,0.9743589743589743,1.0,0.95,0.975
114,synchronous,114_synchronous,detector,BE,19,0,1,80,19,0.99,0.9743589743589743,1.0,0.95,0.975
114,synchronous,114_synchronous,detector,Rombach,19,0,1,80,19,0.99,0.9743589743589743,1.0,0.95,0.995
114,synchronous,114_synchronous,detector,weighted_strength,20,0,0,80,20,1.0,1.0,1.0,1.0,1.0
114,delayed,114_delayed,definition,xcorr_full,20,0,0,80,20,1.0,1.0,1.0,1.0,1.0
114,delayed,114_delayed,definition,pearson,12,5,8,75,17,0.87,0.6486486486486487,0.7058823529411765,0.6,0.76875
114,delayed,114_delayed,definition,spearman,13,1,7,79,14,0.92,0.7647058823529411,0.9285714285714286,0.65,0.8475
114,delayed,114_delayed,detector,AstroMicroNet,20,0,0,80,20,1.0,1.0,1.0,1.0,1.0
114,delayed,114_delayed,detector,BE,19,0,1,80,19,0.99,0.9743589743589743,1.0,0.95,0.975
114,delayed,114_delayed,detector,Rombach,19,0,1,80,19,0.99,0.9743589743589743,1.0,0.95,1.0
114,delayed,114_delayed,detector,weighted_strength,20,0,0,80,20,1.0,1.0,1.0,1.0,1.0
115,synchronous,115_synchronous,definition,xcorr_full,17,0,3,80,17,0.97,0.918918918918919,1.0,0.85,0.925
115,synchronous,115_synchronous,definition,pearson,19,0,1,80,19,0.99,0.9743589743589743,1.0,0.95,0.975
115,synchronous,115_synchronous,definition,spearman,20,0,0,80,20,1.0,1.0,1.0,1.0,1.0
115,synchronous,115_synchronous,detector,AstroMicroNet,17,0,3,80,17,0.97,0.918918918918919,1.0,0.85,0.925
115,synchronous,115_synchronous,detector,BE,19,0,1,80,19,0.99,0.9743589743589743,1.0,0.95,0.975
115,synchronous,115_synchronous,detector,Rombach,19,0,1,80,19,0.99,0.9743589743589743,1.0,0.95,1.0
115,synchronous,115_synchronous,detector,weighted_strength,20,0,0,80,20,1.0,1.0,1.0,1.0,1.0
115,delayed,115_delayed,definition,xcorr_full,18,0,2,80,18,0.98,0.9473684210526315,1.0,0.9,0.95
115,delayed,115_delayed,definition,pearson,15,1,5,79,16,0.94,0.8333333333333334,0.9375,0.75,0.86875
115,delayed,115_delayed,definition,spearman,13,7,7,73,20,0.86,0.65,0.65,0.65,0.9278125
115,delayed,115_delayed,detector,AstroMicroNet,18,0,2,80,18,0.98,0.9473684210526315,1.0,0.9,0.95
115,delayed,115_delayed,detector,BE,19,0,1,80,19,0.99,0.9743589743589743,1.0,0.95,0.975
115,delayed,115_delayed,detector,Rombach,19,0,1,80,19,0.99,0.9743589743589743,1.0,0.95,0.9975
115,delayed,115_delayed,detector,weighted_strength,20,0,0,80,20,1.0,1.0,1.0,1.0,1.0
116,synchronous,116_synchronous,definition,xcorr_full,19,0,1,80,19,0.99,0.9743589743589743,1.0,0.95,0.975
116,synchronous,116_synchronous,definition,pearson,20,0,0,80,20,1.0,1.0,1.0,1.0,1.0
116,synchronous,116_synchronous,definition,spearman,19,0,1,80,19,0.99,0.9743589743589743,1.0,0.95,0.975
116,synchronous,116_synchronous,detector,AstroMicroNet,19,0,1,80,19,0.99,0.9743589743589743,1.0,0.95,0.975
116,synchronous,116_synchronous,detector,BE,19,0,1,80,19,0.99,0.9743589743589743,1.0,0.95,0.975
116,synchronous,116_synchronous,detector,Rombach,19,0,1,80,19,0.99,0.9743589743589743,1.0,0.95,0.99625
116,synchronous,116_synchronous,detector,weighted_strength,20,0,0,80,20,1.0,1.0,1.0,1.0,1.0
116,delayed,116_delayed,definition,xcorr_full,19,0,1,80,19,0.99,0.9743589743589743,1.0,0.95,0.975
116,delayed,116_delayed,definition,pearson,15,5,5,75,20,0.9,0.75,0.75,0.75,0.9728125
116,delayed,116_delayed,definition,spearman,18,2,2,78,20,0.96,0.9,0.9,0.9,0.9934375
116,delayed,116_delayed,detector,AstroMicroNet,19,0,1,80,19,0.99,0.9743589743589743,1.0,0.95,0.975
116,delayed,116_delayed,detector,BE,19,0,1,80,19,0.99,0.9743589743589743,1.0,0.95,0.975
116,delayed,116_delayed,detector,Rombach,19,0,1,80,19,0.99,0.9743589743589743,1.0,0.95,1.0
116,delayed,116_delayed,detector,weighted_strength,20,0,0,80,20,1.0,1.0,1.0,1.0,1.0
117,synchronous,117_synchronous,definition,xcorr_full,16,0,4,80,16,0.96,0.8888888888888888,1.0,0.8,0.9
117,synchronous,117_synchronous,definition,pearson,20,0,0,80,20,1.0,1.0,1.0,1.0,1.0
117,synchronous,117_synchronous,definition,spearman,20,0,0,80,20,1.0,1.0,1.0,1.0,1.0
117,synchronous,117_synchronous,detector,AstroMicroNet,16,0,4,80,16,0.96,0.8888888888888888,1.0,0.8,0.9
117,synchronous,117_synchronous,detector,BE,19,0,1,80,19,0.99,0.9743589743589743,1.0,0.95,0.975
117,synchronous,117_synchronous,detector,Rombach,19,0,1,80,19,0.99,0.9743589743589743,1.0,0.95,0.995
117,synchronous,117_synchronous,detector,weighted_strength,20,0,0,80,20,1.0,1.0,1.0,1.0,1.0
117,delayed,117_delayed,definition,xcorr_full,18,0,2,80,18,0.98,0.9473684210526315,1.0,0.9,0.95
117,delayed,117_delayed,definition,pearson,14,6,6,74,20,0.88,0.7,0.7,0.7,0.951875
117,delayed,117_delayed,definition,spearman,13,7,7,73,20,0.86,0.65,0.65,0.65,0.9175
117,delayed,117_delayed,detector,AstroMicroNet,18,0,2,80,18,0.98,0.9473684210526315,1.0,0.9,0.95
117,delayed,117_delayed,detector,BE,19,1,1,79,20,0.98,0.95,0.95,0.95,0.96875
117,delayed,117_delayed,detector,Rombach,19,0,1,80,19,0.99,0.9743589743589743,1.0,0.95,0.995
117,delayed,117_delayed,detector,weighted_strength,20,0,0,80,20,1.0,1.0,1.0,1.0,1.0
118,synchronous,118_synchronous,definition,xcorr_full,17,0,3,80,17,0.97,0.918918918918919,1.0,0.85,0.925
118,synchronous,118_synchronous,definition,pearson,19,0,1,80,19,0.99,0.9743589743589743,1.0,0.95,0.975
118,synchronous,118_synchronous,definition,spearman,18,0,2,80,18,0.98,0.9473684210526315,1.0,0.9,0.95
118,synchronous,118_synchronous,detector,AstroMicroNet,17,0,3,80,17,0.97,0.918918918918919,1.0,0.85,0.925
118,synchronous,118_synchronous,detector,BE,19,2,1,78,21,0.97,0.926829268292683,0.9047619047619048,0.95,0.9625
118,synchronous,118_synchronous,detector,Rombach,19,0,1,80,19,0.99,0.9743589743589743,1.0,0.95,0.996875
118,synchronous,118_synchronous,detector,weighted_strength,18,2,2,78,20,0.96,0.9,0.9,0.9,0.9825
118,delayed,118_delayed,definition,xcorr_full,19,0,1,80,19,0.99,0.9743589743589743,1.0,0.95,0.975
118,delayed,118_delayed,definition,pearson,11,9,9,71,20,0.82,0.55,0.55,0.55,0.8684375
118,delayed,118_delayed,definition,spearman,10,8,10,72,18,0.82,0.5263157894736842,0.5555555555555556,0.5,0.7
118,delayed,118_delayed,detector,AstroMicroNet,19,0,1,80,19,0.99,0.9743589743589743,1.0,0.95,0.975
118,delayed,118_delayed,detector,BE,18,3,2,77,21,0.95,0.8780487804878049,0.8571428571428571,0.9,0.93125
118,delayed,118_delayed,detector,Rombach,19,0,1,80,19,0.99,0.9743589743589743,1.0,0.95,0.99875
118,delayed,118_delayed,detector,weighted_strength,17,3,3,77,20,0.94,0.85,0.85,0.85,0.9825
119,synchronous,119_synchronous,definition,xcorr_full,19,0,1,80,19,0.99,0.9743589743589743,1.0,0.95,0.975
119,synchronous,119_synchronous,definition,pearson,19,0,1,80,19,0.99,0.9743589743589743,1.0,0.95,0.975
119,synchronous,119_synchronous,definition,spearman,18,0,2,80,18,0.98,0.9473684210526315,1.0,0.9,0.95
119,synchronous,119_synchronous,detector,AstroMicroNet,19,0,1,80,19,0.99,0.9743589743589743,1.0,0.95,0.975
119,synchronous,119_synchronous,detector,BE,19,0,1,80,19,0.99,0.9743589743589743,1.0,0.95,0.975
119,synchronous,119_synchronous,detector,Rombach,19,0,1,80,19,0.99,0.9743589743589743,1.0,0.95,0.99875
119,synchronous,119_synchronous,detector,weighted_strength,20,0,0,80,20,1.0,1.0,1.0,1.0,1.0
119,delayed,119_delayed,definition,xcorr_full,19,0,1,80,19,0.99,0.9743589743589743,1.0,0.95,0.975
119,delayed,119_delayed,definition,pearson,19,1,1,79,20,0.98,0.95,0.95,0.95,0.96875
119,delayed,119_delayed,definition,spearman,16,4,4,76,20,0.92,0.8,0.8,0.8,0.906875
119,delayed,119_delayed,detector,AstroMicroNet,19,0,1,80,19,0.99,0.9743589743589743,1.0,0.95,0.975
119,delayed,119_delayed,detector,BE,19,0,1,80,19,0.99,0.9743589743589743,1.0,0.95,0.975
119,delayed,119_delayed,detector,Rombach,19,0,1,80,19,0.99,0.9743589743589743,1.0,0.95,0.9975
119,delayed,119_delayed,detector,weighted_strength,20,0,0,80,20,1.0,1.0,1.0,1.0,1.0
