definition,theta_offset,tau,f1
pearson,-0.3,0.1,0.8647827534011745
pearson,-0.3,0.2,0.8647827534011745
pearson,-0.3,0.3,0.8639173687857898
pearson,-0.2,0.1,0.8647827534011745
pearson,-0.2,0.2,0.8647827534011745
pearson,-0.2,0.3,0.8639173687857898
pearson,-0.1,0.1,0.8127397604719586
pearson,-0.1,0.2,0.8127397604719586
pearson,-0.1,0.3,0.8118743758565741
pearson,-0.05,0.1,0.6231653435118478
pearson,-0.05,0.2,0.6231653435118478
pearson,-0.05,0.3,0.6222999588964633
pearson,0.0,0.1,0.43000056808981296
pearson,0.0,0.2,0.43000056808981296
pearson,0.0,0.3,0.4266672347564796
pearson,0.05,0.1,0.3937277553724922
pearson,0.05,0.2,0.393022627167364
pearson,0.05,0.3,0.3877493478151373
pearson,0.1,0.1,0.3870575277531881
pearson,0.1,0.2,0.3840019721976325
pearson,0.1,0.3,0.3727920375783176
spearman,-0.3,0.1,0.8337992851150746
spearman,-0.3,0.2,0.8337992851150746
spearman,-0.3,0.3,0.8289920747815485
spearman,-0.2,0.1,0.8337992851150746
spearman,-0.2,0.2,0.8337992851150746
spearman,-0.2,0.3,0.8289920747815485
spearman,-0.1,0.1,0.8337992851150746
spearman,-0.1,0.2,0.8337992851150746
spearman,-0.1,0.3,0.8289920747815485
spearman,-0.05,0.1,0.8337992851150746
spearman,-0.05,0.2,0.8337992851150746
spearman,-0.05,0.3,0.8289920747815485
spearman,0.0,0.1,0.8355941569099464
spearman,0.0,0.2,0.8355941569099464
spearman,0.0,0.3,0.8300411482570926
spearman,0.05,0.1,0.8485029817266658
spearman,0.05,0.2,0.8468503118503119
spearman,0.05,0.3,0.8348889958516507
spearman,0.1,0.1,0.4725443290301604
spearman,0.1,0.2,0.4664987656435155
spearman,0.1,0.3,0.4539670808778739
xcorr_full,-0.3,0.1,0.9654711970501444
xcorr_full,-0.3,0.2,0.9654711970501444
xcorr_full,-0.3,0.3,0.9654711970501444
xcorr_full,-0.2,0.1,0.9654711970501444
xcorr_full,-0.2,0.2,0.9654711970501444
xcorr_full,-0.2,0.3,0.9654711970501444
xcorr_full,-0.1,0.1,0.8011230732488788
xcorr_full,-0.1,0.2,0.8011230732488788
xcorr_full,-0.1,0.3,0.8011230732488788
xcorr_full,-0.05,0.1,0.24046773067012944
xcorr_full,-0.05,0.2,0.24046773067012944
xcorr_full,-0.05,0.3,0.24046773067012944
xcorr_full,0.0,0.1,0.023809523809523808
xcorr_full,0.0,0.2,0.023809523809523808
xcorr_full,0.0,0.3,0.023809523809523808
xcorr_full,0.05,0.1,0.0023809523809523807
xcorr_full,0.05,0.2,0.0023809523809523807
xcorr_full,0.05,0.3,0.0023809523809523807
xcorr_full,0.1,0.1,0.0
xcorr_full,0.1,0.2,0.0
xcorr_full,0.1,0.3,0.0
