input,condition,input_kind,mode,value,offset,theta,implementation,num_runs,seed,N,matrix_sha256,truth_sha256,binary_sha256,edge_density,Q,Q_direct,tp,fp,fn,tn,n_core,f1
V01_baseline,baseline,binary,quantile,0.05,0.0,0.3265190623388343,checked,10,0,100,d3baee0dbfb0b8d7e81c4d601490317d7ed35e93650e3ced936d33d515cf6120,f3d22844919af3050f99a998ad91b3ed6c55fcd13d5d11341062f0708a25f4d9,cb3cf42fa54dab81cfa8c76d2c8455a1b9baf75c47ee2fb9b0a98d8ee12459c1,0.9498989898989899,0.21649777696447928,0.21649777696448022,25,8,0,67,33,0.8620689655172413
V01_noise_0.1,noise_0.1,binary,quantile,0.05,0.0,0.2809052959485211,checked,10,0,100,129ff8ad1b42b0a14219f41132f00049fbb1624516dfab714e9abce0e5940733,f3d22844919af3050f99a998ad91b3ed6c55fcd13d5d11341062f0708a25f4d9,28d3333835206533a97db8283a56e7b3abbca5c24fe83267a8de807c2ed95a4d,0.9498989898989899,0.24187614001939364,0.241876140019394,25,17,0,58,42,0.746268656716418
V01_noise_0.2,noise_0.2,binary,quantile,0.05,0.0,0.16891830745636524,checked,10,0,100,d4322544b8519bbe4b701d25da76ba65f3f506aadfadee3f66696ae9f54eac4e,f3d22844919af3050f99a998ad91b3ed6c55fcd13d5d11341062f0708a25f4d9,47e41e7bef6399cc8963d226568762e84e010919c37aa9b2236694aecdac892d,0.9498989898989899,0.23475281614655724,0.2347528161465571,25,30,0,45,55,0.625
V01_overlap_0.75,overlap_0.75,binary,quantile,0.05,0.0,0.38367472264046854,checked,10,0,100,f8a92757b8660e4910e09251cb74386e25701f8374724e490a1242a0176a60e5,f3d22844919af3050f99a998ad91b3ed6c55fcd13d5d11341062f0708a25f4d9,b4cb3e8875e0cbb3631c9577854e04bbe4ea81789e48234622244ec045e22350,0.9498989898989899,0.23634130484383137,0.23634130484383067,25,15,0,60,40,0.7692307692307693
V02_baseline,baseline,binary,quantile,0.05,0.0,0.32544177668789254,checked,10,0,100,021643c59267a37437d542900adc40e67d0ab496c27286b2e5126032d9407157,5bcd3178aa667e9960bc74bae54fa8368901bba9f5fadb442a809e8dd00002c3,36832ac8a8a59296cd2d8268a10a4864577fdfd5472b51e0262f96c1509b1455,0.9498989898989899,0.2361492810156513,0.23614928101565147,27,14,0,59,41,0.7941176470588235
V02_noise_0.1,noise_0.1,binary,quantile,0.05,0.0,0.27253534690478864,checked,10,0,100,1387ca003a29424e633ff0c2398e4af566e049df8194964abba049781da67e7d,5bcd3178aa667e9960bc74bae54fa8368901bba9f5fadb442a809e8dd00002c3,3f762a70e46eb5e3373cd4d79eb06032dbc68ae7e2a79d3ea2502a0858c7fd99,0.9498989898989899,0.2298873305882971,0.22988733058829744,27,29,0,44,56,0.6506024096385542
V02_noise_0.2,noise_0.2,binary,quantile,0.05,0.0,0.1624511943723675,checked,10,0,100,016fba209265cf87fd4b1476d49beeeda3b647d398858e3cdd499ad701c9edb3,5bcd3178aa667e9960bc74bae54fa8368901bba9f5fadb442a809e8dd00002c3,b3732e7765f7acab50ec74729ebb9b8d58a811c95b6825cb186cc5475ec89a88,0.9498989898989899,0.21634614026429808,0.2163461402642976,27,41,0,32,68,0.5684210526315789
V02_overlap_0.75,overlap_0.75,binary,quantile,0.05,0.0,0.38621359454993515,checked,10,0,100,7473d4823f540f51539e84982a4141a536e6745e5a2bcbb866e3f483ac1d65d5,5bcd3178aa667e9960bc74bae54fa8368901bba9f5fadb442a809e8dd00002c3,c9a403b18236bcfce22240039b727aec97bb6de986598c06d63888131b06c3fb,0.9498989898989899,0.2183135301932468,0.21831353019324717,27,15,0,58,42,0.782608695652174
V03_baseline,baseline,binary,quantile,0.05,0.0,0.3270141618700065,checked,10,0,100,435919a2ee263022dc65424603181fce0bbb501ff635900e0cfff1988c0c81a2,e93ea538bcfa23440a8c38f4bc4d77b2996afd4a9e746024a9cfdf03f828e2ba,3638a371cacbda988cc37e40871055a9619e1ee4c5126a2ab6f709995e275ba0,0.9498989898989899,0.2085755193444545,0.20857551934445395,25,6,0,69,31,0.8928571428571429
V03_noise_0.1,noise_0.1,binary,quantile,0.05,0.0,0.2695335306807057,checked,10,0,100,116fb74cc67aad6520793e06c81cf54b0f8cf2657cdc02602e3394b8315ba599,e93ea538bcfa23440a8c38f4bc4d77b2996afd4a9e746024a9cfdf03f828e2ba,9488a7026cd81452b4c98747f3cbd5b3992b6befe8e1472b0cb8fb7060b616c6,0.9498989898989899,0.21536201402446553,0.2153620140244661,25,10,0,65,35,0.8333333333333334
V03_noise_0.2,noise_0.2,binary,quantile,0.05,0.0,0.1523658526095931,checked,10,0,100,e13c126835b3bf023caededaa7fdddaa11538e793bf03b9084106965c33b509d,e93ea538bcfa23440a8c38f4bc4d77b2996afd4a9e746024a9cfdf03f828e2ba,55643e3f006fe13e1ed14c2c33baddff2adeffbcb450087f8c0b8b98ccd68ee3,0.9498989898989899,0.20904689557302078,0.20904689557302186,25,8,0,67,33,0.8620689655172413
V03_overlap_0.75,overlap_0.75,binary,quantile,0.05,0.0,0.3854374031236733,checked,10,0,100,604ef2ef22bc58d008566a1cd77b4854d239da086590171e13de9a666cea5d9e,e93ea538bcfa23440a8c38f4bc4d77b2996afd4a9e746024a9cfdf03f828e2ba,be8492a37b246de57d3655178463283e39b923f1c54ab0081848e15df2cf42fc,0.9498989898989899,0.22184210407760607,0.22184210407760588,25,27,0,48,52,0.6493506493506493
V04_baseline,baseline,binary,quantile,0.05,0.0,0.33312832120763375,checked,10,0,100,3ccc41dde1405b0b246d68b8ca2e2cb3a4346944c0c3223945d11777d091ff84,486333f56cb2c3b5081cbcc12d67c9c4bd9338bcd2881d1b27062aeb69a4ca05,2dd6efee0cf49ab4b5add686618bfb3c73b5f82b151c564562c2ff0e92d2da2c,0.9498989898989899,0.23741996309258254,0.23741996309258342,28,58,0,14,86,0.49122807017543857
V04_noise_0.1,noise_0.1,binary,quantile,0.05,0.0,0.2810150901543374,checked,10,0,100,c65259bc6395ef951d5f6121ae85d842311542637f99cf8d6a9e5af9e69afcae,486333f56cb2c3b5081cbcc12d67c9c4bd9338bcd2881d1b27062aeb69a4ca05,7ba2a25c60e6af7cb85ac8227002760abd2be7a2f77a7ab02e06f8b007790ab8,0.9498989898989899,0.2370679326766022,0.2370679326766019,28,27,0,45,55,0.6746987951807228
V04_noise_0.2,noise_0.2,binary,quantile,0.05,0.0,0.17069257263306803,checked,10,0,100,606378892fbdd8c574e69985dc8dbfac52dc9637082469cc27968b453f379f1d,486333f56cb2c3b5081cbcc12d67c9c4bd9338bcd2881d1b27062aeb69a4ca05,5831ce47442c2d42df3de2725647c0133eb0805120b0a34728688ca7d76be8a1,0.9498989898989899,0.2208842111316054,0.22088421113160475,28,12,0,60,40,0.8235294117647058
V04_overlap_0.75,overlap_0.75,binary,quantile,0.05,0.0,0.3877109572459266,checked,10,0,100,dbd9ff0d891ef2271ce0d14c7e232192c5cbe608f1defb82d2c673330dbee19b,486333f56cb2c3b5081cbcc12d67c9c4bd9338bcd2881d1b27062aeb69a4ca05,751dc83110caef840dddc12d2ec16279db3e4d0ca4b61037d64bff2232d4c01c,0.9498989898989899,0.2361492810156513,0.23614928101565155,28,13,0,59,41,0.8115942028985508
V05_baseline,baseline,binary,quantile,0.05,0.0,0.32472630136161895,checked,10,0,100,9c7c1ea71a3b0842c3ecedfc7a85c4bc524d649182619685ecd3a1edab29d9a3,861497f184747b47eab4c514db1b4fa3748fb128637036893bbe01d7c332880e,53692c742eeec87a220d75282b948319a70fe51007e89a8933ed98b1e4c1b113,0.9498989898989899,0.2130667178080628,0.21306671780806216,24,22,0,54,46,0.6857142857142857
V05_noise_0.1,noise_0.1,binary,quantile,0.05,0.0,0.2664477077127168,checked,10,0,100,77e5dcfdb509f21d6c1c8f9e911e70bca7da7029e15164985d68eda5d6d8e47b,861497f184747b47eab4c514db1b4fa3748fb128637036893bbe01d7c332880e,8127ab98b2429579602d4fbf1204202291046eafd4086b0d7c006affbeaee545,0.9498989898989899,0.21586151821988073,0.21586151821988023,24,14,0,62,38,0.7741935483870968
V05_noise_0.2,noise_0.2,binary,quantile,0.05,0.0,0.14497433638180302,checked,10,0,100,ca8d1e29c5b685c5229e0b22ad6f6a6a0a0cef586daa47272e018cfdd97dc007,861497f184747b47eab4c514db1b4fa3748fb128637036893bbe01d7c332880e,691434334555358a2f9d4ba626fc9ff35a0252b6fef5e5d3d00d790b7b2b58a4,0.9498989898989899,0.21122352756146415,0.21122352756146343,24,16,0,60,40,0.75
V05_overlap_0.75,overlap_0.75,binary,quantile,0.05,0.0,0.38315835100505735,checked,10,0,100,f25c443efde434bbab143092f934a91766efbe608a08dbab2a70e763dbfd09cb,861497f184747b47eab4c514db1b4fa3748fb128637036893bbe01d7c332880e,6a659bb57efe620fa675fc8b800e6d3027e8800e2d48605e8438e974fc4c9a35,0.9498989898989899,0.2169616032236873,0.21696160322368674,24,41,0,35,65,0.5393258426966292
V06_baseline,baseline,binary,quantile,0.05,0.0,0.32948418746139524,checked,10,0,100,d2921bf8225859d2e80cefddb003ce4e4b9d6fb8d57337e1d01c5bcb88d1f66b,c4ed125cd44432eaa1b110ef57f973703e8abc884da7bd800fa9898f697d9efe,f276aca7de39b3356cd8412f4052bf4a1e2943c4e26c7bc2ee59fdaabd722195,0.9498989898989899,0.2207478614531212,0.22074786145312106,25,23,0,52,48,0.684931506849315
V06_noise_0.1,noise_0.1,binary,quantile,0.05,0.0,0.26962282593857567,checked,10,0,100,a03395e1d69dd8db5d0c61145eac2f82fcf9e6b2ff098c09314cf680d7f08b17,c4ed125cd44432eaa1b110ef57f973703e8abc884da7bd800fa9898f697d9efe,aed38b20e612217d89b748c6969fec87205978e3ba418469e1c1c5f58a882ff2,0.9498989898989899,0.2282693861625396,0.22826938616253928,25,28,0,47,53,0.6410256410256411
V06_noise_0.2,noise_0.2,binary,quantile,0.05,0.0,0.14947990967215632,checked,10,0,100,1d16ff92c28e345bbd15f16a9f9bc9e1fb9b599258a1b01d32a50ebafbe363f9,c4ed125cd44432eaa1b110ef57f973703e8abc884da7bd800fa9898f697d9efe,e1150fc98ba94b06bea31076e8a895707edd1f4533b575db5a185ce3abea77c2,0.9498989898989899,0.2077226064918453,0.20772260649184518,25,19,0,56,44,0.7246376811594203
V06_overlap_0.75,overlap_0.75,binary,quantile,0.05,0.0,0.38503636230779575,checked,10,0,100,a3b25ac6a5c6127a2ece3f1261bf0626d5935c5fa131ec9c8feb8a9bd4d3042c,c4ed125cd44432eaa1b110ef57f973703e8abc884da7bd800fa9898f697d9efe,188fae35455528b1b038bf65205be8f8a00da1d0d5cd60ca7bebacb5742f3ed0,0.9498989898989899,0.21701993770354888,0.2170199377035483,25,15,0,60,40,0.7692307692307693
V07_baseline,baseline,binary,quantile,0.05,0.0,0.32460906038666776,checked,10,0,100,f1ee664951fe30a118071150df38306132f4d0c37fdbdd8b327225e82aab71ea,4c9dd1fc0ff85044e993a3d4910017b02d093f1e697df11d22d25ed24526974b,d62a04b2b78ad6af5d59a6321631c6b2a4b2162333870467a1835fc20f54ec80,0.9498989898989899,0.2140374979409204,0.2140374979409207,24,10,0,66,34,0.8275862068965517
V07_noise_0.1,noise_0.1,binary,quantile,0.05,0.0,0.2680400303798796,checked,10,0,100,2fd36b0f9657740c54ef9aed60e962c2da507a10cdba8a9b0cc876333da6741d,4c9dd1fc0ff85044e993a3d4910017b02d093f1e697df11d22d25ed24526974b,e7329a84d72562247cf03e7a1360d0fee012f7299f2b776dfa244de347c756db,0.9498989898989899,0.2253230308879437,0.22532303088794303,24,22,0,54,46,0.6857142857142857
V07_noise_0.2,noise_0.2,binary,quantile,0.05,0.0,0.15293273146271386,checked,10,0,100,b8aea3a5ee5a6a098aeb6ece4306f9197dd729d1e84317e43541334b5cccba7d,4c9dd1fc0ff85044e993a3d4910017b02d093f1e697df11d22d25ed24526974b,ede4ab80769ffe156b0849aec67b1ac7079cd3909049300024ffc51cdf0f1074,0.9498989898989899,0.22350041135583482,0.22350041135583484,24,21,0,55,45,0.6956521739130435
V07_overlap_0.75,overlap_0.75,binary,quantile,0.05,0.0,0.3826475753230728,checked,10,0,100,967f582b7b3bee449d844ca08aaebd15aeb7c7b0ac15f09461f8cf13442edf55,4c9dd1fc0ff85044e993a3d4910017b02d093f1e697df11d22d25ed24526974b,a4e14a19628a6f3914b8a9eda03b7b26730139a8022d4a42bae0593eb2f65f39,0.9498989898989899,0.21776742889780926,0.21776742889780884,24,14,0,62,38,0.7741935483870968
V08_baseline,baseline,binary,quantile,0.05,0.0,0.32748215085313004,checked,10,0,100,e4ef3837fa6159b27b96a10e210220205d9040c59239a0bf744ad075afbbd140,2e5bf758c48ae991ce533c0cc44822e36366a30f979510c188d6418e651f3224,a8c81c0145587cd55167133017533499a93eeff7ae3f04a119b51b26f2131b47,0.9498989898989899,0.2353158887369523,0.2353158887369524,26,23,0,51,49,0.6933333333333334
V08_noise_0.1,noise_0.1,binary,quantile,0.05,0.0,0.26944465979183935,checked,10,0,100,ab62afaa1726244f7ccafd5598f42a7b8158561bd766e420a382683221405dd3,2e5bf758c48ae991ce533c0cc44822e36366a30f979510c188d6418e651f3224,f158439154fb9692fb4626da9dd8173299d7fbf2321e3b90488d484b6905716e,0.9498989898989899,0.21967333957573773,0.21967333957573726,26,12,0,62,38,0.8125
V08_noise_0.2,noise_0.2,binary,quantile,0.05,0.0,0.15141874177785178,checked,10,0,100,b17286cd9d11848a4797923722322579279386e51eeab96d0de7e8fb3ce1405f,2e5bf758c48ae991ce533c0cc44822e36366a30f979510c188d6418e651f3224,b2cb7d0cd0033dfc571b0641e9eca45322df13a5997c117805b2ca165dc4f2f2,0.9498989898989899,0.2041051691668836,0.2041051691668841,26,9,0,65,35,0.8524590163934426
V08_overlap_0.75,overlap_0.75,binary,quantile,0.05,0.0,0.38397349939455205,checked,10,0,100,5876a2b6f9484262b3cebbd1f2be093c2be3edd8903c25fdba80c4d8079fd5de,2e5bf758c48ae991ce533c0cc44822e36366a30f979510c188d6418e651f3224,59175bd4b42a15b08e78e0da70ff2a2c98b4ed1b32b8525e0715c8fad4257992,0.9498989898989899,0.2251767391414261,0.22517673914142658,26,30,0,44,56,0.6341463414634146
V09_baseline,baseline,binary,quantile,0.05,0.0,0.3271845168884166,checked,10,0,100,687dd89416439dc30dd60f1b7c5200a492bfdb016daef643ad01784aa4951368,5033e5993eee7d631ecb41cbec041199e373b88dc0acbe89528c7dd1764ad96a,5480681d8cd1dd39e9f6bc1f08ef930fab73187fce4343c3e4d97a0010ce7825,0.9498989898989899,0.22616782049302558,0.22616782049302533,27,9,0,64,36,0.8571428571428571
V09_noise_0.1,noise_0.1,binary,quantile,0.05,0.0,0.28106009720746794,checked,10,0,100,e957cf1723deddb3e6b32eb404c13f3556b06262a0bf2b218f50f0ce79e36dc4,5033e5993eee7d631ecb41cbec041199e373b88dc0acbe89528c7dd1764ad96a,cd7f67f3f67916b427cb8ae7b5e0bdac284014a327ad4fe2c5ceee38c4bcba2f,0.9498989898989899,0.22525017245470552,0.22525017245470583,27,7,0,66,34,0.8852459016393442
V09_noise_0.2,noise_0.2,binary,quantile,0.05,0.0,0.16938147703895157,checked,10,0,100,3d442d9a5488f3a72ed696e0fc91609a66b710a03db323d39e491293bd6bed3b,5033e5993eee7d631ecb41cbec041199e373b88dc0acbe89528c7dd1764ad96a,9e89e2ab3df7c0de42c06d83a7bc44d5d691494c4c9bf63205c4de471da055d5,0.9498989898989899,0.22349724742269667,0.22349724742269658,27,27,0,46,54,0.6666666666666666
V09_overlap_0.75,overlap_0.75,binary,quantile,0.05,0.0,0.38710220913621546,checked,10,0,100,ff3e6a0bb2e410e1d8ba7c0bf2cd01f1f6af8e53647cecb6bc3987bebe3df72b,5033e5993eee7d631ecb41cbec041199e373b88dc0acbe89528c7dd1764ad96a,869930e3c633296aa871ef084407b4b8f2889c03cdc1820f9d6c147599b52970,0.9498989898989899,0.2250553337704631,0.2250553337704627,27,12,0,61,39,0.8181818181818182
V10_baseline,baseline,binary,quantile,0.05,0.0,0.3273733219565848,checked,10,0,100,6ca645c2a5a8d9cad1b9afa6de22089e52f531040b80bed267f8729996c06471,c6a6971e1ce6b3fe76c542bea7dda9cdaa05f8a559b3a6078e35339113ff87da,ee7ed3758f7d8846beaa650cd24b76a386107e520cbda74b3d22f32683dc854d,0.9498989898989899,0.23014881482964714,0.23014881482964739,28,4,0,68,32,0.9333333333333333
V10_noise_0.1,noise_0.1,binary,quantile,0.05,0.0,0.26929963398851214,checked,10,0,100,11be79521c759eb13cb075fcd99512872c101894ca21ef58cd5c7df91712202e,c6a6971e1ce6b3fe76c542bea7dda9cdaa05f8a559b3a6078e35339113ff87da,eabcc3e79146578aceb9347718de02720e79aebb526751d8e872500f919b0934,0.9498989898989899,0.23873244635502272,0.23873244635502214,28,10,0,62,38,0.8484848484848485
V10_noise_0.2,noise_0.2,binary,quantile,0.05,0.0,0.1625932846354145,checked,10,0,100,31e8b4e6a0185474e4305299bb0c2070d7b8e0d45941b3a3aa13a8ccb5c8dd2b,c6a6971e1ce6b3fe76c542bea7dda9cdaa05f8a559b3a6078e35339113ff87da,4735e9849e1c9ca0d8431396ab8319721507e0e49b04c4584af4c8dc527acd1d,0.9498989898989899,0.23120329855979146,0.23120329855979113,28,20,0,52,48,0.7368421052631579
V10_overlap_0.75,overlap_0.75,binary,quantile,0.05,0.0,0.3880728945296104,checked,10,0,100,cb1c61310873b2fb172488db9e11450be0261df3ac493f1d608a2088abcc4e90,c6a6971e1ce6b3fe76c542bea7dda9cdaa05f8a559b3a6078e35339113ff87da,fab07e490c07c7bc52043c04a282acb754d6b01b27dc02d1cf2238b8e59ddaaa,0.9498989898989899,0.23032886020979285,0.2303288602097926,28,26,0,46,54,0.6829268292682927
V11_baseline,baseline,binary,quantile,0.05,0.0,0.3307567526485942,checked,10,0,100,337425922cabd0c8ca588596a97d866f3709f2888e000c0844e3a5fe0ceff9e7,a5ec5e84dfcd74c5e45c0594f21fe72a52b49fb7b0431b0f3cef3ed67ce464d8,e45bca7c9d24cea832e010d0ffb01a4e5eb89c6ade7f8658fd6fc17eea8397d1,0.9498989898989899,0.24232077627958837,0.24232077627958792,28,11,0,61,39,0.835820895522388
V11_noise_0.1,noise_0.1,binary,quantile,0.05,0.0,0.27817239477321054,checked,10,0,100,d72e5d6550b00d6b95fb4a4c7426b426b3f70b6b637ac2e0022c17011d659486,a5ec5e84dfcd74c5e45c0594f21fe72a52b49fb7b0431b0f3cef3ed67ce464d8,d33d56fa242abe988a6774d19c004e8003e8ee3797e81611215f24dcb83d578b,0.9498989898989899,0.2330147143212372,0.23301471432123674,28,10,0,62,38,0.8484848484848485
V11_noise_0.2,noise_0.2,binary,quantile,0.05,0.0,0.1721230996353218,checked,10,0,100,78e904fae5aa693e0805a8a11d94a1383898716a15554d60afa3e927bfcfe4a1,a5ec5e84dfcd74c5e45c0594f21fe72a52b49fb7b0431b0f3cef3ed67ce464d8,7e3665b1fafb6ee8aba6a8f4a356adf90ad8c89937faf63c9034d42687f3891c,0.9498989898989899,0.21479657831333007,0.21479657831333043,28,19,0,53,47,0.7466666666666667
V11_overlap_0.75,overlap_0.75,binary,quantile,0.05,0.0,0.3844895377000027,checked,10,0,100,8e2ea788e91574883fdc2888b83d693dfef329cf90c892ee757403ca4e01bffe,a5ec5e84dfcd74c5e45c0594f21fe72a52b49fb7b0431b0f3cef3ed67ce464d8,33d1923d4ec477b72144e0e5775ade1fc22c74e5648452e2bfea5f9aae45458e,0.9498989898989899,0.2228665772628535,0.22286657726285392,28,7,0,65,35,0.8888888888888888
V12_baseline,baseline,binary,quantile,0.05,0.0,0.32819234803783853,checked,10,0,100,cd4ab1aca20b5762a381ebeddfc453adbaf9fe29f2aecbf71ea226379931b9a1,f6946a4ab4c20fcdc8db72d5a1bcd03f7eb5250d57a975fc6d917e961ca9fbf5,97034fdea9692f86cfb1f334492239b18d4b68addf955416640b4394a8f21093,0.9498989898989899,0.22395850789685626,0.2239585078968564,25,18,0,57,43,0.7352941176470589
V12_noise_0.1,noise_0.1,binary,quantile,0.05,0.0,0.2655915168493914,checked,10,0,100,bb75e09b4b95a45675d496ec9d54662794dbff8a1a35a948888eed2de8e4c626,f6946a4ab4c20fcdc8db72d5a1bcd03f7eb5250d57a975fc6d917e961ca9fbf5,6b4f303afcf01b201880bfd4e20ebb0784f34fcfcbb8abac2a5de03700cb9cef,0.9498989898989899,0.22338139336907467,0.22338139336907495,25,9,0,66,34,0.847457627118644
V12_noise_0.2,noise_0.2,binary,quantile,0.05,0.0,0.15062807831018654,checked,10,0,100,25e577c2104be6a9faa06f2a66fba34094e4942de6072f522cf237de7843ad0e,f6946a4ab4c20fcdc8db72d5a1bcd03f7eb5250d57a975fc6d917e961ca9fbf5,8d0c09eccc7ba6b462c0f0af214c52a44a02d461a25f902ae475431bb8d95a8e,0.9498989898989899,0.20906046433446857,0.20906046433446832,25,26,0,49,51,0.6578947368421053
V12_overlap_0.75,overlap_0.75,binary,quantile,0.05,0.0,0.382823342858151,checked,10,0,100,82ec260d8603d38ed4c7ecee368f22b7a9a3a81a60ca2a85bdff816686c77d48,f6946a4ab4c20fcdc8db72d5a1bcd03f7eb5250d57a975fc6d917e961ca9fbf5,c21fac74952f9fd661a34b225dde73d55c9f66cc7fa2868992ab4b09d8e73e97,0.9498989898989899,0.21162665626336571,0.21162665626336544,25,14,0,61,39,0.78125
V13_baseline,baseline,binary,quantile,0.05,0.0,0.330090469527466,checked,10,0,100,a438e593b5295316c3bfb719f9d2b4c475e97b2c1a9706a2b7c476c930f4dcc4,cadf6c6153269ed5a27aa70df4660c63e4d9007c80d0617cca6975dfd66776f6,e9a4e94aa02a4dd7d5af15d33f98f74855c696f34af87cf95371a26bd3163b29,0.9498989898989899,0.22208593800807316,0.22208593800807416,27,6,0,67,33,0.9
V13_noise_0.1,noise_0.1,binary,quantile,0.05,0.0,0.28165854882751173,checked,10,0,100,3b308c01baba6aad391f5bc74221f3ba0126db4b0b9bb085a068ef5da5eed5bc,cadf6c6153269ed5a27aa70df4660c63e4d9007c80d0617cca6975dfd66776f6,416da9e99d56d60f48cf90b3b245ee7759440e7f3b32ef581e32be79f836656d,0.9498989898989899,0.22889209877249098,0.2288920987724906,27,12,0,61,39,0.8181818181818182
V13_noise_0.2,noise_0.2,binary,quantile,0.05,0.0,0.16947933458611736,checked,10,0,100,482e092c05e7625b9ebcaf33e4e876f6b6cf77e83f3254d56ce6f2efbd4d7021,cadf6c6153269ed5a27aa70df4660c63e4d9007c80d0617cca6975dfd66776f6,df6a89559063925ac293dc37fc05a902ffcf8e4ef8d30d9a96e4a6e0449872af,0.9498989898989899,0.21204969686402372,0.21204969686402347,27,11,0,62,38,0.8307692307692308
V13_overlap_0.75,overlap_0.75,binary,quantile,0.05,0.0,0.3870705160605384,checked,10,0,100,474d202b63637a8f4e1a87ef61f9bc9b244739d360eef7a2a83bd59f29951205,cadf6c6153269ed5a27aa70df4660c63e4d9007c80d0617cca6975dfd66776f6,faa693f69dd8478e6cb0ace90e0b7fba288e44fb5fa79ca6e383fb486a970cd3,0.9498989898989899,0.2082013369251169,0.20820133692511678,27,21,0,52,48,0.72
V14_baseline,baseline,binary,quantile,0.05,0.0,0.33181299034077855,checked,10,0,100,df86bc673f9da7d03bde06dab5e0b31941e769b55d28f5d4fffc106d287ef99f,2796ff05e0c1451490e5e5a4fb33511e9988c641aa8b388e1993c556f6fefc84,d959f2917b899d5eac61fd67b85170281439d4f1c9264b91cf47d8686c209565,0.9498989898989899,0.23412342212043538,0.23412342212043608,28,7,0,65,35,0.8888888888888888
V14_noise_0.1,noise_0.1,binary,quantile,0.05,0.0,0.28017033592081164,checked,10,0,100,61d32fae11d3c2297dd242ecf4199d08c605da878e7158762d47a83392592da7,2796ff05e0c1451490e5e5a4fb33511e9988c641aa8b388e1993c556f6fefc84,f6e69cc67af21948e0ea6bb8a450256dc25e440eecffc088fdea2650ba11232d,0.9498989898989899,0.23848401127756053,0.2384840112775601,28,11,0,61,39,0.835820895522388
V14_noise_0.2,noise_0.2,binary,quantile,0.05,0.0,0.16813307808597266,checked,10,0,100,6316fa04a3e1d5ba00e4759ea5efb8cd9ef811b799d886efb42500e06ba3a05e,2796ff05e0c1451490e5e5a4fb33511e9988c641aa8b388e1993c556f6fefc84,dc6d93ea218fc0392f46ee9e8db024d02bc4dff7e365a36220586623474edb8e,0.9498989898989899,0.20809648578813644,0.20809648578813594,28,25,0,47,53,0.691358024691358
V14_overlap_0.75,overlap_0.75,binary,quantile,0.05,0.0,0.38487225045505974,checked,10,0,100,0d1cff17047f8ec88355516c60cd8d8ada2bff2f4cfd682ae7280fdc5442f058,2796ff05e0c1451490e5e5a4fb33511e9988c641aa8b388e1993c556f6fefc84,f1da720a0d865f915288116c2942f31a8fe66caba1f0e1830bdc894d0772dd4e,0.9498989898989899,0.22525017245470552,0.2252501724547059,28,6,0,66,34,0.9032258064516129
V15_baseline,baseline,binary,quantile,0.05,0.0,0.3279399586504499,checked,10,0,100,df7691423b4458bc5a456724c0612f04d9b837ac6f1ea70f40c8ba83f606a353,8a54f924625438f6c8e01b4ebf7b2c60b7dbcc3aadd5c2504f86a1fc72c241e4,68f11caff1a773ed873882fbcf76235211eeed43c45678d5c74f110b94776b92,0.9498989898989899,0.2047414469295238,0.20474144692952367,24,3,0,73,27,0.9411764705882353
V15_noise_0.1,noise_0.1,binary,quantile,0.05,0.0,0.2692416688120998,checked,10,0,100,547177cf2ce407c70feb52825da826504f33190c64de0eb2b8e62c6b12bc414d,8a54f924625438f6c8e01b4ebf7b2c60b7dbcc3aadd5c2504f86a1fc72c241e4,bf2d7792407b719ab53f9c62854975c00d299093cb3c1961fe050702ba16c87e,0.9498989898989899,0.22972617811895069,0.22972617811895032,24,20,0,56,44,0.7058823529411765
V15_noise_0.2,noise_0.2,binary,quantile,0.05,0.0,0.15396030529525745,checked,10,0,100,bdd807467d2a1e30b98ccc001c2cab008f51158cf136c6a8d47727ca98ad016d,8a54f924625438f6c8e01b4ebf7b2c60b7dbcc3aadd5c2504f86a1fc72c241e4,719bc742b3c2979b04b28db19ae9d5ae40d532b360bea216be066dd41a8bf822,0.9498989898989899,0.21878471905047342,0.21878471905047336,24,42,0,34,66,0.5333333333333333
V15_overlap_0.75,overlap_0.75,binary,quantile,0.05,0.0,0.3825521281045719,checked,10,0,100,0b15f8bea0c6224d35723ac06a2b5c1ae48e7128ceb63662a07f5a505e15e75a,8a54f924625438f6c8e01b4ebf7b2c60b7dbcc3aadd5c2504f86a1fc72c241e4,e9cb161979a29ef28215db6532c4a905bb1fa261312110ec5d992c9331ffe93f,0.9498989898989899,0.21667741523316333,0.2166774152331635,24,17,0,59,41,0.7384615384615385
V16_baseline,baseline,binary,quantile,0.05,0.0,0.3283709406851965,checked,10,0,100,df7f8be9953a327bbdd4d493486f3b1831fad644addd6f724560110fb59b8dfd,38861512fb93f4cdd8cc1168ee85eeae65be1ca62da5de8626cb537c91b6d17a,519c69781b8e9e2d57bcc67bb2ab3e96dbec073aea55b39382c1cf638156cb32,0.9498989898989899,0.21546342126539356,0.21546342126539314,25,14,0,61,39,0.78125
V16_noise_0.1,noise_0.1,binary,quantile,0.05,0.0,0.27118032253056656,checked,10,0,100,866829c6e883badfe3376db5168b12e109b4259953cad9185516cfee0b00a283,38861512fb93f4cdd8cc1168ee85eeae65be1ca62da5de8626cb537c91b6d17a,b4adea878d6d6722a961c661afacf607482c82325d9e5a4d63b54ce30789c8a6,0.9498989898989899,0.22490933992213025,0.2249093399221297,25,37,0,38,62,0.5747126436781609
V16_noise_0.2,noise_0.2,binary,quantile,0.05,0.0,0.15663496765124493,checked,10,0,100,29a43c47b95726f7a9d12bb49a13ce217e9b678d4fd0942bbb79e163f1aad9bc,38861512fb93f4cdd8cc1168ee85eeae65be1ca62da5de8626cb537c91b6d17a,a1ec7daebb973dc14e4393e7757d567e83388fb0b8707de4658f5f772cd1e4f0,0.9498989898989899,0.21686270863954268,0.2168627086395432,25,22,0,53,47,0.6944444444444444
V16_overlap_0.75,overlap_0.75,binary,quantile,0.05,0.0,0.38418966370464747,checked,10,0,100,890c81578c41c29407ca248a6c98e5c387b147837ee25fb96b0e16a1fd6b65a1,38861512fb93f4cdd8cc1168ee85eeae65be1ca62da5de8626cb537c91b6d17a,bb3fa89860ad1d2be67e5ab6fd6bf1f651929d08a7129b4894e96b6055db31ad,0.9498989898989899,0.20253284692460305,0.2025328469246029,25,26,0,49,51,0.6578947368421053
V17_baseline,baseline,binary,quantile,0.05,0.0,0.325171001125379,checked,10,0,100,43e0e850ff0cc991a3a521e23f00f7c4f96f1bbc104f648e2d025232bb561f8e,e62c6a490f848a1a3573679d79705aa6a7b8a53aea8acb7fe606e6fbe71fe799,4cf2d94fa88ab843fa92af6a506ec0dcdcdbdacc600af345e1e847a55b16872b,0.9498989898989899,0.22002662479146082,0.22002662479146107,25,32,0,43,57,0.6097560975609756
V17_noise_0.1,noise_0.1,binary,quantile,0.05,0.0,0.2711453090297659,checked,10,0,100,d9d97b8ff154a47ed8ecfad22a836ce7dde90d1737e4e12c1c3b02f7165bd466,e62c6a490f848a1a3573679d79705aa6a7b8a53aea8acb7fe606e6fbe71fe799,d2f31b0efbeb78f8e95a612d6925524c2ca6f4d6ee9ad9fae77449e06b1e692a,0.9498989898989899,0.21801474703124055,0.21801474703124085,25,18,0,57,43,0.7352941176470589
V17_noise_0.2,noise_0.2,binary,quantile,0.05,0.0,0.16071093698622516,checked,10,0,100,ab0d0e503f4cb0afe4829f09375266e1342c51c358a94c6ea887f0372352389b,e62c6a490f848a1a3573679d79705aa6a7b8a53aea8acb7fe606e6fbe71fe799,b53338a099134e1e57d1d8c4f4b1d041b303e82b93a1f256f11fc14bcf81b254,0.9498989898989899,0.20935481570040224,0.20935481570040235,25,20,0,55,45,0.7142857142857143
V17_overlap_0.75,overlap_0.75,binary,quantile,0.05,0.0,0.3836438337623044,checked,10,0,100,c04301b796a764dab5b935931c1689e554fc7837a12aebfd8c792d3fc276c88a,e62c6a490f848a1a3573679d79705aa6a7b8a53aea8acb7fe606e6fbe71fe799,47f17fd7adc15f015a4d9ca2d6ee48ab9743d27f4ddc76c0239628fdc0818a6e,0.9498989898989899,0.22404979440539494,0.22404979440539496,25,27,0,48,52,0.6493506493506493
V18_baseline,baseline,binary,quantile,0.05,0.0,0.32667114031974975,checked,10,0,100,b16861a3891727687a64f57bfb90037a4ddbb29b20067bfb7385a77977f502b7,a71ffcf0f0c420f336e19478df0bf08505f791425f97581b487a7ca8607f1352,a6ff75d06fdff3d89496f5f436d5c93131eb854f2c0387d01800ab12520866c5,0.9498989898989899,0.19876768588153515,0.1987676858815345,24,22,0,54,46,0.6857142857142857
V18_noise_0.1,noise_0.1,binary,quantile,0.05,0.0,0.267802431633726,checked,10,0,100,2a2f3a82efbafeadda507ffda630f21748424dba6f249aef536fbc2e19d484d4,a71ffcf0f0c420f336e19478df0bf08505f791425f97581b487a7ca8607f1352,e9d8877c62282f26d625a9c40246b44d01a94c894de51c5594109e871e4147ec,0.9498989898989899,0.21862460181141213,0.21862460181141247,24,17,0,59,41,0.7384615384615385
V18_noise_0.2,noise_0.2,binary,quantile,0.05,0.0,0.15258531623647048,checked,10,0,100,aef203f9174666fc6de4ce6047ef77337f3be6e6ff8cfcff8e1b7169b1835276,a71ffcf0f0c420f336e19478df0bf08505f791425f97581b487a7ca8607f1352,059e6bcee84ff4240add1c43fb0455950163076d7a9b9739404bc58a2b3aa5ef,0.9498989898989899,0.20304710918542176,0.20304710918542196,24,17,0,59,41,0.7384615384615385
V18_overlap_0.75,overlap_0.75,binary,quantile,0.05,0.0,0.3808291045806501,checked,10,0,100,d3280e603147075068af60c22c2c5e6a4a308dd56c2790c05605326688a283b4,a71ffcf0f0c420f336e19478df0bf08505f791425f97581b487a7ca8607f1352,f1cd30185e12ab752e4a137097868459f139802bb37a0577bc4fd782d042a1a0,0.9498989898989899,0.2053214548772915,0.20532145487729245,24,9,0,67,33,0.8421052631578947
V19_baseline,baseline,binary,quantile,0.05,0.0,0.3289832564431844,checked,10,0,100,f8e6481ee52fa01bb8399ee77d353f60642a0016a82837addcb42f488d239635,d98f75aa911cf33c2d1d11c3aca493a4aac843b8ca52e8a27f2eafad154c991b,d368c0a5b7220e932e43892f2a64aa79d015184aae7026e4557b53cdfeaca4ff,0.9498989898989899,0.24020557827188785,0.24020557827188715,28,12,0,60,40,0.8235294117647058
V19_noise_0.1,noise_0.1,binary,quantile,0.05,0.0,0.2762623283404979,checked,10,0,100,6dc07224230e0dd73d3e91c70dcb1f72122e68af01dcfd960f219558b68819ca,d98f75aa911cf33c2d1d11c3aca493a4aac843b8ca52e8a27f2eafad154c991b,ffd695246e7e0c286182bb958a0f1e6ea047368be6d053415306cca343ee5b5c,0.9498989898989899,0.24254426771087972,0.24254426771087922,28,10,0,62,38,0.8484848484848485
V19_noise_0.2,noise_0.2,binary,quantile,0.05,0.0,0.16095202864382066,checked,10,0,100,d029d67a2591eebdbf86c4fbe897529d4771951e6033ab9a4d57f9f0bc818f7a,d98f75aa911cf33c2d1d11c3aca493a4aac843b8ca52e8a27f2eafad154c991b,5589e2fd414a3f83184a2b33842d721efc61bd1d7274f87f964bc6d1ed74c394,0.9498989898989899,0.23108058776704804,0.23108058776704818,28,21,0,51,49,0.7272727272727273
V19_overlap_0.75,overlap_0.75,binary,quantile,0.05,0.0,0.39087858366532807,checked,10,0,100,8a75a5a698533743332c397017da2fd7217d20f179df8979fac6c06de915f66a,d98f75aa911cf33c2d1d11c3aca493a4aac843b8ca52e8a27f2eafad154c991b,951fd95411aece495a332d5cee719558b83f239e94b1282c614baabd28af9bfd,0.9498989898989899,0.22197085571151248,0.22197085571151218,28,9,0,63,37,0.8615384615384616
V20_baseline,baseline,binary,quantile,0.05,0.0,0.32889638631156204,checked,10,0,100,1f1e2fc6d579f12a3abc4c7bff4b4487efda6c74844fdb968fa764d11b17ddd7,cc48e10562c35c8c69adfa24c748c2d5a96924c34ecf074f6b7c860a485c1b01,7f76f77a54959e42a1ed4ab39fa6f9d9707d3ee5022d0e23b7846ee7c4255666,0.9498989898989899,0.23412342212043538,0.23412342212043583,28,7,0,65,35,0.8888888888888888
V20_noise_0.1,noise_0.1,binary,quantile,0.05,0.0,0.28044084633281074,checked,10,0,100,dab6af18c4c9fecdf8e39bbdefca6a242367c8cbd09e4314a35f864d1d0ffd8a,cc48e10562c35c8c69adfa24c748c2d5a96924c34ecf074f6b7c860a485c1b01,ab5f84d4f24ce9aecb322b8464f8a8490f66ae02dff65194cb9069170740827b,0.9498989898989899,0.22643283836229866,0.22643283836229894,28,4,0,68,32,0.9333333333333333
V20_noise_0.2,noise_0.2,binary,quantile,0.05,0.0,0.16873546727641747,checked,10,0,100,e6dc46c55d6f6ecf42e33874df1975ff20ca81a25ea90376400ec01de7107b66,cc48e10562c35c8c69adfa24c748c2d5a96924c34ecf074f6b7c860a485c1b01,434476282a631cb68ccf05c3c66d8c37d908f63ff9db9c1de1a967f38269b3ed,0.9498989898989899,0.21964383519781297,0.21964383519781303,28,6,0,66,34,0.9032258064516129
V20_overlap_0.75,overlap_0.75,binary,quantile,0.05,0.0,0.3847258283552315,checked,10,0,100,29c1c3d403105fe145cb828982921cea15d7a0c0be9fb71899f86cf4fcece9be,cc48e10562c35c8c69adfa24c748c2d5a96924c34ecf074f6b7c860a485c1b01,c78b3c5bd52afcbc2506ea709b25a00e1c84ddef77352e0adba7a6d3155f9760,0.9498989898989899,0.22576028274200358,0.22576028274200335,28,9,0,63,37,0.8615384615384616
