kind,value,version,num_runs,condition,count,mean,std,min,max
adaptive,0.0,checked,1,baseline,20,1.0,0.0,1.0,1.0
adaptive,0.0,checked,1,noise_0.1,20,1.0,0.0,1.0,1.0
adaptive,0.0,checked,1,noise_0.2,20,1.0,0.0,1.0,1.0
adaptive,0.0,checked,1,overlap_0.75,20,0.6673461883560534,0.08383682902675975,0.5060240963855421,0.8235294117647058
adaptive,0.0,checked,10,baseline,20,1.0,0.0,1.0,1.0
adaptive,0.0,checked,10,noise_0.1,20,1.0,0.0,1.0,1.0
adaptive,0.0,checked,10,noise_0.2,20,1.0,0.0,1.0,1.0
adaptive,0.0,checked,10,overlap_0.75,20,0.6706307114651382,0.07911468851736204,0.5060240963855421,0.8235294117647058
adaptive,0.0,original,1,baseline,20,0.9811021875573376,0.001139886088222393,0.9795918367346939,0.9824561403508771
adaptive,0.0,original,1,noise_0.1,20,0.9807506336527416,0.001064274750497006,0.9787234042553191,0.9824561403508771
adaptive,0.0,original,1,noise_0.2,20,0.9806590779426024,0.001220824512285613,0.9787234042553191,0.9824561403508771
adaptive,0.0,original,1,overlap_0.75,20,0.46925433982600884,0.05612841905263113,0.4065040650406504,0.631578947368421
adaptive,0.0,original,10,baseline,20,0.9811021875573376,0.001139886088222393,0.9795918367346939,0.9824561403508771
adaptive,0.0,original,10,noise_0.1,20,0.9807506336527416,0.001064274750497006,0.9787234042553191,0.9824561403508771
adaptive,0.0,original,10,noise_0.2,20,0.9806590779426024,0.001220824512285613,0.9787234042553191,0.9824561403508771
adaptive,0.0,original,10,overlap_0.75,20,0.5290207687527421,0.07025163910554715,0.4,0.7222222222222222
fixed,0.3,checked,1,baseline,20,0.3475054314994355,0.07372918894739246,0.13157894736842105,0.4473684210526316
fixed,0.3,checked,1,noise_0.1,20,0.9089147392567962,0.062009790385867646,0.7352941176470589,0.9824561403508771
fixed,0.3,checked,1,noise_0.2,20,0.9873934469420437,0.018053008575011478,0.9433962264150944,1.0
fixed,0.3,checked,1,overlap_0.75,20,0.3475054314994355,0.07372918894739246,0.13157894736842105,0.4473684210526316
fixed,0.3,checked,10,baseline,20,0.3475054314994355,0.07372918894739246,0.13157894736842105,0.4473684210526316
fixed,0.3,checked,10,noise_0.1,20,0.910415156039236,0.06176952847863838,0.7352941176470589,0.9824561403508771
fixed,0.3,checked,10,noise_0.2,20,0.9873934469420437,0.018053008575011478,0.9433962264150944,1.0
fixed,0.3,checked,10,overlap_0.75,20,0.3475054314994355,0.07372918894739246,0.13157894736842105,0.4473684210526316
fixed,0.3,original,1,baseline,20,0.350734799011781,0.07572090438585406,0.12987012987012986,0.45
fixed,0.3,original,1,noise_0.1,20,0.6750522597678532,0.23680801946907512,0.39344262295081966,0.9615384615384616
fixed,0.3,original,1,noise_0.2,20,0.983915324359818,0.01113635759273191,0.9615384615384616,1.0
fixed,0.3,original,1,overlap_0.75,20,0.350734799011781,0.07572090438585406,0.12987012987012986,0.45
fixed,0.3,original,10,baseline,20,0.350734799011781,0.07572090438585406,0.12987012987012986,0.45
fixed,0.3,original,10,noise_0.1,20,0.8914433707303235,0.07388380568253106,0.6578947368421053,0.9824561403508771
fixed,0.3,original,10,noise_0.2,20,0.983915324359818,0.01113635759273191,0.9615384615384616,1.0
fixed,0.3,original,10,overlap_0.75,20,0.350734799011781,0.07572090438585406,0.12987012987012986,0.45
fixed,0.4,checked,1,baseline,20,1.0,0.0,1.0,1.0
fixed,0.4,checked,1,noise_0.1,20,1.0,0.0,1.0,1.0
fixed,0.4,checked,1,noise_0.2,20,1.0,0.0,1.0,1.0
fixed,0.4,checked,1,overlap_0.75,20,0.7830817318965645,0.07478000637511,0.684931506849315,0.9491525423728814
fixed,0.4,checked,10,baseline,20,1.0,0.0,1.0,1.0
fixed,0.4,checked,10,noise_0.1,20,1.0,0.0,1.0,1.0
fixed,0.4,checked,10,noise_0.2,20,1.0,0.0,1.0,1.0
fixed,0.4,checked,10,overlap_0.75,20,0.8120499062888253,0.07482192225039541,0.7027027027027027,0.9491525423728814
fixed,0.4,original,1,baseline,20,0.9811021875573376,0.001139886088222393,0.9795918367346939,0.9824561403508771
fixed,0.4,original,1,noise_0.1,20,0.9811021875573376,0.001139886088222393,0.9795918367346939,0.9824561403508771
fixed,0.4,original,1,noise_0.2,20,0.9810621715509351,0.0011794837406158417,0.9795918367346939,0.9824561403508771
fixed,0.4,original,1,overlap_0.75,20,0.4869988833603928,0.11729232621915363,0.39344262295081966,0.8333333333333334
fixed,0.4,original,10,baseline,20,0.9811021875573376,0.001139886088222393,0.9795918367346939,0.9824561403508771
fixed,0.4,original,10,noise_0.1,20,0.9811021875573376,0.001139886088222393,0.9795918367346939,0.9824561403508771
fixed,0.4,original,10,noise_0.2,20,0.9810621715509351,0.0011794837406158417,0.9795918367346939,0.9824561403508771
fixed,0.4,original,10,overlap_0.75,20,0.6169006204867328,0.15863197440687685,0.39344262295081966,0.8615384615384616
fixed,0.5,checked,1,baseline,20,1.0,0.0,1.0,1.0
fixed,0.5,checked,1,noise_0.1,20,1.0,0.0,1.0,1.0
fixed,0.5,checked,1,noise_0.2,20,0.999090909090909,0.004065578140908711,0.9818181818181818,1.0
fixed,0.5,checked,1,overlap_0.75,20,0.7103817018399632,0.07204267407171387,0.6197183098591549,0.8813559322033898
fixed,0.5,checked,10,baseline,20,1.0,0.0,1.0,1.0
fixed,0.5,checked,10,noise_0.1,20,1.0,0.0,1.0,1.0
fixed,0.5,checked,10,noise_0.2,20,0.999090909090909,0.004065578140908711,0.9818181818181818,1.0
fixed,0.5,checked,10,overlap_0.75,20,0.7150530264413026,0.09981000049944727,0.5274725274725275,0.8813559322033898
fixed,0.5,original,1,baseline,20,0.9811021875573376,0.001139886088222393,0.9795918367346939,0.9824561403508771
fixed,0.5,original,1,noise_0.1,20,0.9811021875573376,0.001139886088222393,0.9795918367346939,0.9824561403508771
fixed,0.5,original,1,noise_0.2,20,0.9817635364215045,0.004429113151029541,0.9787234042553191,1.0
fixed,0.5,original,1,overlap_0.75,20,0.4583549935782302,0.05688913437071041,0.38333333333333336,0.5679012345679012
fixed,0.5,original,10,baseline,20,0.9811021875573376,0.001139886088222393,0.9795918367346939,0.9824561403508771
fixed,0.5,original,10,noise_0.1,20,0.9811021875573376,0.001139886088222393,0.9795918367346939,0.9824561403508771
fixed,0.5,original,10,noise_0.2,20,0.9817635364215045,0.004429113151029541,0.9787234042553191,1.0
fixed,0.5,original,10,overlap_0.75,20,0.5650678068186143,0.11945378887347756,0.4065040650406504,0.847457627118644
fixed,0.6,checked,1,baseline,20,1.0,0.0,1.0,1.0
fixed,0.6,checked,1,noise_0.1,20,1.0,0.0,1.0,1.0
fixed,0.6,checked,1,noise_0.2,20,1.0,0.0,1.0,1.0
fixed,0.6,checked,1,overlap_0.75,20,0.6724323565530816,0.055059391343217925,0.5714285714285714,0.7761194029850746
fixed,0.6,checked,10,baseline,20,1.0,0.0,1.0,1.0
fixed,0.6,checked,10,noise_0.1,20,1.0,0.0,1.0,1.0
fixed,0.6,checked,10,noise_0.2,20,1.0,0.0,1.0,1.0
fixed,0.6,checked,10,overlap_0.75,20,0.6688219668448527,0.06473647725769092,0.5609756097560976,0.7761194029850746
fixed,0.6,original,1,baseline,20,0.9811021875573376,0.001139886088222393,0.9795918367346939,0.9824561403508771
fixed,0.6,original,1,noise_0.1,20,0.9806267944743563,0.0011861240841500064,0.9787234042553191,0.9824561403508771
fixed,0.6,original,1,noise_0.2,20,0.9805386443817834,0.0012886316368807844,0.9787234042553191,0.9824561403508771
fixed,0.6,original,1,overlap_0.75,20,0.4471608946405749,0.03648133222863328,0.3865546218487395,0.5227272727272727
fixed,0.6,original,10,baseline,20,0.9811021875573376,0.001139886088222393,0.9795918367346939,0.9824561403508771
fixed,0.6,original,10,noise_0.1,20,0.9806267944743563,0.0011861240841500064,0.9787234042553191,0.9824561403508771
fixed,0.6,original,10,noise_0.2,20,0.9805386443817834,0.0012886316368807844,0.9787234042553191,0.9824561403508771
fixed,0.6,original,10,overlap_0.75,20,0.548456382995441,0.08792009061476856,0.4098360655737705,0.7586206896551724
fixed,0.65,checked,1,baseline,20,1.0,0.0,1.0,1.0
fixed,0.65,checked,1,noise_0.1,20,1.0,0.0,1.0,1.0
fixed,0.65,checked,1,noise_0.2,20,1.0,0.0,1.0,1.0
fixed,0.65,checked,1,overlap_0.75,20,0.6768573945783827,0.07924670437735566,0.5384615384615384,0.8461538461538461
fixed,0.65,checked,10,baseline,20,1.0,0.0,1.0,1.0
fixed,0.65,checked,10,noise_0.1,20,1.0,0.0,1.0,1.0
fixed,0.65,checked,10,noise_0.2,20,1.0,0.0,1.0,1.0
fixed,0.65,checked,10,overlap_0.75,20,0.6885051043940029,0.06620801341900616,0.6031746031746031,0.8461538461538461
fixed,0.65,original,1,baseline,20,0.9803571055808185,0.0012311989180608122,0.9787234042553191,0.9818181818181818
fixed,0.65,original,1,noise_0.1,20,0.9803571055808185,0.0012311989180608122,0.9787234042553191,0.9818181818181818
fixed,0.65,original,1,noise_0.2,20,0.9803890035074533,0.0012784039881389864,0.9787234042553191,0.9824561403508771
fixed,0.65,original,1,overlap_0.75,20,0.45160492095981075,0.08338846841113354,0.3770491803278688,0.7692307692307693
fixed,0.65,original,10,baseline,20,0.9803571055808185,0.0012311989180608122,0.9787234042553191,0.9818181818181818
fixed,0.65,original,10,noise_0.1,20,0.9803571055808185,0.0012311989180608122,0.9787234042553191,0.9818181818181818
fixed,0.65,original,10,noise_0.2,20,0.9803890035074533,0.0012784039881389864,0.9787234042553191,0.9824561403508771
fixed,0.65,original,10,overlap_0.75,20,0.5291520707082168,0.07440477792228509,0.425,0.7536231884057971
fixed,0.7,checked,1,baseline,20,1.0,0.0,1.0,1.0
fixed,0.7,checked,1,noise_0.1,20,0.999056603773585,0.004218996183961869,0.9811320754716981,1.0
fixed,0.7,checked,1,noise_0.2,20,0.9981132075471699,0.005807424634444268,0.9811320754716981,1.0
fixed,0.7,checked,1,overlap_0.75,20,0.7104720670874235,0.049537561062504634,0.5945945945945946,0.8135593220338984
fixed,0.7,checked,10,baseline,20,1.0,0.0,1.0,1.0
fixed,0.7,checked,10,noise_0.1,20,0.999056603773585,0.004218996183961869,0.9811320754716981,1.0
fixed,0.7,checked,10,noise_0.2,20,0.9981132075471699,0.005807424634444268,0.9811320754716981,1.0
fixed,0.7,checked,10,overlap_0.75,20,0.719763992291239,0.053524782801729454,0.5714285714285714,0.8135593220338984
fixed,0.7,original,1,baseline,20,0.9803571055808185,0.0012311989180608122,0.9787234042553191,0.9818181818181818
fixed,0.7,original,1,noise_0.1,20,0.9813005018072335,0.00456672149342627,0.9787234042553191,1.0
fixed,0.7,original,1,noise_0.2,20,0.982315811966686,0.006173981022522164,0.9787234042553191,1.0
fixed,0.7,original,1,overlap_0.75,20,0.47724684179239035,0.09323118981628421,0.3770491803278688,0.746268656716418
fixed,0.7,original,10,baseline,20,0.9803571055808185,0.0012311989180608122,0.9787234042553191,0.9818181818181818
fixed,0.7,original,10,noise_0.1,20,0.9813005018072335,0.00456672149342627,0.9787234042553191,1.0
fixed,0.7,original,10,noise_0.2,20,0.982315811966686,0.006173981022522164,0.9787234042553191,1.0
fixed,0.7,original,10,overlap_0.75,20,0.5573470774032242,0.0831684187054905,0.4262295081967213,0.7058823529411765
fixed,0.75,checked,1,baseline,20,0.969016565132937,0.015635944011671267,0.9433962264150944,1.0
fixed,0.75,checked,1,noise_0.1,20,0.9896509331914437,0.01436453956920782,0.9615384615384616,1.0
fixed,0.75,checked,1,noise_0.2,20,0.9914555557066242,0.01141998557151609,0.9629629629629629,1.0
fixed,0.75,checked,1,overlap_0.75,20,0.7787459749967535,0.04809421616057646,0.7241379310344828,0.88
fixed,0.75,checked,10,baseline,20,0.969016565132937,0.015635944011671267,0.9433962264150944,1.0
fixed,0.75,checked,10,noise_0.1,20,0.9896509331914437,0.01436453956920782,0.9615384615384616,1.0
fixed,0.75,checked,10,noise_0.2,20,0.9914555557066242,0.01141998557151609,0.9629629629629629,1.0
fixed,0.75,checked,10,overlap_0.75,20,0.783196747267377,0.05045738408929618,0.6938775510204082,0.88
fixed,0.75,original,1,baseline,20,0.6936308316714378,0.2798264107118151,0.39344262295081966,1.0
fixed,0.75,original,1,noise_0.1,20,0.7018367039064073,0.35656774346425624,0.07692307692307693,1.0
fixed,0.75,original,1,noise_0.2,20,0.9792824464060341,0.014558414841323466,0.9433962264150944,1.0
fixed,0.75,original,1,overlap_0.75,20,0.51392720570713,0.11828279202639669,0.4,0.7936507936507936
fixed,0.75,original,10,baseline,20,0.919413579620534,0.19946861968991067,0.07692307692307693,1.0
fixed,0.75,original,10,noise_0.1,20,0.9441989720234595,0.1289920128597524,0.4065040650406504,1.0
fixed,0.75,original,10,noise_0.2,20,0.9812055233291112,0.014631265984808482,0.9433962264150944,1.0
fixed,0.75,original,10,overlap_0.75,20,0.6756491499210301,0.1229300910837965,0.4107142857142857,0.8771929824561403
fixed,0.8,checked,1,baseline,20,0.8063194252555954,0.005184385837217224,0.8,0.8181818181818182
fixed,0.8,checked,1,noise_0.1,20,0.9485098618433992,0.019847742746106876,0.92,0.9795918367346939
fixed,0.8,checked,1,noise_0.2,20,0.9875680391102127,0.0154742416694024,0.9433962264150944,1.0
fixed,0.8,checked,1,overlap_0.75,20,0.8566775540806075,0.056902145497377356,0.7333333333333333,0.9433962264150944
fixed,0.8,checked,10,baseline,20,0.8063194252555954,0.005184385837217224,0.8,0.8181818181818182
fixed,0.8,checked,10,noise_0.1,20,0.9485098618433992,0.019847742746106876,0.92,0.9795918367346939
fixed,0.8,checked,10,noise_0.2,20,0.9875680391102127,0.0154742416694024,0.9433962264150944,1.0
fixed,0.8,checked,10,overlap_0.75,20,0.8541886930391149,0.05640187857721297,0.7333333333333333,0.9433962264150944
fixed,0.8,original,1,baseline,20,0.7833262727700055,0.2758953425135911,0.39344262295081966,0.9818181818181818
fixed,0.8,original,1,noise_0.1,20,0.6169185220186828,0.33869112552854275,0.07142857142857142,1.0
fixed,0.8,original,1,noise_0.2,20,0.813897101042197,0.3392175459157491,0.07692307692307693,1.0
fixed,0.8,original,1,overlap_0.75,20,0.7768233488141716,0.1530050458886397,0.4318181818181818,0.9454545454545454
fixed,0.8,original,10,baseline,20,0.9803571055808185,0.0012311989180608122,0.9787234042553191,0.9818181818181818
fixed,0.8,original,10,noise_0.1,20,0.9686147124698907,0.01995986035040998,0.9433962264150944,1.0
fixed,0.8,original,10,noise_0.2,20,0.8357453916404877,0.32754331765865835,0.07692307692307693,1.0
fixed,0.8,original,10,overlap_0.75,20,0.8281550674478506,0.09384188608609766,0.5569620253164557,0.9454545454545454
fixed,0.85,checked,1,baseline,20,0.7350197880885704,0.015199521937206306,0.7142857142857143,0.7555555555555555
fixed,0.85,checked,1,noise_0.1,20,0.8659229252659484,0.022637233778951375,0.8333333333333334,0.9166666666666666
fixed,0.85,checked,1,noise_0.2,20,0.9746091612162197,0.02328606554273073,0.9230769230769231,1.0
fixed,0.85,checked,1,overlap_0.75,20,0.9354880750629896,0.047596806922745385,0.8235294117647058,1.0
fixed,0.85,checked,10,baseline,20,0.7337131941656974,0.014995624210325657,0.7142857142857143,0.7555555555555555
fixed,0.85,checked,10,noise_0.1,20,0.868163821624492,0.02390512835179679,0.8333333333333334,0.9166666666666666
fixed,0.85,checked,10,noise_0.2,20,0.9746091612162197,0.02328606554273073,0.9230769230769231,1.0
fixed,0.85,checked,10,overlap_0.75,20,0.9354880750629896,0.047596806922745385,0.8235294117647058,1.0
fixed,0.85,original,1,baseline,20,0.7483127496023735,0.2771646008542478,0.3770491803278688,0.9818181818181818
fixed,0.85,original,1,noise_0.1,20,0.6507016829224279,0.2614410137842681,0.39344262295081966,0.9795918367346939
fixed,0.85,original,1,noise_0.2,20,0.6944190413678711,0.35339690020454184,0.06896551724137931,1.0
fixed,0.85,original,1,overlap_0.75,20,0.9267027985117153,0.04230404578111877,0.8333333333333334,1.0
fixed,0.85,original,10,baseline,20,0.9709023546106774,0.018328757947889074,0.9090909090909091,0.9818181818181818
fixed,0.85,original,10,noise_0.1,20,0.9548510321599244,0.022421647395933473,0.9130434782608695,1.0
fixed,0.85,original,10,noise_0.2,20,0.9550131814639362,0.04493516619377678,0.8363636363636363,1.0
fixed,0.85,original,10,overlap_0.75,20,0.928068194576736,0.04002381502194315,0.8461538461538461,1.0
fixed,0.9,checked,1,baseline,20,0.7034286460646284,0.025418123022742132,0.65,0.7619047619047619
fixed,0.9,checked,1,noise_0.1,20,0.7832703319154318,0.032268135012297416,0.7272727272727273,0.851063829787234
fixed,0.9,checked,1,noise_0.2,20,0.9398762893859475,0.03178832024445184,0.88,1.0
fixed,0.9,checked,1,overlap_0.75,20,0.8157958934990244,0.06839811725878832,0.6829268292682927,0.9361702127659575
fixed,0.9,checked,10,baseline,20,0.7019487306312246,0.024811188597918386,0.65,0.7619047619047619
fixed,0.9,checked,10,noise_0.1,20,0.7816467984440723,0.03193801547793628,0.7272727272727273,0.851063829787234
fixed,0.9,checked,10,noise_0.2,20,0.9398762893859475,0.03178832024445184,0.88,1.0
fixed,0.9,checked,10,overlap_0.75,20,0.8157958934990244,0.06839811725878832,0.6829268292682927,0.9361702127659575
fixed,0.9,original,1,baseline,20,0.732203368285683,0.26372014869651755,0.3770491803278688,0.9811320754716981
fixed,0.9,original,1,noise_0.1,20,0.5408156524748325,0.2873665725861272,0.07142857142857142,0.9795918367346939
fixed,0.9,original,1,noise_0.2,20,0.8052139258416557,0.2994321238040992,0.06896551724137931,1.0
fixed,0.9,original,1,overlap_0.75,20,0.7115316383017162,0.24359678729826328,0.06896551724137931,0.8888888888888888
fixed,0.9,original,10,baseline,20,0.9519277707118032,0.022370578181740906,0.9090909090909091,0.9818181818181818
fixed,0.9,original,10,noise_0.1,20,0.88236638996088,0.16317291490900354,0.4065040650406504,0.9818181818181818
fixed,0.9,original,10,noise_0.2,20,0.927017412004744,0.038494535568113226,0.8571428571428571,0.9803921568627451
fixed,0.9,original,10,overlap_0.75,20,0.8196546267800631,0.06408158914109194,0.6842105263157895,0.9130434782608695
fixed,0.95,checked,1,baseline,20,0.5749819152760329,0.054122678241161834,0.48484848484848486,0.6842105263157895
fixed,0.95,checked,1,noise_0.1,20,0.708094306394404,0.044223229808680015,0.6153846153846154,0.782608695652174
fixed,0.95,checked,1,noise_0.2,20,0.9038775302966775,0.04069268097197823,0.8333333333333334,0.9803921568627451
fixed,0.95,checked,1,overlap_0.75,20,0.4046076576188057,0.08747124036140629,0.21428571428571427,0.5555555555555556
fixed,0.95,checked,10,baseline,20,0.5668992245308034,0.054819819946209186,0.48484848484848486,0.717948717948718
fixed,0.95,checked,10,noise_0.1,20,0.6984980654894379,0.05193043290367316,0.5641025641025641,0.7692307692307693
fixed,0.95,checked,10,noise_0.2,20,0.9028217233585176,0.040441480838156414,0.8333333333333334,0.9803921568627451
fixed,0.95,checked,10,overlap_0.75,20,0.3695970587846774,0.08498630822019791,0.21428571428571427,0.4864864864864865
fixed,0.95,original,1,baseline,20,0.6462951918569468,0.30071594508026306,0.06896551724137931,0.9433962264150944
fixed,0.95,original,1,noise_0.1,20,0.6406423666205202,0.2512155503020521,0.39344262295081966,0.9411764705882353
fixed,0.95,original,1,noise_0.2,20,0.7149944997267261,0.34888005303217084,0.06896551724137931,0.9803921568627451
fixed,0.95,original,1,overlap_0.75,20,0.46813954275160763,0.11072936074116584,0.30303030303030304,0.6976744186046512
fixed,0.95,original,10,baseline,20,0.8971952480503337,0.023260877307185086,0.851063829787234,0.9433962264150944
fixed,0.95,original,10,noise_0.1,20,0.8812224134647806,0.10731620834766234,0.5,0.9433962264150944
fixed,0.95,original,10,noise_0.2,20,0.9273811531503107,0.0475136887292933,0.782608695652174,0.9803921568627451
fixed,0.95,original,10,overlap_0.75,20,0.45770042692593227,0.1514101649990959,0.1935483870967742,0.6976744186046512
offset,-0.3,checked,1,baseline,20,0.3475054314994355,0.07372918894739246,0.13157894736842105,0.4473684210526316
offset,-0.3,checked,1,noise_0.1,20,0.7974291451319899,0.10684660161720412,0.6097560975609756,0.9655172413793104
offset,-0.3,checked,1,noise_0.2,20,0.9579523379230993,0.0386527540177087,0.8571428571428571,1.0
offset,-0.3,checked,1,overlap_0.75,20,0.4509163068621822,0.03482549337990604,0.40336134453781514,0.5098039215686274
offset,-0.3,checked,10,baseline,20,0.3475054314994355,0.07372918894739246,0.13157894736842105,0.4473684210526316
offset,-0.3,checked,10,noise_0.1,20,0.8034383593318426,0.10127164669433585,0.6097560975609756,0.9655172413793104
offset,-0.3,checked,10,noise_0.2,20,0.960574715545477,0.03690282847317501,0.8571428571428571,1.0
offset,-0.3,checked,10,overlap_0.75,20,0.44456960215386204,0.027712466247289347,0.4067796610169492,0.49122807017543857
offset,-0.3,original,1,baseline,20,0.350734799011781,0.07572090438585406,0.12987012987012986,0.45
offset,-0.3,original,1,noise_0.1,20,0.44859621800805816,0.0995857361425917,0.39344262295081966,0.8615384615384616
offset,-0.3,original,1,noise_0.2,20,0.8816858375946479,0.18402193748296583,0.3865546218487395,1.0
offset,-0.3,original,1,overlap_0.75,20,0.22709200118761702,0.21150005360661178,0.0,0.45528455284552843
offset,-0.3,original,10,baseline,20,0.350734799011781,0.07572090438585406,0.12987012987012986,0.45
offset,-0.3,original,10,noise_0.1,20,0.6614053288548999,0.18018722827357525,0.39344262295081966,0.9259259259259259
offset,-0.3,original,10,noise_0.2,20,0.9587910758305016,0.0366635692944283,0.8571428571428571,1.0
offset,-0.3,original,10,overlap_0.75,20,0.4206501933993428,0.021649395220587373,0.3902439024390244,0.45528455284552843
offset,-0.2,checked,1,baseline,20,0.9916820858024782,0.011001175836527185,0.9655172413793104,1.0
offset,-0.2,checked,1,noise_0.1,20,1.0,0.0,1.0,1.0
offset,-0.2,checked,1,noise_0.2,20,0.9971220066974158,0.007045307295051151,0.9795918367346939,1.0
offset,-0.2,checked,1,overlap_0.75,20,0.8141188097401342,0.08512967828516645,0.6233766233766234,0.9491525423728814
offset,-0.2,checked,10,baseline,20,0.9916820858024782,0.011001175836527185,0.9655172413793104,1.0
offset,-0.2,checked,10,noise_0.1,20,1.0,0.0,1.0,1.0
offset,-0.2,checked,10,noise_0.2,20,0.9971220066974158,0.007045307295051151,0.9795918367346939,1.0
offset,-0.2,checked,10,overlap_0.75,20,0.8042528250739158,0.08586611009883516,0.5853658536585366,0.9491525423728814
offset,-0.2,original,1,baseline,20,0.9548269447998576,0.13183150899381316,0.39669421487603307,1.0
offset,-0.2,original,1,noise_0.1,20,0.9820825797142003,0.004365458084689023,0.9795918367346939,1.0
offset,-0.2,original,1,noise_0.2,20,0.9839801808599218,0.0069804011745149535,0.9795918367346939,1.0
offset,-0.2,original,1,overlap_0.75,20,0.5162151342264981,0.11750536041860933,0.39669421487603307,0.78125
offset,-0.2,original,10,baseline,20,0.9839718258927906,0.011059795110955572,0.96,1.0
offset,-0.2,original,10,noise_0.1,20,0.9820825797142003,0.004365458084689023,0.9795918367346939,1.0
offset,-0.2,original,10,noise_0.2,20,0.9839801808599218,0.0069804011745149535,0.9795918367346939,1.0
offset,-0.2,original,10,overlap_0.75,20,0.6090475778956804,0.14031117151540962,0.39669421487603307,0.8679245283018868
offset,-0.15,checked,1,baseline,20,1.0,0.0,1.0,1.0
offset,-0.15,checked,1,noise_0.1,20,1.0,0.0,1.0,1.0
offset,-0.15,checked,1,noise_0.2,20,1.0,0.0,1.0,1.0
offset,-0.15,checked,1,overlap_0.75,20,0.6949180715202068,0.05128770942583103,0.6233766233766234,0.8059701492537313
offset,-0.15,checked,10,baseline,20,1.0,0.0,1.0,1.0
offset,-0.15,checked,10,noise_0.1,20,1.0,0.0,1.0,1.0
offset,-0.15,checked,10,noise_0.2,20,1.0,0.0,1.0,1.0
offset,-0.15,checked,10,overlap_0.75,20,0.7218034981598116,0.08456456385296489,0.5882352941176471,0.9122807017543859
offset,-0.15,original,1,baseline,20,0.9811021875573376,0.001139886088222393,0.9795918367346939,0.9824561403508771
offset,-0.15,original,1,noise_0.1,20,0.9811021875573376,0.001139886088222393,0.9795918367346939,0.9824561403508771
offset,-0.15,original,1,noise_0.2,20,0.9810302736243003,0.0011480076321877225,0.9795918367346939,0.9824561403508771
offset,-0.15,original,1,overlap_0.75,20,0.44441756973204755,0.05343370777692797,0.3898305084745763,0.6153846153846154
offset,-0.15,original,10,baseline,20,0.9811021875573376,0.001139886088222393,0.9795918367346939,0.9824561403508771
offset,-0.15,original,10,noise_0.1,20,0.9811021875573376,0.001139886088222393,0.9795918367346939,0.9824561403508771
offset,-0.15,original,10,noise_0.2,20,0.9810302736243003,0.0011480076321877225,0.9795918367346939,0.9824561403508771
offset,-0.15,original,10,overlap_0.75,20,0.554461425806543,0.08966238898203609,0.4065040650406504,0.7941176470588235
offset,-0.1,checked,1,baseline,20,1.0,0.0,1.0,1.0
offset,-0.1,checked,1,noise_0.1,20,1.0,0.0,1.0,1.0
offset,-0.1,checked,1,noise_0.2,20,1.0,0.0,1.0,1.0
offset,-0.1,checked,1,overlap_0.75,20,0.6947825731379844,0.06206476579548234,0.5925925925925926,0.8125
offset,-0.1,checked,10,baseline,20,1.0,0.0,1.0,1.0
offset,-0.1,checked,10,noise_0.1,20,1.0,0.0,1.0,1.0
offset,-0.1,checked,10,noise_0.2,20,1.0,0.0,1.0,1.0
offset,-0.1,checked,10,overlap_0.75,20,0.6920273257953872,0.07777819891409403,0.5432098765432098,0.8125
offset,-0.1,original,1,baseline,20,0.9811021875573376,0.001139886088222393,0.9795918367346939,0.9824561403508771
offset,-0.1,original,1,noise_0.1,20,0.9811021875573376,0.001139886088222393,0.9795918367346939,0.9824561403508771
offset,-0.1,original,1,noise_0.2,20,0.9809525466830074,0.0012044170744196572,0.9787234042553191,0.9824561403508771
offset,-0.1,original,1,overlap_0.75,20,0.457854119797101,0.04377362784687501,0.39316239316239315,0.5567010309278351
offset,-0.1,original,10,baseline,20,0.9811021875573376,0.001139886088222393,0.9795918367346939,0.9824561403508771
offset,-0.1,original,10,noise_0.1,20,0.9811021875573376,0.001139886088222393,0.9795918367346939,0.9824561403508771
offset,-0.1,original,10,noise_0.2,20,0.9809525466830074,0.0012044170744196572,0.9787234042553191,0.9824561403508771
offset,-0.1,original,10,overlap_0.75,20,0.5558895579913268,0.07902475459844213,0.42718446601941745,0.7397260273972602
offset,-0.05,checked,1,baseline,20,1.0,0.0,1.0,1.0
offset,-0.05,checked,1,noise_0.1,20,1.0,0.0,1.0,1.0
offset,-0.05,checked,1,noise_0.2,20,1.0,0.0,1.0,1.0
offset,-0.05,checked,1,overlap_0.75,20,0.6875715326864332,0.06311352352846795,0.5679012345679012,0.8076923076923077
offset,-0.05,checked,10,baseline,20,1.0,0.0,1.0,1.0
offset,-0.05,checked,10,noise_0.1,20,1.0,0.0,1.0,1.0
offset,-0.05,checked,10,noise_0.2,20,1.0,0.0,1.0,1.0
offset,-0.05,checked,10,overlap_0.75,20,0.6979004325964302,0.05606005569153312,0.5945945945945946,0.8076923076923077
offset,-0.05,original,1,baseline,20,0.9811021875573376,0.001139886088222393,0.9795918367346939,0.9824561403508771
offset,-0.05,original,1,noise_0.1,20,0.9810702896307028,0.001108497694803109,0.9795918367346939,0.9824561403508771
offset,-0.05,original,1,noise_0.2,20,0.9809525466830074,0.0012044170744196566,0.9787234042553191,0.9824561403508771
offset,-0.05,original,1,overlap_0.75,20,0.4765642215119832,0.07274571227524419,0.3902439024390244,0.6285714285714286
offset,-0.05,original,10,baseline,20,0.9811021875573376,0.001139886088222393,0.9795918367346939,0.9824561403508771
offset,-0.05,original,10,noise_0.1,20,0.9810702896307028,0.001108497694803109,0.9795918367346939,0.9824561403508771
offset,-0.05,original,10,noise_0.2,20,0.9809525466830074,0.0012044170744196566,0.9787234042553191,0.9824561403508771
offset,-0.05,original,10,overlap_0.75,20,0.5558716510641327,0.08751066587446638,0.43636363636363634,0.7
offset,0.05,checked,1,baseline,20,1.0,0.0,1.0,1.0
offset,0.05,checked,1,noise_0.1,20,1.0,0.0,1.0,1.0
offset,0.05,checked,1,noise_0.2,20,1.0,0.0,1.0,1.0
offset,0.05,checked,1,overlap_0.75,20,0.6998688611480606,0.06960130239572677,0.59375,0.819672131147541
offset,0.05,checked,10,baseline,20,1.0,0.0,1.0,1.0
offset,0.05,checked,10,noise_0.1,20,1.0,0.0,1.0,1.0
offset,0.05,checked,10,noise_0.2,20,1.0,0.0,1.0,1.0
offset,0.05,checked,10,overlap_0.75,20,0.701648088251338,0.06285291581287532,0.59375,0.819672131147541
offset,0.05,original,1,baseline,20,0.9803571055808185,0.0012311989180608122,0.9787234042553191,0.9818181818181818
offset,0.05,original,1,noise_0.1,20,0.9803571055808185,0.0012311989180608122,0.9787234042553191,0.9818181818181818
offset,0.05,original,1,noise_0.2,20,0.9803971215872209,0.0012179519330027173,0.9787234042553191,0.9818181818181818
offset,0.05,original,1,overlap_0.75,20,0.47227467927968514,0.07822272726702643,0.37606837606837606,0.6666666666666666
offset,0.05,original,10,baseline,20,0.9803571055808185,0.0012311989180608122,0.9787234042553191,0.9818181818181818
offset,0.05,original,10,noise_0.1,20,0.9803571055808185,0.0012311989180608122,0.9787234042553191,0.9818181818181818
offset,0.05,original,10,noise_0.2,20,0.9803971215872209,0.0012179519330027173,0.9787234042553191,0.9818181818181818
offset,0.05,original,10,overlap_0.75,20,0.557221231043699,0.08952270360048988,0.4339622641509434,0.7575757575757576
offset,0.1,checked,1,baseline,20,1.0,0.0,1.0,1.0
offset,0.1,checked,1,noise_0.1,20,1.0,0.0,1.0,1.0
offset,0.1,checked,1,noise_0.2,20,0.999056603773585,0.004218996183961869,0.9811320754716981,1.0
offset,0.1,checked,1,overlap_0.75,20,0.7562720252446115,0.057193073027288266,0.6666666666666666,0.875
offset,0.1,checked,10,baseline,20,1.0,0.0,1.0,1.0
offset,0.1,checked,10,noise_0.1,20,1.0,0.0,1.0,1.0
offset,0.1,checked,10,noise_0.2,20,0.999056603773585,0.004218996183961869,0.9811320754716981,1.0
offset,0.1,checked,10,overlap_0.75,20,0.7589214586701359,0.05623305553996289,0.6363636363636364,0.875
offset,0.1,original,1,baseline,20,0.9803571055808185,0.0012311989180608122,0.9787234042553191,0.9818181818181818
offset,0.1,original,1,noise_0.1,20,0.9803571055808185,0.0012311989180608122,0.9787234042553191,0.9818181818181818
offset,0.1,original,1,noise_0.2,20,0.9813724157402708,0.004560203068853779,0.9787234042553191,1.0
offset,0.1,original,1,overlap_0.75,20,0.5009573160282583,0.10980773383457838,0.39344262295081966,0.7575757575757576
offset,0.1,original,10,baseline,20,0.9803571055808185,0.0012311989180608122,0.9787234042553191,0.9818181818181818
offset,0.1,original,10,noise_0.1,20,0.9803571055808185,0.0012311989180608122,0.9787234042553191,0.9818181818181818
offset,0.1,original,10,noise_0.2,20,0.9813724157402708,0.004560203068853779,0.9787234042553191,1.0
offset,0.1,original,10,overlap_0.75,20,0.5843327107315194,0.0914944798316044,0.46511627906976744,0.7796610169491526
offset,0.15,checked,1,baseline,20,0.9921435274319371,0.01326399330166221,0.96,1.0
offset,0.15,checked,1,noise_0.1,20,0.9944055426630344,0.008772688310870786,0.9803921568627451,1.0
offset,0.15,checked,1,noise_0.2,20,0.997204116638079,0.006829642777661222,0.9811320754716981,1.0
offset,0.15,checked,1,overlap_0.75,20,0.8198189156020137,0.06130848955899533,0.6764705882352942,0.9387755102040817
offset,0.15,checked,10,baseline,20,0.9921435274319371,0.01326399330166221,0.96,1.0
offset,0.15,checked,10,noise_0.1,20,0.9944055426630344,0.008772688310870786,0.9803921568627451,1.0
offset,0.15,checked,10,noise_0.2,20,0.997204116638079,0.006829642777661222,0.9811320754716981,1.0
offset,0.15,checked,10,overlap_0.75,20,0.8232978285041087,0.0669813032848769,0.6764705882352942,0.9387755102040817
offset,0.15,original,1,baseline,20,0.7721816387032963,0.30542199535045245,0.07692307692307693,1.0
offset,0.15,original,1,noise_0.1,20,0.8115674330903045,0.3203427261603645,0.06896551724137931,1.0
offset,0.15,original,1,noise_0.2,20,0.9831848868693743,0.007346103265898522,0.9787234042553191,1.0
offset,0.15,original,1,overlap_0.75,20,0.6010778253707917,0.1749691121518691,0.38333333333333336,0.875
offset,0.15,original,10,baseline,20,0.9755941102073367,0.022471897669455655,0.92,1.0
offset,0.15,original,10,noise_0.1,20,0.9817055134007987,0.013707390329451632,0.9454545454545454,1.0
offset,0.15,original,10,noise_0.2,20,0.9831848868693743,0.007346103265898522,0.9787234042553191,1.0
offset,0.15,original,10,overlap_0.75,20,0.7478834631316286,0.12356217968893587,0.4731182795698925,0.8979591836734694
offset,0.2,checked,1,baseline,20,0.871102352753892,0.024037816674473182,0.8095238095238095,0.9130434782608695
offset,0.2,checked,1,noise_0.1,20,0.9718629320148233,0.02081639195542734,0.9230769230769231,1.0
offset,0.2,checked,1,noise_0.2,20,0.9874162441314779,0.01898108522170961,0.9411764705882353,1.0
offset,0.2,checked,1,overlap_0.75,20,0.920890572876478,0.05060152423354336,0.7906976744186046,1.0
offset,0.2,checked,10,baseline,20,0.871102352753892,0.024037816674473182,0.8095238095238095,0.9130434782608695
offset,0.2,checked,10,noise_0.1,20,0.9718629320148233,0.02081639195542734,0.9230769230769231,1.0
offset,0.2,checked,10,noise_0.2,20,0.9874162441314779,0.01898108522170961,0.9411764705882353,1.0
offset,0.2,checked,10,overlap_0.75,20,0.920890572876478,0.05060152423354336,0.7906976744186046,1.0
offset,0.2,original,1,baseline,20,0.6974429825900722,0.28102036589296975,0.39344262295081966,1.0
offset,0.2,original,1,noise_0.1,20,0.5429146766789785,0.3402156396191396,0.07142857142857142,1.0
offset,0.2,original,1,noise_0.2,20,0.9814734697544241,0.013093364506333378,0.9433962264150944,1.0
offset,0.2,original,1,overlap_0.75,20,0.9054103430953185,0.0512557808501224,0.7619047619047619,0.9795918367346939
offset,0.2,original,10,baseline,20,0.9662152688395229,0.019508884978071694,0.9166666666666666,1.0
offset,0.2,original,10,noise_0.1,20,0.8466011579792829,0.2938810651087938,0.06896551724137931,1.0
offset,0.2,original,10,noise_0.2,20,0.9794756895102509,0.015896369597923364,0.9411764705882353,1.0
offset,0.2,original,10,overlap_0.75,20,0.9112780085025933,0.05241260336740889,0.7619047619047619,0.9795918367346939
offset,0.3,checked,1,baseline,20,0.7077261822800975,0.02596006838177533,0.65,0.7555555555555555
offset,0.3,checked,1,noise_0.1,20,0.8158748459219993,0.03244695728572636,0.7619047619047619,0.8837209302325582
offset,0.3,checked,1,noise_0.2,20,0.9665534458096502,0.02245023416226732,0.9230769230769231,1.0
offset,0.3,checked,1,overlap_0.75,20,0.528714960118136,0.08441824299244795,0.3870967741935484,0.6666666666666666
offset,0.3,checked,10,baseline,20,0.7028233294825079,0.025677525842806876,0.65,0.7368421052631579
offset,0.3,checked,10,noise_0.1,20,0.8051528359939697,0.03315258153794461,0.7555555555555555,0.8837209302325582
offset,0.3,checked,10,noise_0.2,20,0.9665534458096502,0.02245023416226732,0.9230769230769231,1.0
offset,0.3,checked,10,overlap_0.75,20,0.5226201976301846,0.0815159567011992,0.3870967741935484,0.6666666666666666
offset,0.3,original,1,baseline,20,0.7423941346816577,0.27199546895021776,0.3770491803278688,0.9811320754716981
offset,0.3,original,1,noise_0.1,20,0.6310647443798216,0.2857786411578919,0.07142857142857142,0.9795918367346939
offset,0.3,original,1,noise_0.2,20,0.7511692412674636,0.3655507488764442,0.07142857142857142,1.0
offset,0.3,original,1,overlap_0.75,20,0.46040552839710164,0.14697015968647562,0.07692307692307693,0.6818181818181818
offset,0.3,original,10,baseline,20,0.9640409787472006,0.01597330587592266,0.9166666666666666,0.9818181818181818
offset,0.3,original,10,noise_0.1,20,0.8386687819385983,0.2239567769102279,0.06896551724137931,0.9795918367346939
offset,0.3,original,10,noise_0.2,20,0.9621094567406707,0.025463444472366422,0.9310344827586207,1.0
offset,0.3,original,10,overlap_0.75,20,0.5230176535899594,0.16657057659556673,0.08,0.7142857142857143
quantile,0.1,checked,1,baseline,20,0.9743054615785851,0.03274186667397979,0.8727272727272727,1.0
quantile,0.1,checked,1,noise_0.1,20,0.9702633072908083,0.025897987698053404,0.9090909090909091,1.0
quantile,0.1,checked,1,noise_0.2,20,0.9226661218420056,0.06597748193635962,0.7868852459016393,1.0
quantile,0.1,checked,1,overlap_0.75,20,0.7837292847440349,0.06391277473556795,0.684931506849315,0.8888888888888888
quantile,0.1,checked,10,baseline,20,0.9743054615785851,0.03274186667397979,0.8727272727272727,1.0
quantile,0.1,checked,10,noise_0.1,20,0.9702633072908083,0.025897987698053404,0.9090909090909091,1.0
quantile,0.1,checked,10,noise_0.2,20,0.9226661218420056,0.06597748193635962,0.7868852459016393,1.0
quantile,0.1,checked,10,overlap_0.75,20,0.7905869633541955,0.06811177638338978,0.684931506849315,0.9180327868852459
quantile,0.1,original,1,baseline,20,0.8829644920227121,0.2049837218895563,0.39669421487603307,1.0
quantile,0.1,original,1,noise_0.1,20,0.8360818772061436,0.23825688947696075,0.39344262295081966,1.0
quantile,0.1,original,1,noise_0.2,20,0.8345274197416666,0.16952023319666668,0.44036697247706424,0.9655172413793104
quantile,0.1,original,1,overlap_0.75,20,0.5392128963893013,0.12571405238703467,0.4067796610169492,0.7575757575757576
quantile,0.1,original,10,baseline,20,0.9717328388641306,0.030698260999534058,0.8571428571428571,1.0
quantile,0.1,original,10,noise_0.1,20,0.9647748786723598,0.03205339929620135,0.8888888888888888,1.0
quantile,0.1,original,10,noise_0.2,20,0.9211341220581415,0.05066105113827426,0.8,1.0
quantile,0.1,original,10,overlap_0.75,20,0.6456024226345385,0.13812941595037614,0.42276422764227645,0.8620689655172413
quantile,0.25,checked,1,baseline,20,1.0,0.0,1.0,1.0
quantile,0.25,checked,1,noise_0.1,20,1.0,0.0,1.0,1.0
quantile,0.25,checked,1,noise_0.2,20,0.997999199679872,0.00615970181240897,0.9795918367346939,1.0
quantile,0.25,checked,1,overlap_0.75,20,0.7029541073049782,0.0901093059397939,0.5517241379310345,0.8666666666666667
quantile,0.25,checked,10,baseline,20,1.0,0.0,1.0,1.0
quantile,0.25,checked,10,noise_0.1,20,1.0,0.0,1.0,1.0
quantile,0.25,checked,10,noise_0.2,20,0.997999199679872,0.00615970181240897,0.9795918367346939,1.0
quantile,0.25,checked,10,overlap_0.75,20,0.7144559656421249,0.10340488037562887,0.5217391304347826,0.8727272727272727
quantile,0.25,original,1,baseline,20,0.9811021875573376,0.001139886088222393,0.9795918367346939,0.9824561403508771
quantile,0.25,original,1,noise_0.1,20,0.9811021875573376,0.001139886088222393,0.9795918367346939,0.9824561403508771
quantile,0.25,original,1,noise_0.2,20,0.9831029878774658,0.005876325177350087,0.9795918367346939,1.0
quantile,0.25,original,1,overlap_0.75,20,0.46408450124357703,0.05799310319534269,0.39669421487603307,0.631578947368421
quantile,0.25,original,10,baseline,20,0.9811021875573376,0.001139886088222393,0.9795918367346939,0.9824561403508771
quantile,0.25,original,10,noise_0.1,20,0.9811021875573376,0.001139886088222393,0.9795918367346939,0.9824561403508771
quantile,0.25,original,10,noise_0.2,20,0.9831029878774658,0.005876325177350087,0.9795918367346939,1.0
quantile,0.25,original,10,overlap_0.75,20,0.5616083478654015,0.10523448147655323,0.42105263157894735,0.7878787878787878
quantile,0.5,checked,1,baseline,20,1.0,0.0,1.0,1.0
quantile,0.5,checked,1,noise_0.1,20,1.0,0.0,1.0,1.0
quantile,0.5,checked,1,noise_0.2,20,1.0,0.0,1.0,1.0
quantile,0.5,checked,1,overlap_0.75,20,0.673641633825557,0.06941863240152751,0.56,0.8076923076923077
quantile,0.5,checked,10,baseline,20,1.0,0.0,1.0,1.0
quantile,0.5,checked,10,noise_0.1,20,1.0,0.0,1.0,1.0
quantile,0.5,checked,10,noise_0.2,20,1.0,0.0,1.0,1.0
quantile,0.5,checked,10,overlap_0.75,20,0.6678224548457765,0.06340479225751465,0.5783132530120482,0.8076923076923077
quantile,0.5,original,1,baseline,20,0.9811021875573376,0.001139886088222393,0.9795918367346939,0.9824561403508771
quantile,0.5,original,1,noise_0.1,20,0.9808740872895154,0.000918255211302264,0.9795918367346939,0.9824561403508771
quantile,0.5,original,1,noise_0.2,20,0.9807309918756397,0.001236134884539154,0.9787234042553191,0.9824561403508771
quantile,0.5,original,1,overlap_0.75,20,0.4643361414667278,0.04690297089718924,0.4,0.5714285714285714
quantile,0.5,original,10,baseline,20,0.9811021875573376,0.001139886088222393,0.9795918367346939,0.9824561403508771
quantile,0.5,original,10,noise_0.1,20,0.9808740872895154,0.000918255211302264,0.9795918367346939,0.9824561403508771
quantile,0.5,original,10,noise_0.2,20,0.9807309918756397,0.001236134884539154,0.9787234042553191,0.9824561403508771
quantile,0.5,original,10,overlap_0.75,20,0.5624465814782852,0.07606414690176393,0.44660194174757284,0.7384615384615385
quantile,0.75,checked,1,baseline,20,1.0,0.0,1.0,1.0
quantile,0.75,checked,1,noise_0.1,20,0.999056603773585,0.004218996183961869,0.9811320754716981,1.0
quantile,0.75,checked,1,noise_0.2,20,0.9914555557066242,0.01141998557151609,0.9629629629629629,1.0
quantile,0.75,checked,1,overlap_0.75,20,0.8012658155120278,0.06081053177437803,0.7142857142857143,0.9411764705882353
quantile,0.75,checked,10,baseline,20,1.0,0.0,1.0,1.0
quantile,0.75,checked,10,noise_0.1,20,0.999056603773585,0.004218996183961869,0.9811320754716981,1.0
quantile,0.75,checked,10,noise_0.2,20,0.9914555557066242,0.01141998557151609,0.9629629629629629,1.0
quantile,0.75,checked,10,overlap_0.75,20,0.8101667269500037,0.05605898716395647,0.7246376811594203,0.9411764705882353
quantile,0.75,original,1,baseline,20,0.9061232974450141,0.23041547057156672,0.06896551724137931,0.9818181818181818
quantile,0.75,original,1,noise_0.1,20,0.8443726021207132,0.3342293427792302,0.06896551724137931,1.0
quantile,0.75,original,1,noise_0.2,20,0.933639813177194,0.20404236964796613,0.06896551724137931,1.0
quantile,0.75,original,1,overlap_0.75,20,0.5734332610377773,0.16813602939284544,0.36065573770491804,0.8421052631578947
quantile,0.75,original,10,baseline,20,0.9339010752227918,0.20377591739649212,0.06896551724137931,1.0
quantile,0.75,original,10,noise_0.1,20,0.9822733885695941,0.006193596189833008,0.9787234042553191,1.0
quantile,0.75,original,10,noise_0.2,20,0.9775599583677567,0.016189238092807076,0.9433962264150944,1.0
quantile,0.75,original,10,overlap_0.75,20,0.6712172222667153,0.12838824494610013,0.46,0.8771929824561403
quantile,0.9,checked,1,baseline,20,0.8631174319684097,0.029973007951165476,0.8095238095238095,0.9090909090909091
quantile,0.9,checked,1,noise_0.1,20,0.8989613057589368,0.021555936791715916,0.8571428571428571,0.9387755102040817
quantile,0.9,checked,1,noise_0.2,20,0.9345792588201883,0.034832364462479365,0.88,1.0
quantile,0.9,checked,1,overlap_0.75,20,0.9330369696115188,0.03913287946145467,0.8636363636363636,1.0
quantile,0.9,checked,10,baseline,20,0.8631174319684097,0.029973007951165476,0.8095238095238095,0.9090909090909091
quantile,0.9,checked,10,noise_0.1,20,0.8989613057589368,0.021555936791715916,0.8571428571428571,0.9387755102040817
quantile,0.9,checked,10,noise_0.2,20,0.9345792588201883,0.034832364462479365,0.88,1.0
quantile,0.9,checked,10,overlap_0.75,20,0.9330369696115188,0.03913287946145467,0.8636363636363636,1.0
quantile,0.9,original,1,baseline,20,0.6733470460207314,0.2811991726728661,0.39344262295081966,1.0
quantile,0.9,original,1,noise_0.1,20,0.6791837937403924,0.3028851398237696,0.07142857142857142,0.9811320754716981
quantile,0.9,original,1,noise_0.2,20,0.7744756114562856,0.28151533823307523,0.07692307692307693,0.9787234042553191
quantile,0.9,original,1,overlap_0.75,20,0.9074173931268905,0.05331710635313959,0.8095238095238095,0.9811320754716981
quantile,0.9,original,10,baseline,20,0.9683066667431014,0.018937699916732536,0.9285714285714286,1.0
quantile,0.9,original,10,noise_0.1,20,0.960373499934142,0.024569971261277967,0.9230769230769231,1.0
quantile,0.9,original,10,noise_0.2,20,0.9283104449014967,0.03864690119712644,0.8571428571428571,1.0
quantile,0.9,original,10,overlap_0.75,20,0.9134225550778501,0.04712932941894297,0.8095238095238095,0.9795918367346939
quantile,0.95,checked,1,baseline,20,0.7403446753596021,0.032554465194334734,0.6666666666666666,0.8
quantile,0.95,checked,1,noise_0.1,20,0.7793134610808198,0.03596037960027473,0.717948717948718,0.8333333333333334
quantile,0.95,checked,1,noise_0.2,20,0.8325163253300423,0.039222048451426655,0.7692307692307693,0.9090909090909091
quantile,0.95,checked,1,overlap_0.75,20,0.9030279636577199,0.04079223568426701,0.8095238095238095,0.9433962264150944
quantile,0.95,checked,10,baseline,20,0.7342118485780604,0.030908641386686923,0.6666666666666666,0.8
quantile,0.95,checked,10,noise_0.1,20,0.777796779748419,0.0371882881137778,0.717948717948718,0.851063829787234
quantile,0.95,checked,10,noise_0.2,20,0.8377816233395263,0.04008600643717721,0.7727272727272727,0.9090909090909091
quantile,0.95,checked,10,overlap_0.75,20,0.9030279636577199,0.04079223568426701,0.8095238095238095,0.9433962264150944
quantile,0.95,original,1,baseline,20,0.7505612022927364,0.27688402051074085,0.39344262295081966,0.9811320754716981
quantile,0.95,original,1,noise_0.1,20,0.6100611223355196,0.2789310916395374,0.07692307692307693,0.9795918367346939
quantile,0.95,original,1,noise_0.2,20,0.7404576772358267,0.22619989872683322,0.07142857142857142,0.9795918367346939
quantile,0.95,original,1,overlap_0.75,20,0.85489016069931,0.11219235022367878,0.4444444444444444,0.9629629629629629
quantile,0.95,original,10,baseline,20,0.9722877135459239,0.011832665049198256,0.9433962264150944,0.9818181818181818
quantile,0.95,original,10,noise_0.1,20,0.9107786420473569,0.11634238090612493,0.4444444444444444,0.9818181818181818
quantile,0.95,original,10,noise_0.2,20,0.8355953186658451,0.0715479389954054,0.6666666666666666,0.9795918367346939
quantile,0.95,original,10,overlap_0.75,20,0.8865177044354609,0.05654814319775711,0.7659574468085106,0.9629629629629629
raw_weighted,0.0,checked,1,baseline,20,0.41251439098707676,0.021013112016028058,0.3902439024390244,0.4444444444444444
raw_weighted,0.0,checked,1,noise_0.1,20,0.41330804178072755,0.021931194895716984,0.3902439024390244,0.4444444444444444
raw_weighted,0.0,checked,1,noise_0.2,20,0.41974081937117624,0.020429952973900396,0.39344262295081966,0.4444444444444444
raw_weighted,0.0,checked,1,overlap_0.75,20,0.41251439098707676,0.021013112016028058,0.3902439024390244,0.4444444444444444
raw_weighted,0.0,checked,10,baseline,20,0.41251439098707676,0.021013112016028058,0.3902439024390244,0.4444444444444444
raw_weighted,0.0,checked,10,noise_0.1,20,0.41330804178072755,0.021931194895716984,0.3902439024390244,0.4444444444444444
raw_weighted,0.0,checked,10,noise_0.2,20,0.41974081937117624,0.020429952973900396,0.39344262295081966,0.4444444444444444
raw_weighted,0.0,checked,10,overlap_0.75,20,0.41251439098707676,0.021013112016028058,0.3902439024390244,0.4444444444444444
raw_weighted,0.0,original,1,baseline,20,0.4125204203213747,0.019222254838267457,0.3770491803278688,0.4444444444444444
raw_weighted,0.0,original,1,noise_0.1,20,0.4125204203213747,0.019222254838267457,0.3770491803278688,0.4444444444444444
raw_weighted,0.0,original,1,noise_0.2,20,0.41652104483347474,0.02109868042418334,0.3770491803278688,0.4444444444444444
raw_weighted,0.0,original,1,overlap_0.75,20,0.4125204203213747,0.019222254838267457,0.3770491803278688,0.4444444444444444
raw_weighted,0.0,original,10,baseline,20,0.4125204203213747,0.019222254838267457,0.3770491803278688,0.4444444444444444
raw_weighted,0.0,original,10,noise_0.1,20,0.4125204203213747,0.019222254838267457,0.3770491803278688,0.4444444444444444
raw_weighted,0.0,original,10,noise_0.2,20,0.4189408193711762,0.020236994279208314,0.39344262295081966,0.4444444444444444
raw_weighted,0.0,original,10,overlap_0.75,20,0.4125204203213747,0.019222254838267457,0.3770491803278688,0.4444444444444444
stored_zeros,0.0,checked,1,baseline,20,0.41006838272371543,0.022502232197677236,0.3770491803278688,0.4444444444444444
stored_zeros,0.0,checked,1,noise_0.1,20,0.41006838272371543,0.022502232197677236,0.3770491803278688,0.4444444444444444
stored_zeros,0.0,checked,1,noise_0.2,20,0.41006838272371543,0.022502232197677236,0.3770491803278688,0.4444444444444444
stored_zeros,0.0,checked,1,overlap_0.75,20,0.41006838272371543,0.022502232197677236,0.3770491803278688,0.4444444444444444
stored_zeros,0.0,checked,10,baseline,20,0.41006838272371543,0.022502232197677236,0.3770491803278688,0.4444444444444444
stored_zeros,0.0,checked,10,noise_0.1,20,0.41006838272371543,0.022502232197677236,0.3770491803278688,0.4444444444444444
stored_zeros,0.0,checked,10,noise_0.2,20,0.41006838272371543,0.022502232197677236,0.3770491803278688,0.4444444444444444
stored_zeros,0.0,checked,10,overlap_0.75,20,0.41006838272371543,0.022502232197677236,0.3770491803278688,0.4444444444444444
stored_zeros,0.0,original,1,baseline,20,0.41006838272371543,0.022502232197677236,0.3770491803278688,0.4444444444444444
stored_zeros,0.0,original,1,noise_0.1,20,0.41006838272371543,0.022502232197677236,0.3770491803278688,0.4444444444444444
stored_zeros,0.0,original,1,noise_0.2,20,0.41006838272371543,0.022502232197677236,0.3770491803278688,0.4444444444444444
stored_zeros,0.0,original,1,overlap_0.75,20,0.41006838272371543,0.022502232197677236,0.3770491803278688,0.4444444444444444
stored_zeros,0.0,original,10,baseline,20,0.41006838272371543,0.022502232197677236,0.3770491803278688,0.4444444444444444
stored_zeros,0.0,original,10,noise_0.1,20,0.41006838272371543,0.022502232197677236,0.3770491803278688,0.4444444444444444
stored_zeros,0.0,original,10,noise_0.2,20,0.41006838272371543,0.022502232197677236,0.3770491803278688,0.4444444444444444
stored_zeros,0.0,original,10,overlap_0.75,20,0.41006838272371543,0.022502232197677236,0.3770491803278688,0.4444444444444444
