quantile,version,seed,condition,count,mean,std,min,max
0.01,checked,0,baseline,20,0.44464645326041596,0.02521249427304168,0.4132231404958678,0.509090909090909
0.01,checked,0,noise_0.1,20,0.4444227086643317,0.02786591605461224,0.4,0.5185185185185185
0.01,checked,0,noise_0.2,20,0.3895632283496705,0.08572942344840774,0.13157894736842105,0.49122807017543857
0.01,checked,0,overlap_0.75,20,0.4424086561989845,0.025666283553279306,0.39669421487603307,0.47863247863247865
0.01,checked,1,baseline,20,0.44347905697106843,0.024070718663051417,0.4132231404958678,0.509090909090909
0.01,checked,1,noise_0.1,20,0.44087440511602816,0.02183704208967397,0.4,0.47863247863247865
0.01,checked,1,noise_0.2,20,0.3840885674242192,0.0739132633619986,0.21052631578947367,0.49122807017543857
0.01,checked,1,overlap_0.75,20,0.4458970712331326,0.027033525157923916,0.39669421487603307,0.5
0.01,checked,2,baseline,20,0.44574553680981144,0.02437149047173631,0.4132231404958678,0.509090909090909
0.01,checked,2,noise_0.1,20,0.43811090079766346,0.021607639263634203,0.4,0.47863247863247865
0.01,checked,2,noise_0.2,20,0.3864100343791899,0.07363697691229516,0.25,0.49122807017543857
0.01,checked,2,overlap_0.75,20,0.444475933003175,0.028713390593104866,0.39669421487603307,0.5
0.01,original,0,baseline,20,0.38445276703001846,0.10082373885606966,0.07142857142857142,0.4444444444444444
0.01,original,0,noise_0.1,20,0.4258882525176251,0.025916741868687903,0.3770491803278688,0.4628099173553719
0.01,original,0,noise_0.2,20,0.3606057074467232,0.11670466306053603,0.0,0.45
0.01,original,0,overlap_0.75,20,0.380372737991337,0.1316380156822537,0.0,0.45161290322580644
0.01,original,1,baseline,20,0.4030711221298148,0.08152596317218137,0.06666666666666667,0.448
0.01,original,1,noise_0.1,20,0.42000700315744427,0.022649960492971768,0.3770491803278688,0.45161290322580644
0.01,original,1,noise_0.2,20,0.3380580093066949,0.11205114665312033,0.06666666666666667,0.4444444444444444
0.01,original,1,overlap_0.75,20,0.4205283159438108,0.02104366493873082,0.39344262295081966,0.45161290322580644
0.01,original,2,baseline,20,0.36672448439260585,0.13911549156624517,0.0,0.45614035087719296
0.01,original,2,noise_0.1,20,0.3840346320193908,0.12124812860280006,0.0,0.448
0.01,original,2,noise_0.2,20,0.35312662588277655,0.10701113926095451,0.0,0.4628099173553719
0.01,original,2,overlap_0.75,20,0.40751333915686005,0.08044306554309838,0.07692307692307693,0.45901639344262296
0.025,checked,0,baseline,20,0.5377207933415911,0.04827303088932772,0.41739130434782606,0.6292134831460674
0.025,checked,0,noise_0.1,20,0.5222972804903645,0.04372306720575758,0.45714285714285713,0.6086956521739131
0.025,checked,0,noise_0.2,20,0.5070470098467936,0.043935185328659004,0.42735042735042733,0.5833333333333334
0.025,checked,0,overlap_0.75,20,0.5314719302720461,0.06257145343035235,0.42105263157894735,0.691358024691358
0.025,checked,1,baseline,20,0.5319278825486802,0.05123451550310697,0.41739130434782606,0.6292134831460674
0.025,checked,1,noise_0.1,20,0.5263743348370546,0.045405166503329236,0.45714285714285713,0.6086956521739131
0.025,checked,1,noise_0.2,20,0.5033900860214578,0.0422078431284857,0.42735042735042733,0.5833333333333334
0.025,checked,1,overlap_0.75,20,0.537470307587065,0.05517786260134299,0.43636363636363634,0.691358024691358
0.025,checked,2,baseline,20,0.5326699145256798,0.05173013143671188,0.41739130434782606,0.6292134831460674
0.025,checked,2,noise_0.1,20,0.5241863038380035,0.04804523377971107,0.45714285714285713,0.6086956521739131
0.025,checked,2,noise_0.2,20,0.5029545769541438,0.046621328116982365,0.4132231404958678,0.5833333333333334
0.025,checked,2,overlap_0.75,20,0.5246960723241896,0.06419257186139707,0.42016806722689076,0.691358024691358
0.025,original,0,baseline,20,0.4117710983640574,0.0885228614691139,0.06666666666666667,0.49523809523809526
0.025,original,0,noise_0.1,20,0.4235016693352797,0.09572319651856932,0.07142857142857142,0.5806451612903226
0.025,original,0,noise_0.2,20,0.4144265980539189,0.08989996822361054,0.07142857142857142,0.5294117647058824
0.025,original,0,overlap_0.75,20,0.3805560747331314,0.13284605741327374,0.0,0.49122807017543857
0.025,original,1,baseline,20,0.41175406761334454,0.10173394585155254,0.0,0.48695652173913045
0.025,original,1,noise_0.1,20,0.43721339391751723,0.04442105740327022,0.3770491803278688,0.5894736842105263
0.025,original,1,noise_0.2,20,0.40195016682779894,0.1280784267735852,0.0,0.49122807017543857
0.025,original,1,overlap_0.75,20,0.42637952742367313,0.022350681006845428,0.39344262295081966,0.46153846153846156
0.025,original,2,baseline,20,0.41325367454161344,0.08399017306279852,0.07692307692307693,0.5
0.025,original,2,noise_0.1,20,0.42427033904617256,0.09460981798819083,0.07142857142857142,0.5773195876288659
0.025,original,2,noise_0.2,20,0.3884434398943802,0.12428546328295213,0.0,0.5
0.025,original,2,overlap_0.75,20,0.42787612235126327,0.026720228205024083,0.3770491803278688,0.48695652173913045
0.05,checked,0,baseline,20,0.7906316202726875,0.11853061782504647,0.49122807017543857,0.9411764705882353
0.05,checked,0,noise_0.1,20,0.771909072198703,0.0942956639278641,0.5747126436781609,0.9333333333333333
0.05,checked,0,noise_0.2,20,0.7271494648263994,0.09493005408413166,0.5333333333333333,0.9032258064516129
0.05,checked,0,overlap_0.75,20,0.7567521636294888,0.09709206749851752,0.5393258426966292,0.9032258064516129
0.05,checked,1,baseline,20,0.7821934863984481,0.1152208976516113,0.49122807017543857,0.9333333333333333
0.05,checked,1,noise_0.1,20,0.771909072198703,0.0942956639278641,0.5747126436781609,0.9333333333333333
0.05,checked,1,noise_0.2,20,0.7285770350015741,0.0994204069635909,0.5333333333333333,0.9032258064516129
0.05,checked,1,overlap_0.75,20,0.7585367876304436,0.09695789565858087,0.5393258426966292,0.9032258064516129
0.05,checked,2,baseline,20,0.7873475480230979,0.11836262927881662,0.49122807017543857,0.9411764705882353
0.05,checked,2,noise_0.1,20,0.771909072198703,0.0942956639278641,0.5747126436781609,0.9333333333333333
0.05,checked,2,noise_0.2,20,0.7316131338585352,0.09549351560169864,0.5333333333333333,0.9032258064516129
0.05,checked,2,overlap_0.75,20,0.7434364036513412,0.10217032292453612,0.5393258426966292,0.9032258064516129
0.05,original,0,baseline,20,0.5175372031555818,0.14847018960961453,0.39344262295081966,0.9090909090909091
0.05,original,0,noise_0.1,20,0.5522937304408403,0.12755684985520443,0.4098360655737705,0.8333333333333334
0.05,original,0,noise_0.2,20,0.5447291165711168,0.1486588587980146,0.39344262295081966,0.875
0.05,original,0,overlap_0.75,20,0.5281595853286442,0.14024297053046986,0.39344262295081966,0.835820895522388
0.05,original,1,baseline,20,0.5640861715208753,0.16154182608904086,0.39344262295081966,0.8928571428571429
0.05,original,1,noise_0.1,20,0.6003384302911761,0.15478553514271925,0.4262295081967213,0.9333333333333333
0.05,original,1,noise_0.2,20,0.4999866531642466,0.09834416199175133,0.39669421487603307,0.7719298245614035
0.05,original,1,overlap_0.75,20,0.5394271217137101,0.13251566007015952,0.39344262295081966,0.8307692307692308
0.05,original,2,baseline,20,0.5136215059851249,0.1326689630443483,0.40336134453781514,0.84375
0.05,original,2,noise_0.1,20,0.5720454619566796,0.13108508492570348,0.39344262295081966,0.8333333333333334
0.05,original,2,noise_0.2,20,0.5029285174180629,0.09769535393678647,0.39344262295081966,0.7719298245614035
0.05,original,2,overlap_0.75,20,0.5348499011716867,0.1403634731926666,0.39344262295081966,0.8333333333333334
0.075,checked,0,baseline,20,0.9126183832093895,0.04508816067308264,0.7741935483870968,0.9803921568627451
0.075,checked,0,noise_0.1,20,0.9168947714011016,0.04299637063801798,0.8275862068965517,0.9655172413793104
0.075,checked,0,noise_0.2,20,0.8594018959626156,0.061209505577373535,0.7246376811594203,0.9333333333333333
0.075,checked,0,overlap_0.75,20,0.8046812199547055,0.07925237372289358,0.6756756756756757,0.9491525423728814
0.075,checked,1,baseline,20,0.9126183832093895,0.04508816067308264,0.7741935483870968,0.9803921568627451
0.075,checked,1,noise_0.1,20,0.9168947714011016,0.04299637063801798,0.8275862068965517,0.9655172413793104
0.075,checked,1,noise_0.2,20,0.8579447010627976,0.06007666195849728,0.7246376811594203,0.9333333333333333
0.075,checked,1,overlap_0.75,20,0.8037288390023246,0.08085548543078637,0.6666666666666666,0.9491525423728814
0.075,checked,2,baseline,20,0.9126183832093895,0.04508816067308264,0.7741935483870968,0.9803921568627451
0.075,checked,2,noise_0.1,20,0.9133050278113581,0.044521691587951745,0.8275862068965517,0.9655172413793104
0.075,checked,2,noise_0.2,20,0.8559244990425958,0.059659217603408934,0.7246376811594203,0.9333333333333333
0.075,checked,2,overlap_0.75,20,0.8046812199547055,0.07925237372289358,0.6756756756756757,0.9491525423728814
0.075,original,0,baseline,20,0.853464509124325,0.1537764591802901,0.423728813559322,0.9795918367346939
0.075,original,0,noise_0.1,20,0.911914951243569,0.06344948420131513,0.7741935483870968,0.9824561403508771
0.075,original,0,noise_0.2,20,0.7476211637912945,0.17902018611751574,0.41935483870967744,0.9433962264150944
0.075,original,0,overlap_0.75,20,0.6446600555909685,0.1708320225807467,0.4065040650406504,0.9333333333333333
0.075,original,1,baseline,20,0.8597397981373955,0.14730591460659026,0.41935483870967744,0.9795918367346939
0.075,original,1,noise_0.1,20,0.862729163605813,0.15486076417944553,0.39344262295081966,1.0
0.075,original,1,noise_0.2,20,0.7423560012820639,0.17492406884402897,0.4,0.9454545454545454
0.075,original,1,overlap_0.75,20,0.6310038955675156,0.17652925941563374,0.4098360655737705,0.9333333333333333
0.075,original,2,baseline,20,0.8555233965385535,0.15466971310583133,0.41935483870967744,0.9795918367346939
0.075,original,2,noise_0.1,20,0.8715326241304544,0.15364786294404312,0.40336134453781514,0.9824561403508771
0.075,original,2,noise_0.2,20,0.7439669477565886,0.17932055072080405,0.40336134453781514,0.9433962264150944
0.075,original,2,overlap_0.75,20,0.6199762234731941,0.1659682235805628,0.39344262295081966,0.9333333333333333
0.1,checked,0,baseline,20,0.9743054615785851,0.03274186667397979,0.8727272727272727,1.0
0.1,checked,0,noise_0.1,20,0.9702633072908083,0.025897987698053404,0.9090909090909091,1.0
0.1,checked,0,noise_0.2,20,0.9226661218420056,0.06597748193635962,0.7868852459016393,1.0
0.1,checked,0,overlap_0.75,20,0.7905869633541955,0.06811177638338978,0.684931506849315,0.9180327868852459
0.1,checked,1,baseline,20,0.9743054615785851,0.03274186667397979,0.8727272727272727,1.0
0.1,checked,1,noise_0.1,20,0.9702633072908083,0.025897987698053404,0.9090909090909091,1.0
0.1,checked,1,noise_0.2,20,0.9226661218420056,0.06597748193635962,0.7868852459016393,1.0
0.1,checked,1,overlap_0.75,20,0.7822854575620269,0.071865111019883,0.631578947368421,0.8888888888888888
0.1,checked,2,baseline,20,0.9743054615785851,0.03274186667397979,0.8727272727272727,1.0
0.1,checked,2,noise_0.1,20,0.9702633072908083,0.025897987698053404,0.9090909090909091,1.0
0.1,checked,2,noise_0.2,20,0.9226661218420056,0.06597748193635962,0.7868852459016393,1.0
0.1,checked,2,overlap_0.75,20,0.7798266532689097,0.07315989178566648,0.6190476190476191,0.8888888888888888
0.1,original,0,baseline,20,0.9717328388641306,0.030698260999534058,0.8571428571428571,1.0
0.1,original,0,noise_0.1,20,0.9647748786723598,0.03205339929620135,0.8888888888888888,1.0
0.1,original,0,noise_0.2,20,0.9211341220581415,0.05066105113827426,0.8,1.0
0.1,original,0,overlap_0.75,20,0.6456024226345385,0.13812941595037614,0.42276422764227645,0.8620689655172413
0.1,original,1,baseline,20,0.9733201404514322,0.02469513797187865,0.8888888888888888,1.0
0.1,original,1,noise_0.1,20,0.959801403871299,0.03944637191749881,0.8620689655172413,1.0
0.1,original,1,noise_0.2,20,0.9201914372919273,0.04966600172246935,0.8,1.0
0.1,original,1,overlap_0.75,20,0.647685291545619,0.13121215708461817,0.4036697247706422,0.8615384615384616
0.1,original,2,baseline,20,0.9733201404514322,0.02469513797187865,0.8888888888888888,1.0
0.1,original,2,noise_0.1,20,0.959801403871299,0.03944637191749881,0.8620689655172413,1.0
0.1,original,2,noise_0.2,20,0.9186692272218264,0.05126788356020456,0.8,1.0
0.1,original,2,overlap_0.75,20,0.6479269814222106,0.14419063597364984,0.39344262295081966,0.8727272727272727
0.125,checked,0,baseline,20,0.986918486080102,0.016146544686999307,0.96,1.0
0.125,checked,0,noise_0.1,20,0.9844856992921048,0.01938397830751771,0.9411764705882353,1.0
0.125,checked,0,noise_0.2,20,0.9770921939544603,0.020459144248385706,0.9411764705882353,1.0
0.125,checked,0,overlap_0.75,20,0.8049512061626272,0.09173907053914221,0.5853658536585366,0.9655172413793104
0.125,checked,1,baseline,20,0.986918486080102,0.016146544686999307,0.96,1.0
0.125,checked,1,noise_0.1,20,0.9844856992921048,0.01938397830751771,0.9411764705882353,1.0
0.125,checked,1,noise_0.2,20,0.9770921939544603,0.020459144248385706,0.9411764705882353,1.0
0.125,checked,1,overlap_0.75,20,0.8049512061626272,0.09173907053914221,0.5853658536585366,0.9655172413793104
0.125,checked,2,baseline,20,0.986918486080102,0.016146544686999307,0.96,1.0
0.125,checked,2,noise_0.1,20,0.9844856992921048,0.01938397830751771,0.9411764705882353,1.0
0.125,checked,2,noise_0.2,20,0.9770921939544603,0.020459144248385706,0.9411764705882353,1.0
0.125,checked,2,overlap_0.75,20,0.8049512061626272,0.09173907053914221,0.5853658536585366,0.9655172413793104
0.125,original,0,baseline,20,0.9822885104613549,0.009142044870967276,0.9642857142857143,1.0
0.125,original,0,noise_0.1,20,0.9774442140338179,0.02112390068666577,0.9230769230769231,1.0
0.125,original,0,noise_0.2,20,0.96724154635798,0.022643483900095504,0.9230769230769231,1.0
0.125,original,0,overlap_0.75,20,0.6643880101617595,0.15012493038571847,0.43859649122807015,0.9333333333333333
0.125,original,1,baseline,20,0.9822885104613549,0.009142044870967276,0.9642857142857143,1.0
0.125,original,1,noise_0.1,20,0.9774442140338179,0.02112390068666577,0.9230769230769231,1.0
0.125,original,1,noise_0.2,20,0.96724154635798,0.022643483900095504,0.9230769230769231,1.0
0.125,original,1,overlap_0.75,20,0.6356218556423786,0.16050785302243464,0.40336134453781514,0.9333333333333333
0.125,original,2,baseline,20,0.9822885104613549,0.009142044870967276,0.9642857142857143,1.0
0.125,original,2,noise_0.1,20,0.9774442140338179,0.02112390068666577,0.9230769230769231,1.0
0.125,original,2,noise_0.2,20,0.96724154635798,0.022643483900095504,0.9230769230769231,1.0
0.125,original,2,overlap_0.75,20,0.6222044765128527,0.1448620158951999,0.43859649122807015,0.9032258064516129
0.15,checked,0,baseline,20,0.9914119344225909,0.011725998682179063,0.96,1.0
0.15,checked,0,noise_0.1,20,0.9913166656930896,0.014785941680350844,0.9411764705882353,1.0
0.15,checked,0,noise_0.2,20,0.9856685086908812,0.017248956144198253,0.9433962264150944,1.0
0.15,checked,0,overlap_0.75,20,0.7825241370337588,0.08004671543540089,0.6075949367088608,0.9056603773584906
0.15,checked,1,baseline,20,0.9914119344225909,0.011725998682179063,0.96,1.0
0.15,checked,1,noise_0.1,20,0.9913166656930896,0.014785941680350844,0.9411764705882353,1.0
0.15,checked,1,noise_0.2,20,0.9856685086908812,0.017248956144198253,0.9433962264150944,1.0
0.15,checked,1,overlap_0.75,20,0.7839734123960775,0.07920143255758924,0.6075949367088608,0.9056603773584906
0.15,checked,2,baseline,20,0.9914119344225909,0.011725998682179063,0.96,1.0
0.15,checked,2,noise_0.1,20,0.9913166656930896,0.014785941680350844,0.9411764705882353,1.0
0.15,checked,2,noise_0.2,20,0.9856685086908812,0.017248956144198253,0.9433962264150944,1.0
0.15,checked,2,overlap_0.75,20,0.7843857513509783,0.07938433913868648,0.6075949367088608,0.9056603773584906
0.15,original,0,baseline,20,0.9859661152037121,0.010077898424666528,0.9655172413793104,1.0
0.15,original,0,noise_0.1,20,0.9841406156258907,0.011020899261926542,0.96,1.0
0.15,original,0,noise_0.2,20,0.9831834018876403,0.013614206144128541,0.9433962264150944,1.0
0.15,original,0,overlap_0.75,20,0.612001795677199,0.12524987422474373,0.42735042735042733,0.8620689655172413
0.15,original,1,baseline,20,0.9859661152037121,0.010077898424666528,0.9655172413793104,1.0
0.15,original,1,noise_0.1,20,0.9841406156258907,0.011020899261926542,0.96,1.0
0.15,original,1,noise_0.2,20,0.9831834018876403,0.013614206144128541,0.9433962264150944,1.0
0.15,original,1,overlap_0.75,20,0.5906078436121736,0.1443388474729358,0.4424778761061947,0.8771929824561403
0.15,original,2,baseline,20,0.9859661152037121,0.010077898424666528,0.9655172413793104,1.0
0.15,original,2,noise_0.1,20,0.9841406156258907,0.011020899261926542,0.96,1.0
0.15,original,2,noise_0.2,20,0.9831834018876403,0.013614206144128541,0.9433962264150944,1.0
0.15,original,2,overlap_0.75,20,0.599294645280245,0.1366911143250773,0.4424778761061947,0.8771929824561403
0.2,checked,0,baseline,20,1.0,0.0,1.0,1.0
0.2,checked,0,noise_0.1,20,1.0,0.0,1.0,1.0
0.2,checked,0,noise_0.2,20,0.9953676207325035,0.008256235031348062,0.9795918367346939,1.0
0.2,checked,0,overlap_0.75,20,0.7063923045466393,0.07550632479152862,0.6075949367088608,0.8813559322033898
0.2,checked,1,baseline,20,1.0,0.0,1.0,1.0
0.2,checked,1,noise_0.1,20,1.0,0.0,1.0,1.0
0.2,checked,1,noise_0.2,20,0.9953676207325035,0.008256235031348062,0.9795918367346939,1.0
0.2,checked,1,overlap_0.75,20,0.7128632286924468,0.07005437242014197,0.611764705882353,0.8813559322033898
0.2,checked,2,baseline,20,1.0,0.0,1.0,1.0
0.2,checked,2,noise_0.1,20,1.0,0.0,1.0,1.0
0.2,checked,2,noise_0.2,20,0.9953676207325035,0.008256235031348062,0.9795918367346939,1.0
0.2,checked,2,overlap_0.75,20,0.7099864246166628,0.07901951446671673,0.6075949367088608,0.8813559322033898
0.2,original,0,baseline,20,0.9811021875573376,0.001139886088222393,0.9795918367346939,0.9824561403508771
0.2,original,0,noise_0.1,20,0.9811021875573376,0.001139886088222393,0.9795918367346939,0.9824561403508771
0.2,original,0,noise_0.2,20,0.9840104288937995,0.008940284501284592,0.9655172413793104,1.0
0.2,original,0,overlap_0.75,20,0.5642731287123389,0.12368766552708486,0.4065040650406504,0.896551724137931
0.2,original,1,baseline,20,0.9811021875573376,0.001139886088222393,0.9795918367346939,0.9824561403508771
0.2,original,1,noise_0.1,20,0.9811021875573376,0.001139886088222393,0.9795918367346939,0.9824561403508771
0.2,original,1,noise_0.2,20,0.9840104288937995,0.008940284501284592,0.9655172413793104,1.0
0.2,original,1,overlap_0.75,20,0.5570292050029912,0.11288936678026787,0.4065040650406504,0.8275862068965517
0.2,original,2,baseline,20,0.9811021875573376,0.001139886088222393,0.9795918367346939,0.9824561403508771
0.2,original,2,noise_0.1,20,0.9811021875573376,0.001139886088222393,0.9795918367346939,0.9824561403508771
0.2,original,2,noise_0.2,20,0.9840104288937995,0.008940284501284592,0.9655172413793104,1.0
0.2,original,2,overlap_0.75,20,0.5739649918984848,0.11215053814467256,0.4065040650406504,0.8275862068965517
