variant,input_kind,rule,parameter,condition,count,mean,std,min,max
independent_categorical,binary_adaptive,direct_optimized_labels,,baseline,20,1.0,0.0,1.0,1.0
independent_categorical,binary_adaptive,direct_optimized_labels,,noise_0.1,20,1.0,0.0,1.0,1.0
independent_categorical,binary_adaptive,direct_optimized_labels,,noise_0.2,20,1.0,0.0,1.0,1.0
independent_categorical,binary_adaptive,direct_optimized_labels,,overlap_0.75,20,0.6719640447984716,0.07831892969851945,0.5060240963855421,0.8235294117647058
independent_categorical,weighted,direct_optimized_labels,,baseline,20,1.0,0.0,1.0,1.0
independent_categorical,weighted,direct_optimized_labels,,noise_0.1,20,1.0,0.0,1.0,1.0
independent_categorical,weighted,direct_optimized_labels,,noise_0.2,20,1.0,0.0,1.0,1.0
independent_categorical,weighted,direct_optimized_labels,,overlap_0.75,20,0.9139340821165571,0.03635979848153963,0.8253968253968254,0.9615384615384616
independent_continuous,weighted,max_normalized_score_cutoff,0.3,baseline,20,0.41308380303268544,0.020190733157400605,0.3870967741935484,0.4375
independent_continuous,weighted,max_normalized_score_cutoff,0.3,noise_0.1,20,0.41308380303268544,0.020190733157400605,0.3870967741935484,0.4375
independent_continuous,weighted,max_normalized_score_cutoff,0.3,noise_0.2,20,0.41308380303268544,0.020190733157400605,0.3870967741935484,0.4375
independent_continuous,weighted,max_normalized_score_cutoff,0.3,overlap_0.75,20,0.41308380303268544,0.020190733157400605,0.3870967741935484,0.4375
independent_continuous,weighted,max_normalized_score_cutoff,0.4,baseline,20,0.41308380303268544,0.020190733157400605,0.3870967741935484,0.4375
independent_continuous,weighted,max_normalized_score_cutoff,0.4,noise_0.1,20,0.41308380303268544,0.020190733157400605,0.3870967741935484,0.4375
independent_continuous,weighted,max_normalized_score_cutoff,0.4,noise_0.2,20,0.41308380303268544,0.020190733157400605,0.3870967741935484,0.4375
independent_continuous,weighted,max_normalized_score_cutoff,0.4,overlap_0.75,20,0.41308380303268544,0.020190733157400605,0.3870967741935484,0.4375
independent_continuous,weighted,max_normalized_score_cutoff,0.5,baseline,20,0.41308380303268544,0.020190733157400605,0.3870967741935484,0.4375
independent_continuous,weighted,max_normalized_score_cutoff,0.5,noise_0.1,20,0.41308380303268544,0.020190733157400605,0.3870967741935484,0.4375
independent_continuous,weighted,max_normalized_score_cutoff,0.5,noise_0.2,20,0.41308380303268544,0.020190733157400605,0.3870967741935484,0.4375
independent_continuous,weighted,max_normalized_score_cutoff,0.5,overlap_0.75,20,0.41308380303268544,0.020190733157400605,0.3870967741935484,0.4375
independent_continuous,weighted,max_normalized_score_cutoff,0.6,baseline,20,0.41308380303268544,0.020190733157400605,0.3870967741935484,0.4375
independent_continuous,weighted,max_normalized_score_cutoff,0.6,noise_0.1,20,0.41308380303268544,0.020190733157400605,0.3870967741935484,0.4375
independent_continuous,weighted,max_normalized_score_cutoff,0.6,noise_0.2,20,0.41308380303268544,0.020190733157400605,0.3870967741935484,0.4375
independent_continuous,weighted,max_normalized_score_cutoff,0.6,overlap_0.75,20,0.41391713636601873,0.019964983193432078,0.3870967741935484,0.4375
independent_continuous,weighted,max_normalized_score_cutoff,0.7,baseline,20,0.41308380303268544,0.020190733157400605,0.3870967741935484,0.4375
independent_continuous,weighted,max_normalized_score_cutoff,0.7,noise_0.1,20,0.41308380303268544,0.020190733157400605,0.3870967741935484,0.4375
independent_continuous,weighted,max_normalized_score_cutoff,0.7,noise_0.2,20,0.41308380303268544,0.020190733157400605,0.3870967741935484,0.4375
independent_continuous,weighted,max_normalized_score_cutoff,0.7,overlap_0.75,20,0.42641713636601875,0.05996629565395373,0.3870967741935484,0.6666666666666666
independent_continuous,weighted,max_normalized_score_cutoff,0.8,baseline,20,0.41308380303268544,0.020190733157400605,0.3870967741935484,0.4375
independent_continuous,weighted,max_normalized_score_cutoff,0.8,noise_0.1,20,0.41308380303268544,0.020190733157400605,0.3870967741935484,0.4375
independent_continuous,weighted,max_normalized_score_cutoff,0.8,noise_0.2,20,0.41308380303268544,0.020190733157400605,0.3870967741935484,0.4375
independent_continuous,weighted,max_normalized_score_cutoff,0.8,overlap_0.75,20,0.43683380303268543,0.10504630195203964,0.3870967741935484,0.875
independent_continuous,weighted,max_normalized_score_cutoff,0.9,baseline,20,0.41308380303268544,0.020190733157400605,0.3870967741935484,0.4375
independent_continuous,weighted,max_normalized_score_cutoff,0.9,noise_0.1,20,0.41308380303268544,0.020190733157400605,0.3870967741935484,0.4375
independent_continuous,weighted,max_normalized_score_cutoff,0.9,noise_0.2,20,0.41308380303268544,0.020190733157400605,0.3870967741935484,0.4375
independent_continuous,weighted,max_normalized_score_cutoff,0.9,overlap_0.75,20,0.41732622727510965,0.025510234054203287,0.3870967741935484,0.48484848484848486
independent_continuous,weighted,top_fraction,0.1,baseline,20,0.5558292259530649,0.024696275756399013,0.5263157894736842,0.5882352941176471
independent_continuous,weighted,top_fraction,0.1,noise_0.1,20,0.5558292259530649,0.024696275756399013,0.5263157894736842,0.5882352941176471
independent_continuous,weighted,top_fraction,0.1,noise_0.2,20,0.5558292259530649,0.024696275756399013,0.5263157894736842,0.5882352941176471
independent_continuous,weighted,top_fraction,0.1,overlap_0.75,20,0.5558292259530649,0.024696275756399013,0.5263157894736842,0.5882352941176471
independent_continuous,weighted,top_fraction,0.2,baseline,20,0.8696226838224987,0.030255822766747174,0.8333333333333334,0.9090909090909091
independent_continuous,weighted,top_fraction,0.2,noise_0.1,20,0.8696226838224987,0.030255822766747174,0.8333333333333334,0.9090909090909091
independent_continuous,weighted,top_fraction,0.2,noise_0.2,20,0.8696226838224987,0.030255822766747174,0.8333333333333334,0.9090909090909091
independent_continuous,weighted,top_fraction,0.2,overlap_0.75,20,0.8674004616002765,0.03039812413099408,0.8333333333333334,0.9090909090909091
independent_continuous,weighted,top_fraction,0.28,baseline,20,0.9630551279607884,0.03074305091129965,0.9230769230769231,1.0
independent_continuous,weighted,top_fraction,0.28,noise_0.1,20,0.9630551279607884,0.03074305091129965,0.9230769230769231,1.0
independent_continuous,weighted,top_fraction,0.28,noise_0.2,20,0.9630551279607884,0.03074305091129965,0.9230769230769231,1.0
independent_continuous,weighted,top_fraction,0.28,overlap_0.75,20,0.9397434396491,0.018030200645416446,0.9090909090909091,0.9818181818181818
independent_continuous,weighted,top_fraction,0.4,baseline,20,0.7881175160806416,0.02940842703115287,0.75,0.8235294117647058
independent_continuous,weighted,top_fraction,0.4,noise_0.1,20,0.7881175160806416,0.02940842703115287,0.75,0.8235294117647058
independent_continuous,weighted,top_fraction,0.4,noise_0.2,20,0.7881175160806416,0.02940842703115287,0.75,0.8235294117647058
independent_continuous,weighted,top_fraction,0.4,overlap_0.75,20,0.7866469278453475,0.02825727912661276,0.75,0.8235294117647058
