example,global_q,found_q,gap
0,0.472788971703768,0.4727889717037675,4.996003610813204e-16
1,0.6055036504578704,0.6055036504578716,-1.2212453270876722e-15
2,0.48617243480439787,0.48617243480439803,-1.6653345369377348e-16
3,0.46875342175338436,0.4687534217533848,-4.440892098500626e-16
4,0.4623989755334916,0.46239897553349163,-5.551115123125783e-17
5,0.439525357424064,0.43952535742406534,-1.3322676295501878e-15
6,0.4285714285714288,0.42857142857142855,2.7755575615628914e-16
7,0.3743850788629665,0.3743850788629671,-6.106226635438361e-16
8,0.338172385091658,0.3381723850916581,-1.1102230246251565e-16
9,0.45298408250003047,0.45298408250003164,-1.1657341758564144e-15
10,0.30151134457776363,0.30151134457776363,0.0
11,0.46105957531375263,0.46105957531375424,-1.609823385706477e-15
