input,version,kind,labels_identical,kernel_q,class_q
V01_baseline,original,binary,True,0.904326374878719,0.904326374878719
V01_baseline,checked,binary,True,0.9278288512365049,0.9278288512365049
V01_baseline,original,raw_weighted,True,0.0,0.0
V01_baseline,checked,raw_weighted,True,0.0,0.0
V01_baseline,original,stored_zeros,True,,
V01_baseline,checked,stored_zeros,True,,
V01_noise_0.1,original,binary,True,0.688724805316155,0.688724805316155
V01_noise_0.1,checked,binary,True,0.7032162867311866,0.7032162867311866
V01_noise_0.1,original,raw_weighted,True,0.0,0.0
V01_noise_0.1,checked,raw_weighted,True,0.0,0.0
V01_noise_0.1,original,stored_zeros,True,,
V01_noise_0.1,checked,stored_zeros,True,,
V01_noise_0.2,original,binary,True,0.44865395844990424,0.44865395844990424
V01_noise_0.2,checked,binary,True,0.4530715196628643,0.4530715196628643
V01_noise_0.2,original,raw_weighted,True,-0.001346182186565309,-0.001346182186565309
V01_noise_0.2,checked,raw_weighted,True,0.15009931379183927,0.15009931379183927
V01_noise_0.2,original,stored_zeros,True,,
V01_noise_0.2,checked,stored_zeros,True,,
V01_overlap_0.75,original,binary,True,0.05903788581080741,0.05903788581080741
V01_overlap_0.75,checked,binary,True,0.1614928676180922,0.1614928676180922
V01_overlap_0.75,original,raw_weighted,True,0.0,0.0
V01_overlap_0.75,checked,raw_weighted,True,0.0,0.0
V01_overlap_0.75,original,stored_zeros,True,,
V01_overlap_0.75,checked,stored_zeros,True,,
V02_baseline,original,binary,True,0.9076518457821873,0.9076518457821873
V02_baseline,checked,binary,True,0.9279038865167278,0.9279038865167278
V02_baseline,original,raw_weighted,True,0.0,0.0
V02_baseline,checked,raw_weighted,True,0.0,0.0
V02_baseline,original,stored_zeros,True,,
V02_baseline,checked,stored_zeros,True,,
V02_noise_0.1,original,binary,True,0.6959931317883655,0.6959931317883655
V02_noise_0.1,checked,binary,True,0.7100958365236408,0.7100958365236408
V02_noise_0.1,original,raw_weighted,True,0.0,0.0
V02_noise_0.1,checked,raw_weighted,True,0.0,0.0
V02_noise_0.1,original,stored_zeros,True,,
V02_noise_0.1,checked,stored_zeros,True,,
V02_noise_0.2,original,binary,True,0.46778223062720975,0.46778223062720975
V02_noise_0.2,checked,binary,True,0.47407392023859796,0.47407392023859796
V02_noise_0.2,original,raw_weighted,True,-0.0015612356065021866,-0.0015612356065021866
V02_noise_0.2,checked,raw_weighted,True,0.12942378561543966,0.12942378561543966
V02_noise_0.2,original,stored_zeros,True,,
V02_noise_0.2,checked,stored_zeros,True,,
V02_overlap_0.75,original,binary,True,0.05485627636432394,0.05485627636432394
V02_overlap_0.75,checked,binary,True,0.16370618091987968,0.16370618091987968
V02_overlap_0.75,original,raw_weighted,True,0.0,0.0
V02_overlap_0.75,checked,raw_weighted,True,0.0,0.0
V02_overlap_0.75,original,stored_zeros,True,,
V02_overlap_0.75,checked,stored_zeros,True,,
