input,condition,mode,tp,fp,fn,tn,n_core,f1
V01_baseline,baseline,original_order,25,0,0,75,25,1.0
V01_baseline,baseline,permuted_restored,25,0,0,75,25,1.0
V01_baseline,baseline,permuted_NOT_restored,7,18,18,57,25,0.28
V01_noise_0.1,noise_0.1,original_order,25,0,0,75,25,1.0
V01_noise_0.1,noise_0.1,permuted_restored,25,0,0,75,25,1.0
V01_noise_0.1,noise_0.1,permuted_NOT_restored,6,19,19,56,25,0.24
V01_noise_0.2,noise_0.2,original_order,25,0,0,75,25,1.0
V01_noise_0.2,noise_0.2,permuted_restored,25,0,0,75,25,1.0
V01_noise_0.2,noise_0.2,permuted_NOT_restored,5,20,20,55,25,0.2
V01_overlap_0.75,overlap_0.75,original_order,21,37,4,38,58,0.5060240963855421
V01_overlap_0.75,overlap_0.75,permuted_restored,21,37,4,38,58,0.5060240963855421
V01_overlap_0.75,overlap_0.75,permuted_NOT_restored,14,44,11,31,58,0.3373493975903614
V02_baseline,baseline,original_order,27,0,0,73,27,1.0
V02_baseline,baseline,permuted_restored,27,0,0,73,27,1.0
V02_baseline,baseline,permuted_NOT_restored,6,21,21,52,27,0.2222222222222222
V02_noise_0.1,noise_0.1,original_order,27,0,0,73,27,1.0
V02_noise_0.1,noise_0.1,permuted_restored,27,0,0,73,27,1.0
V02_noise_0.1,noise_0.1,permuted_NOT_restored,8,19,19,54,27,0.2962962962962963
V02_noise_0.2,noise_0.2,original_order,27,0,0,73,27,1.0
V02_noise_0.2,noise_0.2,permuted_restored,27,0,0,73,27,1.0
V02_noise_0.2,noise_0.2,permuted_NOT_restored,5,22,22,51,27,0.18518518518518517
V02_overlap_0.75,overlap_0.75,original_order,23,12,4,61,35,0.7419354838709677
V02_overlap_0.75,overlap_0.75,permuted_restored,23,12,4,61,35,0.7419354838709677
V02_overlap_0.75,overlap_0.75,permuted_NOT_restored,13,22,14,51,35,0.41935483870967744
V03_baseline,baseline,original_order,25,0,0,75,25,1.0
V03_baseline,baseline,permuted_restored,25,0,0,75,25,1.0
V03_baseline,baseline,permuted_NOT_restored,9,16,16,59,25,0.36
V03_noise_0.1,noise_0.1,original_order,25,0,0,75,25,1.0
V03_noise_0.1,noise_0.1,permuted_restored,25,0,0,75,25,1.0
V03_noise_0.1,noise_0.1,permuted_NOT_restored,6,19,19,56,25,0.24
V03_noise_0.2,noise_0.2,original_order,25,0,0,75,25,1.0
V03_noise_0.2,noise_0.2,permuted_restored,25,0,0,75,25,1.0
V03_noise_0.2,noise_0.2,permuted_NOT_restored,4,21,21,54,25,0.16
V03_overlap_0.75,overlap_0.75,original_order,23,24,2,51,47,0.6388888888888888
V03_overlap_0.75,overlap_0.75,permuted_restored,23,24,2,51,47,0.6388888888888888
V03_overlap_0.75,overlap_0.75,permuted_NOT_restored,12,35,13,40,47,0.3333333333333333
V04_baseline,baseline,original_order,28,0,0,72,28,1.0
V04_baseline,baseline,permuted_restored,28,0,0,72,28,1.0
V04_baseline,baseline,permuted_NOT_restored,7,21,21,51,28,0.25
V04_noise_0.1,noise_0.1,original_order,28,0,0,72,28,1.0
V04_noise_0.1,noise_0.1,permuted_restored,28,0,0,72,28,1.0
V04_noise_0.1,noise_0.1,permuted_NOT_restored,8,20,20,52,28,0.2857142857142857
V04_noise_0.2,noise_0.2,original_order,28,0,0,72,28,1.0
V04_noise_0.2,noise_0.2,permuted_restored,28,0,0,72,28,1.0
V04_noise_0.2,noise_0.2,permuted_NOT_restored,10,18,18,54,28,0.35714285714285715
V04_overlap_0.75,overlap_0.75,original_order,24,20,4,52,44,0.6666666666666666
V04_overlap_0.75,overlap_0.75,permuted_restored,24,20,4,52,44,0.6666666666666666
V04_overlap_0.75,overlap_0.75,permuted_NOT_restored,15,29,13,43,44,0.4166666666666667
V05_baseline,baseline,original_order,24,0,0,76,24,1.0
V05_baseline,baseline,permuted_restored,24,0,0,76,24,1.0
V05_baseline,baseline,permuted_NOT_restored,5,19,19,57,24,0.20833333333333334
V05_noise_0.1,noise_0.1,original_order,24,0,0,76,24,1.0
V05_noise_0.1,noise_0.1,permuted_restored,24,0,0,76,24,1.0
V05_noise_0.1,noise_0.1,permuted_NOT_restored,4,20,20,56,24,0.16666666666666666
V05_noise_0.2,noise_0.2,original_order,24,0,0,76,24,1.0
V05_noise_0.2,noise_0.2,permuted_restored,24,0,0,76,24,1.0
V05_noise_0.2,noise_0.2,permuted_NOT_restored,5,19,19,57,24,0.20833333333333334
V05_overlap_0.75,overlap_0.75,original_order,22,16,2,60,38,0.7096774193548387
V05_overlap_0.75,overlap_0.75,permuted_restored,22,16,2,60,38,0.7096774193548387
V05_overlap_0.75,overlap_0.75,permuted_NOT_restored,6,32,18,44,38,0.1935483870967742
V06_baseline,baseline,original_order,25,0,0,75,25,1.0
V06_baseline,baseline,permuted_restored,25,0,0,75,25,1.0
V06_baseline,baseline,permuted_NOT_restored,4,21,21,54,25,0.16
V06_noise_0.1,noise_0.1,original_order,25,0,0,75,25,1.0
V06_noise_0.1,noise_0.1,permuted_restored,25,0,0,75,25,1.0
V06_noise_0.1,noise_0.1,permuted_NOT_restored,9,16,16,59,25,0.36
V06_noise_0.2,noise_0.2,original_order,25,0,0,75,25,1.0
V06_noise_0.2,noise_0.2,permuted_restored,25,0,0,75,25,1.0
V06_noise_0.2,noise_0.2,permuted_NOT_restored,7,18,18,57,25,0.28
V06_overlap_0.75,overlap_0.75,original_order,22,11,3,64,33,0.7586206896551724
V06_overlap_0.75,overlap_0.75,permuted_restored,24,12,1,63,36,0.7868852459016393
V06_overlap_0.75,overlap_0.75,permuted_NOT_restored,6,30,19,45,36,0.19672131147540983
V07_baseline,baseline,original_order,24,0,0,76,24,1.0
V07_baseline,baseline,permuted_restored,24,0,0,76,24,1.0
V07_baseline,baseline,permuted_NOT_restored,5,19,19,57,24,0.20833333333333334
V07_noise_0.1,noise_0.1,original_order,24,0,0,76,24,1.0
V07_noise_0.1,noise_0.1,permuted_restored,24,0,0,76,24,1.0
V07_noise_0.1,noise_0.1,permuted_NOT_restored,4,20,20,56,24,0.16666666666666666
V07_noise_0.2,noise_0.2,original_order,24,0,0,76,24,1.0
V07_noise_0.2,noise_0.2,permuted_restored,24,0,0,76,24,1.0
V07_noise_0.2,noise_0.2,permuted_NOT_restored,10,14,14,62,24,0.4166666666666667
V07_overlap_0.75,overlap_0.75,original_order,21,6,3,70,27,0.8235294117647058
V07_overlap_0.75,overlap_0.75,permuted_restored,21,6,3,70,27,0.8235294117647058
V07_overlap_0.75,overlap_0.75,permuted_NOT_restored,12,15,12,61,27,0.47058823529411764
V08_baseline,baseline,original_order,26,0,0,74,26,1.0
V08_baseline,baseline,permuted_restored,26,0,0,74,26,1.0
V08_baseline,baseline,permuted_NOT_restored,8,18,18,56,26,0.3076923076923077
V08_noise_0.1,noise_0.1,original_order,26,0,0,74,26,1.0
V08_noise_0.1,noise_0.1,permuted_restored,26,0,0,74,26,1.0
V08_noise_0.1,noise_0.1,permuted_NOT_restored,9,17,17,57,26,0.34615384615384615
V08_noise_0.2,noise_0.2,original_order,26,0,0,74,26,1.0
V08_noise_0.2,noise_0.2,permuted_restored,26,0,0,74,26,1.0
V08_noise_0.2,noise_0.2,permuted_NOT_restored,5,21,21,53,26,0.19230769230769232
V08_overlap_0.75,overlap_0.75,original_order,23,26,3,48,49,0.6133333333333333
V08_overlap_0.75,overlap_0.75,permuted_restored,23,26,3,48,49,0.6133333333333333
V08_overlap_0.75,overlap_0.75,permuted_NOT_restored,10,39,16,35,49,0.26666666666666666
V09_baseline,baseline,original_order,27,0,0,73,27,1.0
V09_baseline,baseline,permuted_restored,27,0,0,73,27,1.0
V09_baseline,baseline,permuted_NOT_restored,9,18,18,55,27,0.3333333333333333
V09_noise_0.1,noise_0.1,original_order,27,0,0,73,27,1.0
V09_noise_0.1,noise_0.1,permuted_restored,27,0,0,73,27,1.0
V09_noise_0.1,noise_0.1,permuted_NOT_restored,10,17,17,56,27,0.37037037037037035
V09_noise_0.2,noise_0.2,original_order,27,0,0,73,27,1.0
V09_noise_0.2,noise_0.2,permuted_restored,27,0,0,73,27,1.0
V09_noise_0.2,noise_0.2,permuted_NOT_restored,8,19,19,54,27,0.2962962962962963
V09_overlap_0.75,overlap_0.75,original_order,22,19,5,54,41,0.6470588235294118
V09_overlap_0.75,overlap_0.75,permuted_restored,22,19,5,54,41,0.6470588235294118
V09_overlap_0.75,overlap_0.75,permuted_NOT_restored,11,30,16,43,41,0.3235294117647059
V10_baseline,baseline,original_order,28,0,0,72,28,1.0
V10_baseline,baseline,permuted_restored,28,0,0,72,28,1.0
V10_baseline,baseline,permuted_NOT_restored,8,20,20,52,28,0.2857142857142857
V10_noise_0.1,noise_0.1,original_order,28,0,0,72,28,1.0
V10_noise_0.1,noise_0.1,permuted_restored,28,0,0,72,28,1.0
V10_noise_0.1,noise_0.1,permuted_NOT_restored,9,19,19,53,28,0.32142857142857145
V10_noise_0.2,noise_0.2,original_order,28,0,0,72,28,1.0
V10_noise_0.2,noise_0.2,permuted_restored,28,0,0,72,28,1.0
V10_noise_0.2,noise_0.2,permuted_NOT_restored,7,21,21,51,28,0.25
V10_overlap_0.75,overlap_0.75,original_order,20,14,8,58,34,0.6451612903225806
V10_overlap_0.75,overlap_0.75,permuted_restored,20,14,8,58,34,0.6451612903225806
V10_overlap_0.75,overlap_0.75,permuted_NOT_restored,7,27,21,45,34,0.22580645161290322
V11_baseline,baseline,original_order,28,0,0,72,28,1.0
V11_baseline,baseline,permuted_restored,28,0,0,72,28,1.0
V11_baseline,baseline,permuted_NOT_restored,4,24,24,48,28,0.14285714285714285
V11_noise_0.1,noise_0.1,original_order,28,0,0,72,28,1.0
V11_noise_0.1,noise_0.1,permuted_restored,28,0,0,72,28,1.0
V11_noise_0.1,noise_0.1,permuted_NOT_restored,10,18,18,54,28,0.35714285714285715
V11_noise_0.2,noise_0.2,original_order,28,0,0,72,28,1.0
V11_noise_0.2,noise_0.2,permuted_restored,28,0,0,72,28,1.0
V11_noise_0.2,noise_0.2,permuted_NOT_restored,6,22,22,50,28,0.21428571428571427
V11_overlap_0.75,overlap_0.75,original_order,27,16,1,56,43,0.7605633802816901
V11_overlap_0.75,overlap_0.75,permuted_restored,27,16,1,56,43,0.7605633802816901
V11_overlap_0.75,overlap_0.75,permuted_NOT_restored,12,31,16,41,43,0.3380281690140845
V12_baseline,baseline,original_order,25,0,0,75,25,1.0
V12_baseline,baseline,permuted_restored,25,0,0,75,25,1.0
V12_baseline,baseline,permuted_NOT_restored,5,20,20,55,25,0.2
V12_noise_0.1,noise_0.1,original_order,25,0,0,75,25,1.0
V12_noise_0.1,noise_0.1,permuted_restored,25,0,0,75,25,1.0
V12_noise_0.1,noise_0.1,permuted_NOT_restored,5,20,20,55,25,0.2
V12_noise_0.2,noise_0.2,original_order,25,0,0,75,25,1.0
V12_noise_0.2,noise_0.2,permuted_restored,25,0,0,75,25,1.0
V12_noise_0.2,noise_0.2,permuted_NOT_restored,5,20,20,55,25,0.2
V12_overlap_0.75,overlap_0.75,original_order,23,33,2,42,56,0.5679012345679012
V12_overlap_0.75,overlap_0.75,permuted_restored,23,33,2,42,56,0.5679012345679012
V12_overlap_0.75,overlap_0.75,permuted_NOT_restored,13,43,12,32,56,0.32098765432098764
V13_baseline,baseline,original_order,27,0,0,73,27,1.0
V13_baseline,baseline,permuted_restored,27,0,0,73,27,1.0
V13_baseline,baseline,permuted_NOT_restored,8,19,19,54,27,0.2962962962962963
V13_noise_0.1,noise_0.1,original_order,27,0,0,73,27,1.0
V13_noise_0.1,noise_0.1,permuted_restored,27,0,0,73,27,1.0
V13_noise_0.1,noise_0.1,permuted_NOT_restored,10,17,17,56,27,0.37037037037037035
V13_noise_0.2,noise_0.2,original_order,27,0,0,73,27,1.0
V13_noise_0.2,noise_0.2,permuted_restored,27,0,0,73,27,1.0
V13_noise_0.2,noise_0.2,permuted_NOT_restored,7,20,20,53,27,0.25925925925925924
V13_overlap_0.75,overlap_0.75,original_order,23,22,4,51,45,0.6388888888888888
V13_overlap_0.75,overlap_0.75,permuted_restored,23,22,4,51,45,0.6388888888888888
V13_overlap_0.75,overlap_0.75,permuted_NOT_restored,13,32,14,41,45,0.3611111111111111
V14_baseline,baseline,original_order,28,0,0,72,28,1.0
V14_baseline,baseline,permuted_restored,28,0,0,72,28,1.0
V14_baseline,baseline,permuted_NOT_restored,4,24,24,48,28,0.14285714285714285
V14_noise_0.1,noise_0.1,original_order,28,0,0,72,28,1.0
V14_noise_0.1,noise_0.1,permuted_restored,28,0,0,72,28,1.0
V14_noise_0.1,noise_0.1,permuted_NOT_restored,7,21,21,51,28,0.25
V14_noise_0.2,noise_0.2,original_order,28,0,0,72,28,1.0
V14_noise_0.2,noise_0.2,permuted_restored,28,0,0,72,28,1.0
V14_noise_0.2,noise_0.2,permuted_NOT_restored,7,21,21,51,28,0.25
V14_overlap_0.75,overlap_0.75,original_order,24,17,4,55,41,0.6956521739130435
V14_overlap_0.75,overlap_0.75,permuted_restored,24,17,4,55,41,0.6956521739130435
V14_overlap_0.75,overlap_0.75,permuted_NOT_restored,14,27,14,45,41,0.4057971014492754
V15_baseline,baseline,original_order,24,0,0,76,24,1.0
V15_baseline,baseline,permuted_restored,24,0,0,76,24,1.0
V15_baseline,baseline,permuted_NOT_restored,5,19,19,57,24,0.20833333333333334
V15_noise_0.1,noise_0.1,original_order,24,0,0,76,24,1.0
V15_noise_0.1,noise_0.1,permuted_restored,24,0,0,76,24,1.0
V15_noise_0.1,noise_0.1,permuted_NOT_restored,5,19,19,57,24,0.20833333333333334
V15_noise_0.2,noise_0.2,original_order,24,0,0,76,24,1.0
V15_noise_0.2,noise_0.2,permuted_restored,24,0,0,76,24,1.0
V15_noise_0.2,noise_0.2,permuted_NOT_restored,4,20,20,56,24,0.16666666666666666
V15_overlap_0.75,overlap_0.75,original_order,21,26,3,50,47,0.5915492957746479
V15_overlap_0.75,overlap_0.75,permuted_restored,21,26,3,50,47,0.5915492957746479
V15_overlap_0.75,overlap_0.75,permuted_NOT_restored,9,38,15,38,47,0.2535211267605634
V16_baseline,baseline,original_order,25,0,0,75,25,1.0
V16_baseline,baseline,permuted_restored,25,0,0,75,25,1.0
V16_baseline,baseline,permuted_NOT_restored,7,18,18,57,25,0.28
V16_noise_0.1,noise_0.1,original_order,25,0,0,75,25,1.0
V16_noise_0.1,noise_0.1,permuted_restored,25,0,0,75,25,1.0
V16_noise_0.1,noise_0.1,permuted_NOT_restored,4,21,21,54,25,0.16
V16_noise_0.2,noise_0.2,original_order,25,0,0,75,25,1.0
V16_noise_0.2,noise_0.2,permuted_restored,25,0,0,75,25,1.0
V16_noise_0.2,noise_0.2,permuted_NOT_restored,7,18,18,57,25,0.28
V16_overlap_0.75,overlap_0.75,original_order,19,14,6,61,33,0.6551724137931034
V16_overlap_0.75,overlap_0.75,permuted_restored,20,13,5,62,33,0.6896551724137931
V16_overlap_0.75,overlap_0.75,permuted_NOT_restored,10,23,15,52,33,0.3448275862068966
V17_baseline,baseline,original_order,25,0,0,75,25,1.0
V17_baseline,baseline,permuted_restored,25,0,0,75,25,1.0
V17_baseline,baseline,permuted_NOT_restored,7,18,18,57,25,0.28
V17_noise_0.1,noise_0.1,original_order,25,0,0,75,25,1.0
V17_noise_0.1,noise_0.1,permuted_restored,25,0,0,75,25,1.0
V17_noise_0.1,noise_0.1,permuted_NOT_restored,2,23,23,52,25,0.08
V17_noise_0.2,noise_0.2,original_order,25,0,0,75,25,1.0
V17_noise_0.2,noise_0.2,permuted_restored,25,0,0,75,25,1.0
V17_noise_0.2,noise_0.2,permuted_NOT_restored,8,17,17,58,25,0.32
V17_overlap_0.75,overlap_0.75,original_order,22,17,3,58,39,0.6875
V17_overlap_0.75,overlap_0.75,permuted_restored,22,17,3,58,39,0.6875
V17_overlap_0.75,overlap_0.75,permuted_NOT_restored,7,32,18,43,39,0.21875
V18_baseline,baseline,original_order,24,0,0,76,24,1.0
V18_baseline,baseline,permuted_restored,24,0,0,76,24,1.0
V18_baseline,baseline,permuted_NOT_restored,8,16,16,60,24,0.3333333333333333
V18_noise_0.1,noise_0.1,original_order,24,0,0,76,24,1.0
V18_noise_0.1,noise_0.1,permuted_restored,24,0,0,76,24,1.0
V18_noise_0.1,noise_0.1,permuted_NOT_restored,5,19,19,57,24,0.20833333333333334
V18_noise_0.2,noise_0.2,original_order,24,0,0,76,24,1.0
V18_noise_0.2,noise_0.2,permuted_restored,24,0,0,76,24,1.0
V18_noise_0.2,noise_0.2,permuted_NOT_restored,7,17,17,59,24,0.2916666666666667
V18_overlap_0.75,overlap_0.75,original_order,22,30,2,46,52,0.5789473684210527
V18_overlap_0.75,overlap_0.75,permuted_restored,23,29,1,47,52,0.6052631578947368
V18_overlap_0.75,overlap_0.75,permuted_NOT_restored,11,41,13,35,52,0.2894736842105263
V19_baseline,baseline,original_order,28,0,0,72,28,1.0
V19_baseline,baseline,permuted_restored,28,0,0,72,28,1.0
V19_baseline,baseline,permuted_NOT_restored,6,22,22,50,28,0.21428571428571427
V19_noise_0.1,noise_0.1,original_order,28,0,0,72,28,1.0
V19_noise_0.1,noise_0.1,permuted_restored,28,0,0,72,28,1.0
V19_noise_0.1,noise_0.1,permuted_NOT_restored,10,18,18,54,28,0.35714285714285715
V19_noise_0.2,noise_0.2,original_order,28,0,0,72,28,1.0
V19_noise_0.2,noise_0.2,permuted_restored,28,0,0,72,28,1.0
V19_noise_0.2,noise_0.2,permuted_NOT_restored,8,20,20,52,28,0.2857142857142857
V19_overlap_0.75,overlap_0.75,original_order,23,8,5,64,31,0.7796610169491526
V19_overlap_0.75,overlap_0.75,permuted_restored,23,8,5,64,31,0.7796610169491526
V19_overlap_0.75,overlap_0.75,permuted_NOT_restored,9,22,19,50,31,0.3050847457627119
V20_baseline,baseline,original_order,28,0,0,72,28,1.0
V20_baseline,baseline,permuted_restored,28,0,0,72,28,1.0
V20_baseline,baseline,permuted_NOT_restored,11,17,17,55,28,0.39285714285714285
V20_noise_0.1,noise_0.1,original_order,28,0,0,72,28,1.0
V20_noise_0.1,noise_0.1,permuted_restored,28,0,0,72,28,1.0
V20_noise_0.1,noise_0.1,permuted_NOT_restored,8,20,20,52,28,0.2857142857142857
V20_noise_0.2,noise_0.2,original_order,28,0,0,72,28,1.0
V20_noise_0.2,noise_0.2,permuted_restored,28,0,0,72,28,1.0
V20_noise_0.2,noise_0.2,permuted_NOT_restored,6,22,22,50,28,0.21428571428571427
V20_overlap_0.75,overlap_0.75,original_order,24,16,4,56,40,0.7058823529411765
V20_overlap_0.75,overlap_0.75,permuted_restored,24,16,4,56,40,0.7058823529411765
V20_overlap_0.75,overlap_0.75,permuted_NOT_restored,6,34,22,38,40,0.17647058823529413
