condition,method,count,mean,std,sem,min,max
baseline,AstroMicroNet,20,0.972407395292797,0.02258799458460938,0.005050829136658369,0.9230769230769232,1.0
baseline,BE,20,0.7906316202726875,0.11853061782504647,0.026504251887185217,0.4912280701754385,0.9411764705882352
baseline,Rombach,20,0.8445235523272656,0.030034055573370123,0.006715818990206202,0.8085106382978723,0.8837209302325582
noise_0.1,AstroMicroNet,20,0.9704095732886397,0.0221690776237644,0.004957156456520671,0.9090909090909092,1.0
noise_0.1,BE,20,0.771909072198703,0.09429566392786409,0.021085151452617894,0.5747126436781609,0.9333333333333332
noise_0.1,Rombach,20,0.8445235523272656,0.030034055573370123,0.006715818990206202,0.8085106382978723,0.8837209302325582
noise_0.2,AstroMicroNet,20,0.928496400507765,0.03461161395146667,0.007739392160645957,0.8181818181818182,0.9629629629629628
noise_0.2,BE,20,0.7271494648263994,0.09493005408413165,0.02122700540398499,0.5333333333333333,0.9032258064516128
noise_0.2,Rombach,20,0.8445235523272656,0.030034055573370123,0.006715818990206202,0.8085106382978723,0.8837209302325582
overlap_0.75,AstroMicroNet,20,0.8460851069727495,0.061309202229259036,0.013709154383090484,0.723404255319149,0.9411764705882352
overlap_0.75,BE,20,0.7567521636294888,0.09709206749851752,0.021710446300268315,0.5393258426966292,0.9032258064516128
overlap_0.75,Rombach,20,0.7661198598292805,0.05410470924591225,0.012098180777672118,0.6818181818181818,0.8837209302325582
