input,condition,method,f1
V02_baseline,baseline,AstroMicroNet,0.9615384615384616
V02_baseline,baseline,Rombach,0.8260869565217391
V02_noise_0.1,noise_0.1,AstroMicroNet,0.9615384615384616
V02_noise_0.1,noise_0.1,Rombach,0.8260869565217391
V02_noise_0.2,noise_0.2,AstroMicroNet,0.9615384615384616
V02_noise_0.2,noise_0.2,Rombach,0.8260869565217391
V02_overlap_0.75,overlap_0.75,AstroMicroNet,0.8888888888888888
V02_overlap_0.75,overlap_0.75,Rombach,0.8260869565217391
V01_baseline,baseline,AstroMicroNet,0.979591836734694
V01_baseline,baseline,Rombach,0.8636363636363636
V01_noise_0.1,noise_0.1,AstroMicroNet,0.979591836734694
V01_noise_0.1,noise_0.1,Rombach,0.8636363636363636
V01_noise_0.2,noise_0.2,AstroMicroNet,0.9130434782608696
V01_noise_0.2,noise_0.2,Rombach,0.8636363636363636
V01_overlap_0.75,overlap_0.75,AstroMicroNet,0.8627450980392157
V01_overlap_0.75,overlap_0.75,Rombach,0.6818181818181818
V03_baseline,baseline,AstroMicroNet,1.0
V03_baseline,baseline,Rombach,0.8636363636363636
V03_noise_0.1,noise_0.1,AstroMicroNet,0.979591836734694
V03_noise_0.1,noise_0.1,Rombach,0.8636363636363636
V03_noise_0.2,noise_0.2,AstroMicroNet,0.96
V03_noise_0.2,noise_0.2,Rombach,0.8636363636363636
V03_overlap_0.75,overlap_0.75,AstroMicroNet,0.8444444444444444
V03_overlap_0.75,overlap_0.75,Rombach,0.7272727272727273
V04_baseline,baseline,AstroMicroNet,0.9629629629629628
V04_baseline,baseline,Rombach,0.8085106382978723
V04_noise_0.1,noise_0.1,AstroMicroNet,0.9629629629629628
V04_noise_0.1,noise_0.1,Rombach,0.8085106382978723
V04_noise_0.2,noise_0.2,AstroMicroNet,0.9629629629629628
V04_noise_0.2,noise_0.2,Rombach,0.8085106382978723
V04_overlap_0.75,overlap_0.75,AstroMicroNet,0.7857142857142857
V04_overlap_0.75,overlap_0.75,Rombach,0.723404255319149
V06_baseline,baseline,AstroMicroNet,1.0
V06_baseline,baseline,Rombach,0.8636363636363636
V06_noise_0.1,noise_0.1,AstroMicroNet,0.9583333333333334
V06_noise_0.1,noise_0.1,Rombach,0.8636363636363636
V06_noise_0.2,noise_0.2,AstroMicroNet,0.9130434782608696
V06_noise_0.2,noise_0.2,Rombach,0.8636363636363636
V06_overlap_0.75,overlap_0.75,AstroMicroNet,0.9056603773584906
V06_overlap_0.75,overlap_0.75,Rombach,0.7272727272727273
V05_baseline,baseline,AstroMicroNet,0.9787234042553192
V05_baseline,baseline,Rombach,0.8837209302325582
V05_noise_0.1,noise_0.1,AstroMicroNet,0.9565217391304348
V05_noise_0.1,noise_0.1,Rombach,0.8837209302325582
V05_noise_0.2,noise_0.2,AstroMicroNet,0.8979591836734694
V05_noise_0.2,noise_0.2,Rombach,0.8837209302325582
V05_overlap_0.75,overlap_0.75,AstroMicroNet,0.7619047619047619
V05_overlap_0.75,overlap_0.75,Rombach,0.6976744186046512
V07_baseline,baseline,AstroMicroNet,0.9787234042553192
V07_baseline,baseline,Rombach,0.8837209302325582
V07_noise_0.1,noise_0.1,AstroMicroNet,0.9565217391304348
V07_noise_0.1,noise_0.1,Rombach,0.8837209302325582
V07_noise_0.2,noise_0.2,AstroMicroNet,0.8936170212765957
V07_noise_0.2,noise_0.2,Rombach,0.8837209302325582
V07_overlap_0.75,overlap_0.75,AstroMicroNet,0.8461538461538461
V07_overlap_0.75,overlap_0.75,Rombach,0.8837209302325582
V08_baseline,baseline,AstroMicroNet,0.96
V08_baseline,baseline,Rombach,0.8444444444444444
V08_noise_0.1,noise_0.1,AstroMicroNet,1.0
V08_noise_0.1,noise_0.1,Rombach,0.8444444444444444
V08_noise_0.2,noise_0.2,AstroMicroNet,0.96
V08_noise_0.2,noise_0.2,Rombach,0.8444444444444444
V08_overlap_0.75,overlap_0.75,AstroMicroNet,0.8333333333333334
V08_overlap_0.75,overlap_0.75,Rombach,0.7555555555555555
V09_baseline,baseline,AstroMicroNet,0.981132075471698
V09_baseline,baseline,Rombach,0.8260869565217391
V09_noise_0.1,noise_0.1,AstroMicroNet,0.9615384615384616
V09_noise_0.1,noise_0.1,Rombach,0.8260869565217391
V09_noise_0.2,noise_0.2,AstroMicroNet,0.9019607843137256
V09_noise_0.2,noise_0.2,Rombach,0.8260869565217391
V09_overlap_0.75,overlap_0.75,AstroMicroNet,0.8679245283018868
V09_overlap_0.75,overlap_0.75,Rombach,0.782608695652174
V10_baseline,baseline,AstroMicroNet,0.9433962264150944
V10_baseline,baseline,Rombach,0.8085106382978723
V10_noise_0.1,noise_0.1,AstroMicroNet,0.9818181818181818
V10_noise_0.1,noise_0.1,Rombach,0.8085106382978723
V10_noise_0.2,noise_0.2,AstroMicroNet,0.9433962264150944
V10_noise_0.2,noise_0.2,Rombach,0.8085106382978723
V10_overlap_0.75,overlap_0.75,AstroMicroNet,0.8
V10_overlap_0.75,overlap_0.75,Rombach,0.723404255319149
V11_baseline,baseline,AstroMicroNet,0.9818181818181818
V11_baseline,baseline,Rombach,0.8085106382978723
V11_noise_0.1,noise_0.1,AstroMicroNet,0.9818181818181818
V11_noise_0.1,noise_0.1,Rombach,0.8085106382978723
V11_noise_0.2,noise_0.2,AstroMicroNet,0.9230769230769232
V11_noise_0.2,noise_0.2,Rombach,0.8085106382978723
V11_overlap_0.75,overlap_0.75,AstroMicroNet,0.9285714285714286
V11_overlap_0.75,overlap_0.75,Rombach,0.7659574468085106
V12_baseline,baseline,AstroMicroNet,1.0
V12_baseline,baseline,Rombach,0.8636363636363636
V12_noise_0.1,noise_0.1,AstroMicroNet,0.9361702127659576
V12_noise_0.1,noise_0.1,Rombach,0.8636363636363636
V12_noise_0.2,noise_0.2,AstroMicroNet,0.9166666666666666
V12_noise_0.2,noise_0.2,Rombach,0.8636363636363636
V12_overlap_0.75,overlap_0.75,AstroMicroNet,0.8301886792452831
V12_overlap_0.75,overlap_0.75,Rombach,0.7272727272727273
V13_baseline,baseline,AstroMicroNet,1.0
V13_baseline,baseline,Rombach,0.8260869565217391
V13_noise_0.1,noise_0.1,AstroMicroNet,0.981132075471698
V13_noise_0.1,noise_0.1,Rombach,0.8260869565217391
V13_noise_0.2,noise_0.2,AstroMicroNet,0.9411764705882352
V13_noise_0.2,noise_0.2,Rombach,0.8260869565217391
V13_overlap_0.75,overlap_0.75,AstroMicroNet,0.8727272727272727
V13_overlap_0.75,overlap_0.75,Rombach,0.6956521739130435
V14_baseline,baseline,AstroMicroNet,0.9629629629629628
V14_baseline,baseline,Rombach,0.8085106382978723
V14_noise_0.1,noise_0.1,AstroMicroNet,0.9818181818181818
V14_noise_0.1,noise_0.1,Rombach,0.8085106382978723
V14_noise_0.2,noise_0.2,AstroMicroNet,0.9433962264150944
V14_noise_0.2,noise_0.2,Rombach,0.8085106382978723
V14_overlap_0.75,overlap_0.75,AstroMicroNet,0.76
V14_overlap_0.75,overlap_0.75,Rombach,0.7659574468085106
V15_baseline,baseline,AstroMicroNet,1.0
V15_baseline,baseline,Rombach,0.8837209302325582
V15_noise_0.1,noise_0.1,AstroMicroNet,0.979591836734694
V15_noise_0.1,noise_0.1,Rombach,0.8837209302325582
V15_noise_0.2,noise_0.2,AstroMicroNet,0.9565217391304348
V15_noise_0.2,noise_0.2,Rombach,0.8837209302325582
V15_overlap_0.75,overlap_0.75,AstroMicroNet,0.9166666666666666
V15_overlap_0.75,overlap_0.75,Rombach,0.7906976744186046
V16_baseline,baseline,AstroMicroNet,0.9583333333333334
V16_baseline,baseline,Rombach,0.8636363636363636
V16_noise_0.1,noise_0.1,AstroMicroNet,1.0
V16_noise_0.1,noise_0.1,Rombach,0.8636363636363636
V16_noise_0.2,noise_0.2,AstroMicroNet,0.9411764705882352
V16_noise_0.2,noise_0.2,Rombach,0.8636363636363636
V16_overlap_0.75,overlap_0.75,AstroMicroNet,0.9230769230769232
V16_overlap_0.75,overlap_0.75,Rombach,0.8181818181818182
V17_baseline,baseline,AstroMicroNet,0.979591836734694
V17_baseline,baseline,Rombach,0.8636363636363636
V17_noise_0.1,noise_0.1,AstroMicroNet,0.9583333333333334
V17_noise_0.1,noise_0.1,Rombach,0.8636363636363636
V17_noise_0.2,noise_0.2,AstroMicroNet,0.9361702127659576
V17_noise_0.2,noise_0.2,Rombach,0.8636363636363636
V17_overlap_0.75,overlap_0.75,AstroMicroNet,0.9411764705882352
V17_overlap_0.75,overlap_0.75,Rombach,0.8181818181818182
V18_baseline,baseline,AstroMicroNet,0.9333333333333332
V18_baseline,baseline,Rombach,0.8837209302325582
V18_noise_0.1,noise_0.1,AstroMicroNet,0.9090909090909092
V18_noise_0.1,noise_0.1,Rombach,0.8837209302325582
V18_noise_0.2,noise_0.2,AstroMicroNet,0.8181818181818182
V18_noise_0.2,noise_0.2,Rombach,0.8837209302325582
V18_overlap_0.75,overlap_0.75,AstroMicroNet,0.723404255319149
V18_overlap_0.75,overlap_0.75,Rombach,0.8372093023255814
V20_baseline,baseline,AstroMicroNet,0.9629629629629628
V20_baseline,baseline,Rombach,0.8085106382978723
V20_noise_0.1,noise_0.1,AstroMicroNet,0.9818181818181818
V20_noise_0.1,noise_0.1,Rombach,0.8085106382978723
V20_noise_0.2,noise_0.2,AstroMicroNet,0.9230769230769232
V20_noise_0.2,noise_0.2,Rombach,0.8085106382978723
V20_overlap_0.75,overlap_0.75,AstroMicroNet,0.8214285714285714
V20_overlap_0.75,overlap_0.75,Rombach,0.7659574468085106
V19_baseline,baseline,AstroMicroNet,0.9230769230769232
V19_baseline,baseline,Rombach,0.8085106382978723
V19_noise_0.1,noise_0.1,AstroMicroNet,1.0
V19_noise_0.1,noise_0.1,Rombach,0.8085106382978723
V19_noise_0.2,noise_0.2,AstroMicroNet,0.9629629629629628
V19_noise_0.2,noise_0.2,Rombach,0.8085106382978723
V19_overlap_0.75,overlap_0.75,AstroMicroNet,0.8076923076923077
V19_overlap_0.75,overlap_0.75,Rombach,0.8085106382978723
V01_baseline,baseline,BE,0.8620689655172413
V01_noise_0.1,noise_0.1,BE,0.746268656716418
V01_noise_0.2,noise_0.2,BE,0.625
V01_overlap_0.75,overlap_0.75,BE,0.7692307692307693
V02_baseline,baseline,BE,0.7941176470588235
V02_noise_0.1,noise_0.1,BE,0.6506024096385542
V02_noise_0.2,noise_0.2,BE,0.5684210526315789
V02_overlap_0.75,overlap_0.75,BE,0.782608695652174
V03_baseline,baseline,BE,0.8928571428571429
V03_noise_0.1,noise_0.1,BE,0.8333333333333334
V03_noise_0.2,noise_0.2,BE,0.8620689655172413
V03_overlap_0.75,overlap_0.75,BE,0.6493506493506493
V04_baseline,baseline,BE,0.4912280701754385
V04_noise_0.1,noise_0.1,BE,0.6746987951807228
V04_noise_0.2,noise_0.2,BE,0.8235294117647058
V04_overlap_0.75,overlap_0.75,BE,0.8115942028985508
V05_baseline,baseline,BE,0.6857142857142857
V05_noise_0.1,noise_0.1,BE,0.7741935483870968
V05_noise_0.2,noise_0.2,BE,0.75
V05_overlap_0.75,overlap_0.75,BE,0.5393258426966292
V06_baseline,baseline,BE,0.684931506849315
V06_noise_0.1,noise_0.1,BE,0.6410256410256411
V06_noise_0.2,noise_0.2,BE,0.7246376811594203
V06_overlap_0.75,overlap_0.75,BE,0.7692307692307693
V07_baseline,baseline,BE,0.8275862068965517
V07_noise_0.1,noise_0.1,BE,0.6857142857142857
V07_noise_0.2,noise_0.2,BE,0.6956521739130435
V07_overlap_0.75,overlap_0.75,BE,0.7741935483870968
V08_baseline,baseline,BE,0.6933333333333334
V08_noise_0.1,noise_0.1,BE,0.8125
V08_noise_0.2,noise_0.2,BE,0.8524590163934426
V08_overlap_0.75,overlap_0.75,BE,0.6341463414634146
V09_baseline,baseline,BE,0.8571428571428571
V09_noise_0.1,noise_0.1,BE,0.8852459016393442
V09_noise_0.2,noise_0.2,BE,0.6666666666666666
V09_overlap_0.75,overlap_0.75,BE,0.8181818181818182
V10_baseline,baseline,BE,0.9333333333333332
V10_noise_0.1,noise_0.1,BE,0.8484848484848485
V10_noise_0.2,noise_0.2,BE,0.7368421052631579
V10_overlap_0.75,overlap_0.75,BE,0.6829268292682927
V11_baseline,baseline,BE,0.835820895522388
V11_noise_0.1,noise_0.1,BE,0.8484848484848485
V11_noise_0.2,noise_0.2,BE,0.7466666666666667
V11_overlap_0.75,overlap_0.75,BE,0.8888888888888888
V12_baseline,baseline,BE,0.7352941176470589
V12_noise_0.1,noise_0.1,BE,0.847457627118644
V12_noise_0.2,noise_0.2,BE,0.6578947368421053
V12_overlap_0.75,overlap_0.75,BE,0.78125
V13_baseline,baseline,BE,0.9
V13_noise_0.1,noise_0.1,BE,0.8181818181818182
V13_noise_0.2,noise_0.2,BE,0.8307692307692308
V13_overlap_0.75,overlap_0.75,BE,0.72
V14_baseline,baseline,BE,0.8888888888888888
V14_noise_0.1,noise_0.1,BE,0.835820895522388
V14_noise_0.2,noise_0.2,BE,0.691358024691358
V14_overlap_0.75,overlap_0.75,BE,0.9032258064516128
V15_baseline,baseline,BE,0.9411764705882352
V15_noise_0.1,noise_0.1,BE,0.7058823529411765
V15_noise_0.2,noise_0.2,BE,0.5333333333333333
V15_overlap_0.75,overlap_0.75,BE,0.7384615384615385
V16_baseline,baseline,BE,0.78125
V16_noise_0.1,noise_0.1,BE,0.5747126436781609
V16_noise_0.2,noise_0.2,BE,0.6944444444444444
V16_overlap_0.75,overlap_0.75,BE,0.6578947368421053
V17_baseline,baseline,BE,0.6097560975609756
V17_noise_0.1,noise_0.1,BE,0.7352941176470589
V17_noise_0.2,noise_0.2,BE,0.7142857142857143
V17_overlap_0.75,overlap_0.75,BE,0.6493506493506493
V18_baseline,baseline,BE,0.6857142857142857
V18_noise_0.1,noise_0.1,BE,0.7384615384615385
V18_noise_0.2,noise_0.2,BE,0.7384615384615385
V18_overlap_0.75,overlap_0.75,BE,0.8421052631578947
V19_baseline,baseline,BE,0.8235294117647058
V19_noise_0.1,noise_0.1,BE,0.8484848484848485
V19_noise_0.2,noise_0.2,BE,0.7272727272727273
V19_overlap_0.75,overlap_0.75,BE,0.8615384615384616
V20_baseline,baseline,BE,0.8888888888888888
V20_noise_0.1,noise_0.1,BE,0.9333333333333332
V20_noise_0.2,noise_0.2,BE,0.9032258064516128
V20_overlap_0.75,overlap_0.75,BE,0.8615384615384616
